trade_date,strategy,regime,active_hedging_day,regime_evaluation_day,hedge_eligible_day,hedge_executed_day,no_hedge_reason,spot,risk_free_rate,base_cycle_index,is_base_entry_day,is_base_expiry_day,liquidation_applied,base_contract_id,base_expiry,base_strike,base_dte,base_option_price_per_share,base_delta_per_share,base_gamma_per_share,base_vega_per_share,base_theta_per_share,base_contracts_held,base_trade_contracts,selected_hedge_id,targeted_greek,pre_delta,pre_gamma,pre_vega,pre_theta,hedge_contracts_theory,hedge_contracts_actual,stock_position_theory,stock_position_actual,stock_trade_shares,stock_position_after_trade,post_delta,post_gamma,post_vega,post_theta,base_trade_cashflow,option_liquidation_cashflow,stock_liquidation_cashflow,option_trade_cashflow,stock_trade_cashflow,total_trade_cashflow,cumulative_cash_outflow_before_interest,interest_cost,cumulative_cash_outflow_after_interest,gross_option_turnover_contracts,gross_hedge_option_turnover_contracts,pre_greek_abs_sum,gross_live_option_exposure,gross_stock_turnover_shares,hedge_trade_count,residual_objective
2025-12-12,delta,medium,True,True,True,True,executed,226.19000244140625,0.03525000095367432,1,True,False,False,2026-01-11|225.0|call,2026-01-11,225.0,30,5.048122778292949,0.5805940131378168,0.038224879253191124,25.340359254575176,-28.753457766017846,-1000.0,-1000.0,,delta,-58059.40131378168,-3822.4879253191125,-2534035.9254575176,2875345.7766017844,,0.0,58059.40131378168,58100.0,58100.0,58100.0,40.598686218319926,-3822.4879253191125,-2534035.9254575176,2875345.7766017844,-504812.27782929497,0.0,0.0,0.0,13141639.141845703,12636826.864016408,12636826.864016408,1767.6514246349032,12638594.515441043,0.0,0.0,2595917.8146966184,1000.0,58100.0,0,40.598686218319926
2025-12-15,delta,medium,True,True,True,True,executed,222.5399932861328,0.03538000106811524,1,False,False,False,2026-01-11|225.0|call,2026-01-11,225.0,27,3.14242819246833,0.43495427911047535,0.03933142862284237,23.8247983947453,-29.940943870017797,-1000.0,0.0,,delta,14604.572088952467,-3933.142862284237,-2382479.83947453,2994094.38700178,,0.0,43495.42791104753,43500.0,-14600.0,43500.0,4.572088952467311,-3933.142862284237,-2382479.83947453,2994094.38700178,0.0,0.0,0.0,0.0,-3249083.901977539,-3249083.901977539,9389510.613463504,1318.2575219580085,9390828.870985461,0.0,0.0,2401017.5544257667,1000.0,14600.0,0,4.572088952467311
2025-12-16,delta,medium,True,True,True,True,executed,222.55999755859375,0.03545000076293945,1,False,False,False,2026-01-11|225.0|call,2026-01-11,225.0,26,3.0625373139032632,0.4332369538309996,0.0401140619383698,23.364608264535818,-30.382490743152413,-1000.0,0.0,,delta,176.3046169000445,-4011.4061938369796,-2336460.826453582,3038249.0743152415,,0.0,43323.695383099956,43300.0,-200.0,43300.0,-23.695383099955507,-4011.4061938369796,-2336460.826453582,3038249.0743152415,0.0,0.0,0.0,0.0,-44511.99951171875,-44511.99951171875,9346316.871473743,1314.7894453349923,9347631.660919078,0.0,0.0,2340648.537264319,1000.0,200.0,0,23.695383099955507
2025-12-17,delta,medium,True,True,True,True,executed,221.27000427246094,0.035429999828338624,1,False,False,False,2026-01-11|225.0|call,2026-01-11,225.0,25,2.7142293085765345,0.38750363925483566,0.0374208261101117,22.17764080397053,-31.553689174339013,-1000.0,0.0,,delta,4549.636074516435,-3742.0826110111702,-2217764.080397053,3155368.917433901,,0.0,38750.363925483565,38800.0,-4500.0,38800.0,49.636074516434746,-3742.0826110111702,-2217764.080397053,3155368.917433901,0.0,0.0,0.0,0.0,-995715.0192260742,-995715.0192260742,8351916.6416930035,1174.2397031011174,8353090.881396105,0.0,0.0,2226055.799082581,1000.0,4500.0,0,49.636074516434746
2025-12-18,delta,medium,True,True,True,True,executed,226.75999450683594,0.03522000074386597,1,False,False,False,2026-01-11|225.0|call,2026-01-11,225.0,24,5.139055925028828,0.6007553120117941,0.03936902523322273,22.453402379152635,-33.418090424900264,-1000.0,0.0,,delta,-21275.53120117941,-3936.902523322273,-2245340.2379152635,3341809.0424900264,,0.0,60075.53120117941,60100.0,21300.0,60100.0,24.468798820591473,-3936.902523322273,-2245340.2379152635,3341809.0424900264,0.0,0.0,0.0,0.0,4829987.8829956055,4829987.8829956055,13183078.76439171,1842.4922376520622,13184921.25662936,0.0,0.0,2270552.671639765,1000.0,21300.0,0,24.468798820591473
2025-12-19,delta,low,True,True,True,True,executed,227.35000610351562,0.03522000074386597,1,False,False,False,2026-01-11|225.0|call,2026-01-11,225.0,23,4.988063029520646,0.6389067541641391,0.044000768327489996,21.373395067215146,-30.23301632402786,-1000.0,0.0,,delta,-3790.675416413913,-4400.076832749,-2137339.5067215147,3023301.632402786,,0.0,63890.67541641391,63900.0,3800.0,63900.0,9.324583586087101,-4400.076832749,-2137339.5067215147,3023301.632402786,0.0,0.0,0.0,0.0,863930.0231933594,863930.0231933594,14048851.27982272,1963.4942560548357,14050814.774078775,0.0,0.0,2145530.258970678,1000.0,3800.0,0,9.324583586087101
2025-12-22,delta,low,True,True,True,True,executed,228.42999267578125,0.03528000116348266,1,False,False,False,2026-01-11|225.0|call,2026-01-11,225.0,20,5.301416341534264,0.7033349715205598,0.04593312442269197,18.49724595718397,-29.25380256505204,-1000.0,0.0,,delta,-6433.4971520559775,-4593.312442269197,-1849724.595718397,2925380.256505204,,0.0,70333.49715205598,70300.0,6400.0,70300.0,-33.497152055977494,-4593.312442269197,-1849724.595718397,2925380.256505204,0.0,0.0,0.0,0.0,1461951.953125,1461951.953125,15512766.727203775,2171.7874134308904,15514938.514617207,0.0,0.0,1860751.4053127223,1000.0,6400.0,0,33.497152055977494
2025-12-23,delta,low,True,True,True,True,executed,232.13999938964844,0.03546999931335449,1,False,False,False,2026-01-11|225.0|call,2026-01-11,225.0,19,8.13021832554665,0.8524729331231952,0.030953185753020147,12.21256379634211,-23.2298610240099,-1000.0,0.0,,delta,-14947.29331231951,-3095.318575302015,-1221256.379634211,2322986.1024009897,,0.0,85247.29331231951,85200.0,14900.0,85200.0,-47.29331231951073,-3095.318575302015,-1221256.379634211,2322986.1024009897,0.0,0.0,0.0,0.0,3458885.9909057617,3458885.9909057617,18973824.505522966,2670.6410404071758,18976495.146563374,0.0,0.0,1239298.9915218325,1000.0,14900.0,0,47.29331231951073
2025-12-24,delta,low,True,True,True,True,executed,232.3800048828125,0.035550000667572024,1,False,False,False,2026-01-11|225.0|call,2026-01-11,225.0,18,8.215650526641866,0.8744123934504451,0.029579474928131854,10.657832071870521,-21.551991779583517,-1000.0,0.0,,delta,-2241.239345044509,-2957.9474928131854,-1065783.2071870521,2155199.1779583516,,0.0,87441.23934504451,87400.0,2200.0,87400.0,-41.23934504450881,-2957.9474928131854,-1065783.2071870521,2155199.1779583516,0.0,0.0,0.0,0.0,511236.0107421875,511236.0107421875,19487731.15730556,2749.162125601892,19490480.319431163,0.0,0.0,1070982.3940249097,1000.0,2200.0,0,41.23934504450881
2025-12-26,delta,low,True,True,True,True,executed,232.52000427246094,0.035429999828338624,1,False,False,False,2026-01-11|225.0|call,2026-01-11,225.0,16,8.232010678122691,0.8885888302184435,0.028557938984187743,9.2380675393577,-21.411070239431645,-1000.0,0.0,,delta,-1458.8830218443472,-2855.7938984187745,-923806.7539357701,2141107.0239431644,,0.0,88858.88302184435,88900.0,1500.0,88900.0,41.11697815565276,-2855.7938984187745,-923806.7539357701,2141107.0239431644,0.0,0.0,0.0,0.0,348780.0064086914,348780.0064086914,19839260.325839855,2789.3055156304417,19842049.631355487,0.0,0.0,928121.4308560332,1000.0,1500.0,0,41.11697815565276
2025-12-29,delta,low,True,True,True,True,executed,232.07000732421875,0.03538000106811524,1,False,False,False,2026-01-11|225.0|call,2026-01-11,225.0,13,7.697240342302081,0.8874882709242655,0.030685411960888514,8.369586683669066,-23.72184618607103,-1000.0,0.0,,delta,151.17290757344745,-3068.5411960888514,-836958.6683669066,2372184.618607103,,0.0,88748.82709242655,88700.0,-200.0,88700.0,-48.827092426552554,-3068.5411960888514,-836958.6683669066,2372184.618607103,0.0,0.0,0.0,0.0,-46414.00146484375,-46414.00146484375,19795635.629890643,2779.244483053774,19798414.874373697,0.0,0.0,840178.3824705689,1000.0,200.0,0,48.827092426552554
2025-12-30,delta,low,True,True,True,True,executed,232.52999877929688,0.03539999961853027,1,False,False,False,2026-01-11|225.0|call,2026-01-11,225.0,12,8.056813528461987,0.9070741318234465,0.027485171515750875,7.011039194192937,-22.48178393490493,-1000.0,0.0,,delta,-2007.4131823446514,-2748.5171515750876,-701103.9194192936,2248178.393490493,,0.0,90707.41318234465,90700.0,2000.0,90700.0,-7.413182344651432,-2748.5171515750876,-701103.9194192936,2248178.393490493,0.0,0.0,0.0,0.0,465059.99755859375,465059.99755859375,20263474.87193229,2846.535725144844,20266321.407657437,0.0,0.0,705859.8497532133,1000.0,2000.0,0,7.413182344651432
2025-12-31,delta,low,True,True,True,True,executed,230.82000732421875,0.03546999931335449,1,False,False,False,2026-01-11|225.0|call,2026-01-11,225.0,11,6.527681094865073,0.8507450510769481,0.038848721970342656,9.3117686448059,-29.796420117918455,-1000.0,0.0,,delta,5625.494892305185,-3884.872197034266,-931176.86448059,2979642.0117918453,,0.0,85074.50510769481,85100.0,-5600.0,85100.0,25.494892305185203,-3884.872197034266,-931176.86448059,2979642.0117918453,0.0,0.0,0.0,0.0,-1292592.041015625,-1292592.041015625,18973729.366641812,2670.6276492323773,18976399.994291045,0.0,0.0,940687.2315699294,1000.0,5600.0,0,25.494892305185203
2026-01-02,delta,low,True,True,True,True,executed,226.5,0.03532999992370606,1,False,False,False,2026-01-11|225.0|call,2026-01-11,225.0,9,2.9933091875612945,0.6345576362453615,0.07348092029645537,13.374094719794074,-43.99224337708181,-1000.0,0.0,,delta,21644.236375463843,-7348.092029645537,-1337409.4719794074,4399224.337708182,,0.0,63455.76362453616,63500.0,-21600.0,63500.0,44.236375463842705,-7348.092029645537,-1337409.4719794074,4399224.337708182,0.0,0.0,0.0,0.0,-4892400.0,-4892400.0,14083999.994291045,1974.5544393800742,14085974.548730426,0.0,0.0,1366401.8003845168,1000.0,21600.0,0,44.236375463842705
2026-01-05,delta,low,True,True,True,True,executed,233.05999755859375,0.03515000104904175,1,False,False,False,2026-01-11|225.0|call,2026-01-11,225.0,6,8.241182782684461,0.9703764226714584,0.015157380191568997,2.0119837299627754,-16.757632452680934,-1000.0,0.0,,delta,-33537.64226714584,-1515.7380191568996,-201198.37299627755,1675763.2452680934,,0.0,97037.64226714584,97000.0,33500.0,97000.0,-37.6422671458422,-1515.7380191568996,-201198.37299627755,1675763.2452680934,0.0,0.0,0.0,0.0,7807509.918212891,7807509.918212891,21893484.466943316,3053.7936586517335,21896538.260601968,0.0,0.0,236251.7532825803,1000.0,33500.0,0,37.6422671458422
2026-01-06,delta,low,True,True,True,True,executed,240.92999267578125,0.03519999980926514,1,False,False,False,2026-01-11|225.0|call,2026-01-11,225.0,5,16.0384935665748,0.9999644574567274,3.564828170986747e-05,0.004208983044528572,-7.9386905833345045,-1000.0,0.0,,delta,-2996.4457456727396,-3.5648281709867473,-420.8983044528572,793869.0583334505,,0.0,99996.44574567274,100000.0,3000.0,100000.0,3.5542543272604235,-3.5648281709867473,-420.8983044528572,793869.0583334505,0.0,0.0,0.0,0.0,722789.9780273438,722789.9780273438,22619328.23862931,3159.5251971645125,22622487.763826475,0.0,0.0,3420.9088782965837,1000.0,3000.0,0,3.5542543272604235
2026-01-07,delta,medium,True,True,True,False,no_candidate_option,241.55999755859375,0.03515000104904175,1,False,False,False,2026-01-11|225.0|call,2026-01-11,225.0,4,16.646656230704792,0.999994939092464,5.976275951251517e-06,0.0005915475597781066,-7.909838884964341,-1000.0,0.0,,delta,0.5060907536098966,-0.5976275951251516,-59.15475597781066,790983.8884964341,,0.0,99999.49390924639,100000.0,0.0,100000.0,0.5060907536098966,-0.5976275951251516,-59.15475597781066,790983.8884964341,0.0,0.0,0.0,0.0,0.0,0.0,22622487.763826475,3155.478050120773,22625643.241876595,0.0,0.0,60.25847432654571,1000.0,0.0,0,0.5060907536098966
2026-01-08,delta,medium,True,True,True,False,no_candidate_option,246.2899932861328,0.035069999694824217,1,False,False,False,2026-01-11|225.0|call,2026-01-11,225.0,3,21.35483941877129,0.99999999992806,1.3532758885131946e-10,1.0538876362321726e-08,-7.888475877005549,-1000.0,0.0,,delta,7.194001227617264e-06,-1.3532758885131946e-05,-0.0010538876362321725,788847.5877005549,,0.0,99999.999992806,100000.0,0.0,100000.0,7.194001227617264e-06,-1.3532758885131946e-05,-0.0010538876362321725,788847.5877005549,0.0,0.0,0.0,0.0,0.0,0.0,22625643.241876595,3148.735323761166,22628791.977200355,0.0,0.0,0.0010746143963449217,1000.0,0.0,0,7.194001227617264e-06
2026-01-09,delta,low,True,True,True,False,no_candidate_option,247.3800048828125,0.03513000011444092,1,False,False,False,2026-01-11|225.0|call,2026-01-11,225.0,2,22.423311673593673,1.0,3.0068217311079903e-18,1.4769715239461546e-16,-7.90272865818411,-1000.0,0.0,,delta,0.0,-3.0068217311079903e-13,-1.4769715239461548e-11,790272.865818411,,0.0,100000.0,100000.0,0.0,100000.0,0.0,-3.0068217311079903e-13,-1.4769715239461548e-11,790272.865818411,0.0,0.0,0.0,0.0,0.0,0.0,22628791.977200355,3154.5613680504293,22631946.538568407,0.0,0.0,1.5070397412572347e-11,1000.0,0.0,0,0.0
2026-01-12,delta,medium,True,True,True,True,executed,246.47000122070312,0.03532999992370606,2,True,True,True,2026-02-11|245.0|call,2026-02-11,245.0,30,5.429561123376942,0.5895303794865926,0.03633098687727738,27.476676714295134,-30.260080116517422,-1000.0,-1000.0,,delta,-58953.03794865926,-3633.098687727738,-2747667.6714295135,3026008.0116517423,,0.0,58953.03794865926,59000.0,59000.0,59000.0,46.96205134074262,-3633.098687727738,-2747667.6714295135,3026008.0116517423,-542956.1123376942,0.0,-24647000.122070312,0.0,14541730.072021484,-10648226.162386522,11983720.376181886,1680.0985713342093,11985400.47475322,0.0,0.0,2810253.8080659006,1000.0,59000.0,0,46.96205134074262
2026-01-13,delta,medium,True,True,True,True,executed,242.60000610351562,0.03559999942779541,2,False,False,False,2026-02-11|245.0|call,2026-02-11,245.0,29,3.584449953693877,0.44718501359089824,0.03609511747516977,27.04115347161145,-30.997938432608787,-1000.0,0.0,,delta,14281.498640910177,-3609.511747516977,-2704115.347161145,3099793.8432608787,,0.0,44718.50135908982,44700.0,-14300.0,44700.0,-18.50135908982338,-3609.511747516977,-2704115.347161145,3099793.8432608787,0.0,0.0,0.0,0.0,-3469180.0872802734,-3469180.0872802734,8516220.387472946,1203.0850830199067,8517423.472555965,0.0,0.0,2722006.357549572,1000.0,14300.0,0,18.50135908982338
2026-01-14,delta,medium,True,True,True,True,executed,236.64999389648438,0.03559999942779541,2,False,False,False,2026-02-11|245.0|call,2026-02-11,245.0,28,1.6585314371335471,0.2550750924743519,0.02897409873548472,21.050361952833427,-25.292455963490738,-1000.0,0.0,,delta,19192.490752564812,-2897.4098735484718,-2105036.1952833426,2529245.596349074,,0.0,25507.509247435188,25500.0,-19200.0,25500.0,-7.509247435187717,-2897.4098735484718,-2105036.1952833426,2529245.596349074,0.0,0.0,0.0,0.0,-4543679.8828125,-4543679.8828125,3973743.589743465,561.3701171471153,3974304.959860612,0.0,0.0,2127126.095909456,1000.0,19200.0,0,7.509247435187717
2026-01-15,delta,medium,True,True,True,True,executed,238.17999267578125,0.03565000057220459,2,False,False,False,2026-02-11|245.0|call,2026-02-11,245.0,27,1.7950802088770814,0.284983313837035,0.03284589590014979,21.992219008480813,-26.073645046766273,-1000.0,0.0,,delta,-2998.331383703502,-3284.589590014979,-2199221.9008480813,2607364.5046766275,,0.0,28498.331383703502,28500.0,3000.0,28500.0,1.6686162964979303,-3284.589590014979,-2199221.9008480813,2607364.5046766275,0.0,0.0,0.0,0.0,714539.9780273438,714539.9780273438,4688844.937887955,663.3227171376358,4689508.260605093,0.0,0.0,2205504.8218218,1000.0,3000.0,0,1.6686162964979303
2026-01-16,delta,medium,True,True,True,True,executed,239.1199951171875,0.035569999217987064,2,False,False,False,2026-02-11|245.0|call,2026-02-11,245.0,26,2.0001458638733993,0.3121226726046157,0.03476017621956814,22.582013194719327,-27.86614731405701,-1000.0,0.0,,delta,-2712.267260461569,-3476.017621956814,-2258201.3194719325,2786614.731405701,,0.0,31212.26726046157,31200.0,2700.0,31200.0,-12.267260461569094,-3476.017621956814,-2258201.3194719325,2786614.731405701,0.0,0.0,0.0,0.0,645623.9868164062,645623.9868164062,5335132.247421499,753.0581343993663,5335885.305555899,0.0,0.0,2264389.604354351,1000.0,2700.0,0,12.267260461569094
2026-01-20,delta,medium,True,True,True,True,executed,231.0,0.03572000026702881,2,False,False,False,2026-02-11|245.0|call,2026-02-11,245.0,22,0.763617658599518,0.13390769706582673,0.018683211382439585,12.244790927258224,-21.776079701051085,-1000.0,0.0,,delta,17809.230293417328,-1868.3211382439586,-1224479.0927258225,2177607.9701051083,,0.0,13390.769706582672,13400.0,-17800.0,13400.0,9.23029341732763,-1868.3211382439586,-1224479.0927258225,2177607.9701051083,0.0,0.0,0.0,0.0,-4111800.0,-4111800.0,1224085.3055558987,173.50923587826486,1224258.814791777,0.0,0.0,1244156.6441574837,1000.0,17800.0,0,9.23029341732763
2026-01-21,delta,medium,True,True,True,True,executed,231.30999755859375,0.03588000059127808,2,False,False,False,2026-02-11|245.0|call,2026-02-11,245.0,21,0.40002442028820795,0.09194898396983792,0.017362859621278336,9.154208096044774,-14.374149408980065,-1000.0,0.0,,delta,4205.101603016208,-1736.2859621278335,-915420.8096044775,1437414.9408980065,,0.0,9194.898396983792,9200.0,-4200.0,9200.0,5.101603016208173,-1736.2859621278335,-915420.8096044775,1437414.9408980065,0.0,0.0,0.0,0.0,-971501.9897460938,-971501.9897460938,252756.8250456832,35.987758063843984,252792.81280374705,0.0,0.0,921362.1971696215,1000.0,4200.0,0,5.101603016208173
2026-01-22,delta,medium,True,True,True,True,executed,234.33999633789062,0.03588000059127808,2,False,False,False,2026-02-11|245.0|call,2026-02-11,245.0,20,0.5480925482541608,0.12871839602944918,0.024268532783345172,11.524872764920516,-17.659693107521417,-1000.0,0.0,,delta,-3671.8396029449177,-2426.853278334517,-1152487.2764920515,1765969.3107521418,,0.0,12871.839602944918,12900.0,3700.0,12900.0,28.160397055082285,-2426.853278334517,-1152487.2764920515,1765969.3107521418,0.0,0.0,0.0,0.0,867057.9864501953,867057.9864501953,1119850.7992539424,159.44542594989954,1120010.2446798924,0.0,0.0,1158585.969373331,1000.0,3700.0,0,28.160397055082285
2026-01-23,delta,medium,True,True,True,True,executed,239.16000366210938,0.03582000017166138,2,False,False,False,2026-02-11|245.0|call,2026-02-11,245.0,19,1.4892445889325217,0.27878075630459603,0.038164115906158994,18.329157847742792,-30.73377165321913,-1000.0,0.0,,delta,-14978.075630459603,-3816.4115906158995,-1832915.7847742792,3073377.165321913,,0.0,27878.075630459603,27900.0,15000.0,27900.0,21.924369540396583,-3816.4115906158995,-1832915.7847742792,3073377.165321913,0.0,0.0,0.0,0.0,3587400.0549316406,3587400.0549316406,4707410.299611533,669.1247529371652,4708079.42436447,0.0,0.0,1851710.2719953547,1000.0,15000.0,0,21.924369540396583
2026-01-26,delta,medium,True,True,True,True,executed,238.4199981689453,0.03575000047683716,2,False,False,False,2026-02-11|245.0|call,2026-02-11,245.0,16,1.059537151271293,0.229530736383592,0.03754976730630737,15.14014700841024,-29.86219364536475,-1000.0,0.0,,delta,4946.926361640799,-3754.976730630737,-1514014.700841024,2986219.364536475,,0.0,22953.0736383592,23000.0,-4900.0,23000.0,46.92636164079886,-3754.976730630737,-1514014.700841024,2986219.364536475,0.0,0.0,0.0,0.0,-1168257.991027832,-1168257.991027832,3539821.433336638,502.1770552766,3540323.6103919144,0.0,0.0,1522716.6039332957,1000.0,4900.0,0,46.92636164079886
2026-01-27,delta,medium,True,True,True,True,executed,244.67999267578125,0.03569999933242798,2,False,False,False,2026-02-11|245.0|call,2026-02-11,245.0,15,3.2341300467926857,0.5085084634909847,0.04949403443086724,19.783764531868826,-43.43221360223605,-1000.0,0.0,,delta,-27850.846349098465,-4949.403443086724,-1978376.4531868827,4343221.360223604,,0.0,50850.846349098465,50900.0,27900.0,50900.0,49.153650901535,-4949.403443086724,-1978376.4531868827,4343221.360223604,0.0,0.0,0.0,0.0,6826571.795654297,6826571.795654297,10366895.406046212,1468.6434883936527,10368364.049534606,0.0,0.0,2011176.7029790678,1000.0,27900.0,0,49.153650901535
2026-01-28,delta,medium,True,True,True,True,executed,243.00999450683594,0.03582000017166138,2,False,False,False,2026-02-11|245.0|call,2026-02-11,245.0,14,2.342813752996321,0.4219582758292515,0.05052886158687494,18.622339876817385,-43.0875452278512,-1000.0,0.0,,delta,8704.17241707485,-5052.886158687494,-1862233.9876817386,4308754.52278512,,0.0,42195.82758292515,42200.0,-8700.0,42200.0,4.172417074849363,-5052.886158687494,-1862233.9876817386,4308754.52278512,0.0,0.0,0.0,0.0,-2114186.9522094727,-2114186.9522094727,8254177.097325133,1173.2723215996416,8255350.369646733,0.0,0.0,1875991.046257501,1000.0,8700.0,0,4.172417074849363
2026-01-29,delta,medium,True,True,True,True,executed,241.72999572753906,0.035799999237060544,2,False,False,False,2026-02-11|245.0|call,2026-02-11,245.0,13,1.8233717684944963,0.3566711292695868,0.04861220944428223,17.012155288438933,-43.18018051648535,-1000.0,0.0,,delta,6532.8870730413255,-4861.220944428223,-1701215.5288438932,4318018.051648535,,0.0,35667.112926958675,35700.0,-6500.0,35700.0,32.88707304132549,-4861.220944428223,-1701215.5288438932,4318018.051648535,0.0,0.0,0.0,0.0,-1571244.972229004,-1571244.972229004,6684105.397417729,949.5673338412182,6685054.96475157,0.0,0.0,1712609.6368613627,1000.0,6500.0,0,32.88707304132549
2026-01-30,delta,medium,True,True,True,True,executed,239.3000030517578,0.03572000026702881,2,False,False,False,2026-02-11|245.0|call,2026-02-11,245.0,12,1.076457300026263,0.24430926118156454,0.04153940790323772,13.619473349784112,-38.12168337034295,-1000.0,0.0,,delta,11269.073881843546,-4153.9407903237725,-1361947.3349784112,3812168.337034295,,0.0,24430.926118156454,24400.0,-11300.0,24400.0,-30.926118156454322,-4153.9407903237725,-1361947.3349784112,3812168.337034295,0.0,0.0,0.0,0.0,-2704090.0344848633,-2704090.0344848633,3980964.9302667063,564.2859856038059,3981529.21625231,0.0,0.0,1377370.3496505786,1000.0,11300.0,0,30.926118156454322
2026-02-02,delta,medium,True,True,True,True,executed,242.9600067138672,0.03578000068664551,2,False,False,False,2026-02-11|245.0|call,2026-02-11,245.0,9,1.6707012855683416,0.3893244159101076,0.06200588710674689,14.630653277021809,-51.41918743294182,-1000.0,0.0,,delta,-14532.441591010756,-6200.5887106746895,-1463065.327702181,5141918.743294182,,0.0,38932.44159101076,38900.0,14500.0,38900.0,-32.44159101075638,-6200.5887106746895,-1463065.327702181,5141918.743294182,0.0,0.0,0.0,0.0,3522920.097351074,3522920.097351074,7504449.313603384,1065.5127047366093,7505514.826308121,0.0,0.0,1483798.3580038664,1000.0,14500.0,0,32.44159101075638
2026-02-03,delta,medium,True,True,True,True,executed,238.6199951171875,0.03589999914169312,2,False,False,False,2026-02-11|245.0|call,2026-02-11,245.0,8,0.5727665053014732,0.17093235005255852,0.040065941377599515,8.970961023603827,-38.16051047430806,-1000.0,0.0,,delta,21806.764994744146,-4006.5941377599515,-897096.1023603827,3816051.0474308063,,0.0,17093.235005255854,17100.0,-21800.0,17100.0,6.764994744145952,-4006.5941377599515,-897096.1023603827,3816051.0474308063,0.0,0.0,0.0,0.0,-5201915.8935546875,-5201915.8935546875,2303598.9327534335,328.1714274152915,2303927.1041808487,0.0,0.0,922909.4614928868,1000.0,21800.0,0,6.764994744145952
2026-02-04,delta,medium,True,True,True,True,executed,232.99000549316406,0.0359500002861023,2,False,False,False,2026-02-11|245.0|call,2026-02-11,245.0,7,0.06580558212920273,0.028608020542773952,0.010842646031889442,2.110477423203711,-10.52478709213441,-1000.0,0.0,,delta,14239.197945722604,-1084.2646031889442,-211047.74232037112,1052478.709213441,,0.0,2860.802054277395,2900.0,-14200.0,2900.0,39.1979457226048,-1084.2646031889442,-211047.74232037112,1052478.709213441,0.0,0.0,0.0,0.0,-3308458.0780029297,-3308458.0780029297,-1004530.973822081,-143.3051142710414,-1004674.278936352,0.0,0.0,226371.20486928266,1000.0,14200.0,0,39.1979457226048
2026-02-05,delta,medium,True,True,True,True,executed,222.69000244140625,0.03578000068664551,2,False,False,False,2026-02-11|245.0|call,2026-02-11,245.0,6,0.0007028904725649987,0.00042923913543118486,0.00024440997626695195,0.04405149512597614,-0.29964210534545926,-1000.0,0.0,,delta,2857.0760864568815,-24.440997626695196,-4405.149512597614,29964.210534545928,,0.0,42.92391354311849,0.0,-2900.0,0.0,-42.92391354311849,-24.440997626695196,-4405.149512597614,29964.210534545928,0.0,0.0,0.0,0.0,-645801.0070800781,-645801.0070800781,-1650475.2860164302,-234.34129709110843,-1650709.6273135215,0.0,0.0,7286.666596681191,1000.0,2900.0,0,42.92391354311849
2026-02-06,delta,medium,True,True,True,False,no_candidate_option,210.32000732421875,0.03589999914169312,2,False,False,False,2026-02-11|245.0|call,2026-02-11,245.0,5,2.6583212737215253e-10,3.340301557685995e-10,4.086256442648676e-10,5.203124221981574e-08,-4.0159011720480424e-07,-1000.0,0.0,,delta,-3.340301557685995e-05,-4.086256442648676e-05,-0.005203124221981574,0.04015901172048043,,0.0,3.340301557685995e-05,0.0,0.0,0.0,-3.340301557685995e-05,-4.086256442648676e-05,-0.005203124221981574,0.04015901172048043,0.0,0.0,0.0,0.0,0.0,0.0,-1650709.6273135215,-235.16061191960313,-1650944.787925441,0.0,0.0,0.005277389801984921,1000.0,0.0,0,3.340301557685995e-05
2026-02-09,delta,medium,True,True,True,False,already_within_tolerance,208.72000122070312,0.035929999351501464,2,False,False,False,2026-02-11|245.0|call,2026-02-11,245.0,2,1.4486313595389313e-34,6.426857331615716e-34,2.8294708956839422e-33,1.2079862641454173e-31,-1.97626721175861e-30,-1000.0,0.0,,delta,-6.426857331615715e-29,-2.8294708956839424e-28,-1.2079862641454173e-26,1.9762672117586099e-25,,0.0,6.426857331615715e-29,0.0,0.0,0.0,-6.426857331615715e-29,-2.8294708956839424e-28,-1.2079862641454173e-26,1.9762672117586099e-25,0.0,0.0,0.0,0.0,0.0,0.0,-1650944.787925441,-235.3906553949437,-1651180.178580836,0.0,0.0,1.2427078304338724e-26,1000.0,0.0,0,6.426857331615715e-29
2026-02-10,delta,medium,True,True,True,False,already_within_tolerance,206.9600067138672,0.03589999914169312,2,False,False,False,2026-02-11|245.0|call,2026-02-11,245.0,1,2.7094443352648896e-70,2.411710493380372e-69,2.138707494730944e-68,4.6029211570010633e-67,-1.5424216184486576e-65,-1000.0,0.0,,delta,-2.411710493380372e-64,-2.1387074947309438e-63,-4.602921157001063e-62,1.5424216184486577e-60,,0.0,2.411710493380372e-64,0.0,0.0,0.0,-2.411710493380372e-64,-2.1387074947309438e-63,-4.602921157001063e-62,1.5424216184486577e-60,0.0,0.0,0.0,0.0,0.0,0.0,-1651180.178580836,-235.22764680092342,-1651415.4062276368,0.0,0.0,4.8409090114079615e-62,1000.0,0.0,0,2.411710493380372e-64
2026-02-11,delta,medium,True,True,True,True,executed,204.0800018310547,0.035999999046325684,3,True,True,True,2026-03-13|205.0|call,2026-03-13,205.0,30,3.9727744182241764,0.49798987069762257,0.03857976513599096,23.340985965293413,-28.610879567412603,-1000.0,-1000.0,,delta,-49798.987069762254,-3857.9765135990956,-2334098.5965293413,2861087.9567412604,,0.0,49798.987069762254,49800.0,49800.0,49800.0,1.0129302377463318,-3857.9765135990956,-2334098.5965293413,2861087.9567412604,-397277.44182241766,0.0,0.0,0.0,10163184.091186523,9765906.649364106,8114491.243136469,1159.2130040251232,8115650.456140494,0.0,0.0,2387755.5601127027,1000.0,49800.0,0,1.0129302377463318
2026-02-12,delta,medium,True,True,True,True,executed,199.60000610351562,0.035980000495910644,3,False,False,False,2026-03-13|205.0|call,2026-03-13,205.0,29,2.7391965999403283,0.354379586343912,0.03152268974987431,20.932780070167098,-30.082077699391274,-1000.0,0.0,,delta,14362.041365608799,-3152.2689749874307,-2093278.0070167098,3008207.7699391274,,0.0,35437.9586343912,35400.0,-14400.0,35400.0,-37.958634391201485,-3152.2689749874307,-2093278.0070167098,3008207.7699391274,0.0,0.0,0.0,0.0,-2874240.087890625,-2874240.087890625,5241410.368249869,748.3569351146884,5242158.725184984,0.0,0.0,2110792.317357306,1000.0,14400.0,0,37.958634391201485
2026-02-13,delta,medium,True,True,True,True,executed,198.7899932861328,0.035929999351501464,3,False,False,False,2026-03-13|205.0|call,2026-03-13,205.0,28,2.341668626815064,0.32349329090877577,0.03140682029390832,19.778663693484905,-29.00703809331148,-1000.0,0.0,,delta,3050.670909122422,-3140.682029390832,-1977866.3693484904,2900703.809331148,,0.0,32349.329090877578,32300.0,-3100.0,32300.0,-49.32909087757798,-3140.682029390832,-1977866.3693484904,2900703.809331148,0.0,0.0,0.0,0.0,-616248.9791870117,-616248.9791870117,4625909.745997972,659.5592625944898,4626569.305260566,0.0,0.0,1984057.7222870036,1000.0,3100.0,0,49.32909087757798
2026-02-17,delta,medium,True,True,True,True,executed,201.14999389648438,0.035929999351501464,3,False,False,False,2026-03-13|205.0|call,2026-03-13,205.0,24,2.7518071122360652,0.38519784435025356,0.03641176466673529,19.71934660047049,-33.20872892529534,-1000.0,0.0,,delta,-6219.784435025358,-3641.176466673529,-1971934.6600470492,3320872.892529534,,0.0,38519.78443502536,38500.0,6200.0,38500.0,-19.784435025358107,-3641.176466673529,-1971934.6600470492,3320872.892529534,0.0,0.0,0.0,0.0,1247129.9621582031,1247129.9621582031,5873699.267418769,837.4682971002817,5874536.73571587,0.0,0.0,1981795.620948748,1000.0,6200.0,0,19.784435025358107
2026-02-18,delta,medium,True,True,True,True,executed,204.7899932861328,0.03602999925613403,3,False,False,False,2026-03-13|205.0|call,2026-03-13,205.0,23,4.139377241346864,0.5199048836454073,0.03960510921639523,20.483080056224075,-35.49396102573282,-1000.0,0.0,,delta,-13490.488364540732,-3960.5109216395226,-2048308.0056224074,3549396.102573282,,0.0,51990.48836454073,52000.0,13500.0,52000.0,9.511635459268291,-3960.5109216395226,-2048308.0056224074,3549396.102573282,0.0,0.0,0.0,0.0,2764664.909362793,2764664.909362793,8639201.645078663,1235.2001144673654,8640436.84519313,0.0,0.0,2065759.0049085878,1000.0,13500.0,0,9.511635459268291
2026-02-19,delta,medium,True,True,True,True,executed,204.86000061035156,0.0359500002861023,3,False,False,False,2026-03-13|205.0|call,2026-03-13,205.0,22,4.1968035570044435,0.5218201252655409,0.039272277520830734,20.034656056213965,-37.20984521573615,-1000.0,0.0,,delta,-182.0125265540919,-3927.2277520830735,-2003465.6056213966,3720984.5215736153,,0.0,52182.01252655409,52200.0,200.0,52200.0,17.98747344590811,-3927.2277520830735,-2003465.6056213966,3720984.5215736153,0.0,0.0,0.0,0.0,40972.00012207031,40972.00012207031,8681408.845315201,1238.4787717176687,8682647.32408692,0.0,0.0,2007574.8459000338,1000.0,200.0,0,17.98747344590811
2026-02-20,delta,medium,True,True,True,True,executed,210.11000061035156,0.0359500002861023,3,False,False,False,2026-03-13|205.0|call,2026-03-13,205.0,21,7.1912272652537865,0.7269953578688919,0.03443298735953107,16.75585342022458,-33.13138171628339,-1000.0,0.0,,delta,-20499.535786889188,-3443.298735953107,-1675585.3420224579,3313138.171628339,,0.0,72699.53578688919,72700.0,20500.0,72700.0,0.4642131108121248,-3443.298735953107,-1675585.3420224579,3313138.171628339,0.0,0.0,0.0,0.0,4307255.012512207,4307255.012512207,12989902.336599126,1853.1229869729345,12991755.459586099,0.0,0.0,1699528.1765453,1000.0,20500.0,0,0.4642131108121248
2026-02-23,delta,medium,True,True,True,True,executed,205.27000427246094,0.03588000059127808,3,False,False,False,2026-03-13|205.0|call,2026-03-13,205.0,18,4.1209101207988255,0.5357250352772555,0.0416871532233102,18.112541056998904,-42.196481261315334,-1000.0,0.0,,delta,19127.496472274455,-4168.71532233102,-1811254.1056998903,4219648.126131534,,0.0,53572.503527725545,53600.0,-19100.0,53600.0,27.4964722744553,-4168.71532233102,-1811254.1056998903,4219648.126131534,0.0,0.0,0.0,0.0,-3920657.081604004,-3920657.081604004,9071098.377982095,1291.5516474822984,9072389.929629577,0.0,0.0,1834550.3174944958,1000.0,19100.0,0,27.4964722744553
2026-02-24,delta,medium,True,True,True,True,executed,208.55999755859375,0.03588000059127808,3,False,False,False,2026-03-13|205.0|call,2026-03-13,205.0,17,5.769520931616398,0.6804633426793296,0.040637182445060836,16.086302502421884,-38.62806846327109,-1000.0,0.0,,delta,-14446.334267932965,-4063.7182445060835,-1608630.2502421883,3862806.8463271093,,0.0,68046.33426793297,68000.0,14400.0,68000.0,-46.334267932965304,-4063.7182445060835,-1608630.2502421883,3862806.8463271093,0.0,0.0,0.0,0.0,3003263.96484375,3003263.96484375,12075653.894473327,1719.343130451478,12077373.237603778,0.0,0.0,1627140.3027546273,1000.0,14400.0,0,46.334267932965304
2026-02-25,delta,medium,True,True,True,True,executed,210.63999938964844,0.03588000059127808,3,False,False,False,2026-03-13|205.0|call,2026-03-13,205.0,16,6.962888750588377,0.7829588098438102,0.03708354092796866,12.956786724310152,-32.21654824556854,-1000.0,0.0,,delta,-10295.880984381016,-3708.3540927968656,-1295678.6724310152,3221654.824556854,,0.0,78295.88098438102,78300.0,10300.0,78300.0,4.119015618984122,-3708.3540927968656,-1295678.6724310152,3221654.824556854,0.0,0.0,0.0,0.0,2169591.993713379,2169591.993713379,14246965.231317157,2028.4965116014994,14248993.727828758,0.0,0.0,1309682.907508193,1000.0,10300.0,0,4.119015618984122
2026-02-26,delta,medium,True,True,True,True,executed,207.9199981689453,0.03588000059127808,3,False,False,False,2026-03-13|205.0|call,2026-03-13,205.0,15,4.974134218402895,0.6676407822067733,0.04636611801237389,15.307915571842708,-39.413076021780654,-1000.0,0.0,,delta,11535.92177932267,-4636.611801237389,-1530791.5571842708,3941307.6021780656,,0.0,66764.07822067733,66800.0,-11500.0,66800.0,35.92177932267077,-4636.611801237389,-1530791.5571842708,3941307.6021780656,0.0,0.0,0.0,0.0,-2391079.978942871,-2391079.978942871,11857913.748885887,1688.341080640278,11859602.089966526,0.0,0.0,1546964.0907648308,1000.0,11500.0,0,35.92177932267077
2026-02-27,delta,medium,True,True,True,True,executed,210.0,0.03578000068664551,3,False,False,False,2026-03-13|205.0|call,2026-03-13,205.0,14,6.523782659011346,0.7499520872219412,0.038912516992032915,13.070822468986217,-39.23745733733806,-1000.0,0.0,,delta,-8195.208722194118,-3891.2516992032915,-1307082.2468986216,3923745.733733806,,0.0,74995.20872219412,75000.0,8200.0,75000.0,4.791277805881691,-3891.2516992032915,-1307082.2468986216,3923745.733733806,0.0,0.0,0.0,0.0,1722000.0,1722000.0,13581602.089966526,1928.371952796621,13583530.461919323,0.0,0.0,1319168.707320019,1000.0,8200.0,0,4.791277805881691
2026-03-02,delta,medium,True,True,True,True,executed,208.38999938964844,0.03589999914169312,3,False,False,False,2026-03-13|205.0|call,2026-03-13,205.0,11,5.193945458825937,0.6880141739954585,0.045802378751376806,12.798261814195877,-50.29539043378964,-1000.0,0.0,,delta,6198.582600454145,-4580.237875137681,-1279826.1814195877,5029539.043378964,,0.0,68801.41739954586,68800.0,-6200.0,68800.0,-1.4173995458550053,-4580.237875137681,-1279826.1814195877,5029539.043378964,0.0,0.0,0.0,0.0,-1292017.9962158203,-1292017.9962158203,12291512.465703502,1751.0527260669287,12293263.51842957,0.0,0.0,1290605.0018951795,1000.0,6200.0,0,1.4173995458550053
2026-03-03,delta,medium,True,True,True,True,executed,208.72999572753906,0.0359500002861023,3,False,False,False,2026-03-13|205.0|call,2026-03-13,205.0,10,5.546227410731632,0.6946170391563997,0.043226004457351475,12.108604472043421,-56.87250280104792,-1000.0,0.0,,delta,-661.7039156399696,-4322.600445735147,-1210860.447204342,5687250.280104792,,0.0,69461.70391563997,69500.0,700.0,69500.0,38.29608436003036,-4322.600445735147,-1210860.447204342,5687250.280104792,0.0,0.0,0.0,0.0,146110.99700927734,146110.99700927734,12439374.515438847,1774.5853864641279,12441149.100825312,0.0,0.0,1215844.7515657172,1000.0,700.0,0,38.29608436003036
2026-03-04,delta,medium,True,True,True,True,executed,216.82000732421875,0.0359500002861023,3,False,False,False,2026-03-13|205.0|call,2026-03-13,205.0,9,12.129202755402446,0.9573407172324013,0.012529519717131392,3.091060765239853,-20.366021889250845,-1000.0,0.0,,delta,-26234.071723240137,-1252.951971713139,-309106.0765239853,2036602.1889250844,,0.0,95734.07172324014,95700.0,26200.0,95700.0,-34.071723240136635,-1252.951971713139,-309106.0765239853,2036602.1889250844,0.0,0.0,0.0,0.0,5680684.191894531,5680684.191894531,18121833.29271984,2585.2377462618115,18124418.530466102,0.0,0.0,336593.1002189386,1000.0,26200.0,0,34.071723240136635
2026-03-05,delta,medium,True,True,True,True,executed,218.94000244140625,0.03588000059127808,3,False,False,False,2026-03-13|205.0|call,2026-03-13,205.0,8,14.189107291342964,0.9709745580212278,0.008527851274443481,2.145826314858968,-18.84243009241842,-1000.0,0.0,,delta,-1397.4558021227713,-852.7851274443482,-214582.63148589677,1884243.0092418422,,0.0,97097.45580212277,97100.0,1400.0,97100.0,2.5441978772287257,-852.7851274443482,-214582.63148589677,1884243.0092418422,0.0,0.0,0.0,0.0,306516.00341796875,306516.00341796875,18430934.53388407,2624.214055450667,18433558.747939523,0.0,0.0,216832.87241546388,1000.0,1400.0,0,2.5441978772287257
2026-03-06,delta,high,True,True,True,True,executed,213.2100067138672,0.03569999933242798,3,False,False,False,2026-03-13|205.0|call,2026-03-13,205.0,7,9.090766410907179,0.8410807046152412,0.02782563192901145,7.152310951423881,-61.05584325160609,-1000.0,0.0,,delta,12991.929538475873,-2782.563192901145,-715231.0951423881,6105584.32516061,,0.0,84108.07046152413,84100.0,-13000.0,84100.0,-8.070461524126586,-2782.563192901145,-715231.0951423881,6105584.32516061,0.0,0.0,0.0,0.0,-2771730.0872802734,-2771730.0872802734,15661828.66065925,2218.7590187703836,15664047.41967802,0.0,0.0,731005.5878737652,1000.0,13000.0,0,8.070461524126586
2026-03-09,delta,high,True,True,True,True,executed,213.49000549316406,0.035929999351501464,3,False,False,False,2026-03-13|205.0|call,2026-03-13,205.0,4,8.71999153927274,0.9396888175981308,0.02104107372025574,2.6731014957181745,-37.91489060297987,-1000.0,0.0,,delta,-9868.881759813084,-2104.107372025574,-267310.1495718174,3791489.0602979865,,0.0,93968.88175981308,94000.0,9900.0,94000.0,31.1182401869155,-2104.107372025574,-267310.1495718174,3791489.0602979865,0.0,0.0,0.0,0.0,2113551.054382324,2113551.054382324,17777598.47406034,2534.7186573184185,17780133.19271766,0.0,0.0,279283.1387036561,1000.0,9900.0,0,31.1182401869155
2026-03-10,delta,medium,True,True,True,True,executed,214.3300018310547,0.0359500002861023,3,False,False,False,2026-03-13|205.0|call,2026-03-13,205.0,3,9.432064210270141,0.9771740800936375,0.011205292846284154,1.0520475808981078,-23.104771000981284,-1000.0,0.0,,delta,-3717.408009363746,-1120.5292846284153,-105204.75808981078,2310477.1000981284,,0.0,97717.40800936375,97700.0,3700.0,97700.0,-17.408009363745805,-1120.5292846284153,-105204.75808981078,2310477.1000981284,0.0,0.0,0.0,0.0,793021.0067749023,793021.0067749023,18573154.199492563,2649.622614228491,18575803.82210679,0.0,0.0,110042.69538380294,1000.0,3700.0,0,17.408009363745805
2026-03-11,delta,medium,True,True,True,True,executed,212.64999389648438,0.035999999046325684,3,False,False,False,2026-03-13|205.0|call,2026-03-13,205.0,2,7.716816030602985,0.981027327849691,0.012214407155967253,0.7287669663402938,-23.245249561535555,-1000.0,0.0,,delta,-402.73278496910643,-1221.4407155967253,-72876.69663402939,2324524.9561535553,,0.0,98102.7327849691,98100.0,400.0,98100.0,-2.732784969106433,-1221.4407155967253,-72876.69663402939,2324524.9561535553,0.0,0.0,0.0,0.0,85059.99755859375,85059.99755859375,18660863.819665384,2665.837617903045,18663529.657283287,0.0,0.0,74500.87013459521,1000.0,400.0,0,2.732784969106433
2026-03-12,delta,high,True,True,True,True,executed,209.52999877929688,0.036050000190734864,3,False,False,False,2026-03-13|205.0|call,2026-03-13,205.0,1,4.625532199532529,0.9410060883753666,0.0397664447647147,1.2892551723456105,-70.36091095374319,-1000.0,0.0,,delta,3999.3911624633474,-3976.6444764714697,-128925.51723456105,7036091.095374319,,0.0,94100.60883753665,94100.0,-4000.0,94100.0,-0.6088375366525725,-3976.6444764714697,-128925.51723456105,7036091.095374319,0.0,0.0,0.0,0.0,-838119.9951171875,-838119.9951171875,17825409.6621661,2550.0238957183137,17827959.68606182,0.0,0.0,136901.55287349588,1000.0,4000.0,0,0.6088375366525725
2026-03-13,delta,high,True,True,True,True,executed,207.6699981689453,0.03602999925613403,4,True,True,True,2026-04-12|210.0|call,2026-04-12,210.0,30,5.685904389715205,0.47381460154656924,0.024508955164717086,23.700699021594794,-42.673940175262715,-1000.0,-1000.0,,delta,-47381.460154656925,-2450.8955164717086,-2370069.9021594794,4267394.017526272,,0.0,47381.460154656925,47400.0,47400.0,47400.0,18.539845343075285,-2450.8955164717086,-2370069.9021594794,4267394.017526272,-568590.4389715205,266999.81689453125,-19541746.827697754,0.0,9843557.913208008,-9999779.536566734,7828180.149495084,1119.243353028536,7829299.392848113,0.0,0.0,2419902.257830608,1000.0,47400.0,0,18.539845343075285
2026-03-16,delta,medium,True,True,True,True,executed,211.74000549316406,0.036050000190734864,4,False,False,False,2026-04-12|210.0|call,2026-04-12,210.0,27,6.605667178171373,0.5802543823897355,0.02883025365480112,22.508167888159747,-40.00519173563672,-1000.0,0.0,,delta,-10625.438238973547,-2883.0253654801118,-2250816.7888159747,4000519.173563672,,0.0,58025.43823897355,58000.0,10600.0,58000.0,-25.438238973547413,-2883.0253654801118,-2250816.7888159747,4000519.173563672,0.0,0.0,0.0,0.0,2244444.058227539,2244444.058227539,10073743.45107565,1441.1049735424258,10075184.556049192,0.0,0.0,2264325.252420428,1000.0,10600.0,0,25.438238973547413
2026-03-17,delta,medium,True,True,True,True,executed,215.1999969482422,0.036050000190734864,4,False,False,False,2026-04-12|210.0|call,2026-04-12,210.0,26,8.461464172175653,0.6844359339171234,0.0275115345501519,20.41891864610497,-37.25074089032125,-1000.0,0.0,,delta,-10443.593391712348,-2751.15345501519,-2041891.864610497,3725074.0890321247,,0.0,68443.59339171235,68400.0,10400.0,68400.0,-43.59339171234751,-2751.15345501519,-2041891.864610497,3725074.0890321247,0.0,0.0,0.0,0.0,2238079.9682617188,2238079.9682617188,12313264.524310911,1761.4809065475285,12315026.005217459,0.0,0.0,2055086.6114572245,1000.0,10400.0,0,43.59339171234751
2026-03-18,delta,high,True,True,True,True,executed,209.8699951171875,0.03609999895095825,4,False,False,False,2026-04-12|210.0|call,2026-04-12,210.0,25,5.678207497022214,0.5243396314747312,0.028947712393406932,21.871305415001864,-43.753778071963985,-1000.0,0.0,,delta,15966.036852526886,-2894.7712393406932,-2187130.5415001865,4375377.807196398,,0.0,52433.963147473114,52400.0,-16000.0,52400.0,-33.96314747311408,-2894.7712393406932,-2187130.5415001865,4375377.807196398,0.0,0.0,0.0,0.0,-3357919.921875,-3357919.921875,8957106.083342459,1283.1409532233515,8958389.224295683,0.0,0.0,2205991.3495920543,1000.0,16000.0,0,33.96314747311408
2026-03-19,delta,medium,True,True,True,True,executed,208.75999450683594,0.036119999885559084,4,False,False,False,2026-04-12|210.0|call,2026-04-12,210.0,24,4.780772969347964,0.4893471700536537,0.030983826154126072,21.34821958067121,-42.54975145237464,-1000.0,0.0,,delta,3465.282994634632,-3098.3826154126073,-2134821.958067121,4254975.145237464,,0.0,48934.71700536537,48900.0,-3500.0,48900.0,-34.717005365368095,-3098.3826154126073,-2134821.958067121,4254975.145237464,0.0,0.0,0.0,0.0,-730659.9807739258,-730659.9807739258,8227729.243521757,1179.3078545016547,8228908.551376259,0.0,0.0,2141385.623677168,1000.0,3500.0,0,34.717005365368095
2026-03-20,delta,high,True,True,True,True,executed,205.3699951171875,0.036180000305175784,4,False,False,False,2026-04-12|210.0|call,2026-04-12,210.0,23,3.7514142526756586,0.39633177563568533,0.027809154836825146,19.868332677933505,-45.18914999615844,-1000.0,0.0,,delta,9266.822436431466,-2780.9154836825146,-1986833.2677933506,4518914.999615844,,0.0,39633.17756356853,39600.0,-9300.0,39600.0,-33.177563568533515,-2780.9154836825146,-1986833.2677933506,4518914.999615844,0.0,0.0,0.0,0.0,-1909940.9545898438,-1909940.9545898438,6318967.596786415,907.2232126195572,6319874.8199990345,0.0,0.0,1998881.0057134647,1000.0,9300.0,0,33.177563568533515
2026-03-23,delta,high,True,True,True,True,executed,210.13999938964844,0.036119999885559084,4,False,False,False,2026-04-12|210.0|call,2026-04-12,210.0,20,5.385966093313485,0.5294461791658056,0.03105423007549151,19.57051186041192,-50.33575689403586,-1000.0,0.0,,delta,-13344.617916580559,-3105.423007549151,-1957051.186041192,5033575.689403586,,0.0,52944.61791658056,52900.0,13300.0,52900.0,-44.61791658055881,-3105.423007549151,-1957051.186041192,5033575.689403586,0.0,0.0,0.0,0.0,2794861.991882324,2794861.991882324,9114736.81188136,1306.4456055637138,9116043.257486923,0.0,0.0,1973501.2269653217,1000.0,13300.0,0,44.61791658055881
2026-03-24,delta,high,True,True,True,True,executed,207.24000549316406,0.03619999885559082,4,False,False,False,2026-04-12|210.0|call,2026-04-12,210.0,19,4.012556642379749,0.4388319390351082,0.030961377308061807,18.640980696425675,-51.365943807335015,-1000.0,0.0,,delta,9016.806096489177,-3096.1377308061806,-1864098.0696425675,5136594.380733501,,0.0,43883.19390351082,43900.0,-9000.0,43900.0,16.806096489177435,-3096.1377308061806,-1864098.0696425675,5136594.380733501,0.0,0.0,0.0,0.0,-1865160.0494384766,-1865160.0494384766,7250883.208048446,1041.5950945768907,7251924.803143023,0.0,0.0,1876211.013469863,1000.0,9000.0,0,16.806096489177435
2026-03-25,delta,high,True,True,True,True,executed,211.7100067138672,0.03619999885559082,4,False,False,False,2026-04-12|210.0|call,2026-04-12,210.0,18,5.829313399737188,0.5809971336632914,0.032897511437017066,18.36813236037671,-51.28467264415323,-1000.0,0.0,,delta,-14199.713366329139,-3289.7511437017065,-1836813.2360376709,5128467.264415323,,0.0,58099.71336632914,58100.0,14200.0,58100.0,0.2866336708611925,-3289.7511437017065,-1836813.2360376709,5128467.264415323,0.0,0.0,0.0,0.0,3006282.095336914,3006282.095336914,10258206.898479937,1473.5995158150301,10259680.497995751,0.0,0.0,1854302.7005477017,1000.0,14200.0,0,0.2866336708611925
2026-03-26,delta,high,True,True,True,True,executed,207.5399932861328,0.03619999885559082,4,False,False,False,2026-04-12|210.0|call,2026-04-12,210.0,17,3.935146820545242,0.44380371592291606,0.032206658077787706,17.6910013494107,-55.19303329849745,-1000.0,0.0,,delta,13719.628407708391,-3220.6658077787706,-1769100.13494107,5519303.329849745,,0.0,44380.37159229161,44400.0,-13700.0,44400.0,19.628407708391023,-3220.6658077787706,-1769100.13494107,5519303.329849745,0.0,0.0,0.0,0.0,-2843297.9080200195,-2843297.9080200195,7416382.589975731,1065.3692113878776,7417447.959187119,0.0,0.0,1786040.4291565572,1000.0,13700.0,0,19.628407708391023
2026-03-27,delta,high,True,True,True,True,executed,199.33999633789062,0.03607000112533569,4,False,False,False,2026-04-12|210.0|call,2026-04-12,210.0,16,1.6994976686325387,0.23055149605274244,0.023245689640747517,12.689959395522449,-46.95973682116535,-1000.0,0.0,,delta,21344.850394725756,-2324.568964074752,-1268995.939552245,4695973.6821165355,,0.0,23055.149605274244,23100.0,-21300.0,23100.0,44.850394725755905,-2324.568964074752,-1268995.939552245,4695973.6821165355,0.0,0.0,0.0,0.0,-4245941.92199707,-4245941.92199707,3171506.037190049,453.9532790891032,3171959.990469138,0.0,0.0,1292665.3589110454,1000.0,21300.0,0,44.850394725755905
2026-03-30,delta,high,True,True,True,True,executed,200.9499969482422,0.035980000495910644,4,False,False,False,2026-04-12|210.0|call,2026-04-12,210.0,13,1.6002196871923076,0.239643050330952,0.026617632188194632,11.779961880238089,-52.56261671991711,-1000.0,0.0,,delta,-864.3050330952028,-2661.7632188194634,-1177996.1880238089,5256261.671991711,,0.0,23964.305033095203,24000.0,900.0,24000.0,35.694966904797184,-2661.7632188194634,-1177996.1880238089,5256261.671991711,0.0,0.0,0.0,0.0,180854.99725341797,180854.99725341797,3352814.987722556,478.7074798450564,3353293.6952024014,0.0,0.0,1181522.2562757235,1000.0,900.0,0,35.694966904797184
2026-03-31,delta,high,True,True,True,True,executed,208.27000427246094,0.035999999046325684,4,False,False,False,2026-04-12|210.0|call,2026-04-12,210.0,12,3.09956293538238,0.44709452993528653,0.04171924156019223,14.932741580183079,-60.24160647567963,-1000.0,0.0,,delta,-20709.452993528655,-4171.924156019223,-1493274.1580183078,6024160.647567963,,0.0,44709.452993528655,44700.0,20700.0,44700.0,-9.452993528655497,-4171.924156019223,-1493274.1580183078,6024160.647567963,0.0,0.0,0.0,0.0,4311189.088439941,4311189.088439941,7664482.783642342,1094.9260829432696,7665577.709725286,0.0,0.0,1518155.5351678557,1000.0,20700.0,0,9.452993528655497
2026-04-01,delta,medium,True,True,True,True,executed,210.57000732421875,0.036050000190734864,4,False,False,False,2026-04-12|210.0|call,2026-04-12,210.0,11,3.9555754412707813,0.5441903078754763,0.04456642800470868,14.493764548130304,-62.51209556384314,-1000.0,0.0,,delta,-9719.030787547628,-4456.642800470869,-1449376.4548130305,6251209.556384314,,0.0,54419.03078754763,54400.0,9700.0,54400.0,-19.03078754762828,-4456.642800470869,-1449376.4548130305,6251209.556384314,0.0,0.0,0.0,0.0,2042529.0710449219,2042529.0710449219,9708106.780770209,1388.7986162636525,9709495.579386473,0.0,0.0,1463552.128401049,1000.0,9700.0,0,19.03078754762828
2026-04-02,delta,medium,True,True,True,True,executed,209.77000427246094,0.03607000112533569,4,False,False,False,2026-04-12|210.0|call,2026-04-12,210.0,10,3.264149602023906,0.5067102115305446,0.04858328756181459,13.849866306652832,-63.48485553106027,-1000.0,0.0,,delta,3728.978846945538,-4858.328756181459,-1384986.6306652832,6348485.553106027,,0.0,50671.02115305446,50700.0,-3700.0,50700.0,28.978846945537953,-4858.328756181459,-1384986.6306652832,6348485.553106027,0.0,0.0,0.0,0.0,-776149.0158081055,-776149.0158081055,8933346.563578367,1278.6738912749422,8934625.237469641,0.0,0.0,1393573.9382684103,1000.0,3700.0,0,28.978846945537953
2026-04-06,delta,medium,True,True,True,True,executed,212.7899932861328,0.03622999906539917,4,False,False,False,2026-04-12|210.0|call,2026-04-12,210.0,6,4.303933533432144,0.6788252025929891,0.05479530276803402,9.771373693907083,-76.28374414308719,-1000.0,0.0,,delta,-17182.520259298908,-5479.530276803403,-977137.3693907084,7628374.414308719,,0.0,67882.52025929891,67900.0,17200.0,67900.0,17.47974070109194,-5479.530276803403,-977137.3693907084,7628374.414308719,0.0,0.0,0.0,0.0,3659987.8845214844,3659987.8845214844,12594613.121991126,1810.7254826936612,12596423.847473819,0.0,0.0,999799.4199268107,1000.0,17200.0,0,17.47974070109194
2026-04-07,delta,high,True,True,True,True,executed,213.77000427246094,0.03615000009536743,4,False,False,False,2026-04-12|210.0|call,2026-04-12,210.0,5,4.923691594660056,0.7343919983890368,0.05126589317199483,8.20464120556947,-82.05915888393693,-1000.0,0.0,,delta,-5539.199838903674,-5126.589317199483,-820464.120556947,8205915.888393693,,0.0,73439.19983890367,73400.0,5500.0,73400.0,-39.19983890367439,-5126.589317199483,-820464.120556947,8205915.888393693,0.0,0.0,0.0,0.0,1175735.0234985352,1175735.0234985352,13772158.870972354,1975.6489861074049,13774134.51995846,0.0,0.0,831129.9097130501,1000.0,5500.0,0,39.19983890367439
2026-04-08,delta,medium,True,True,True,True,executed,221.25,0.035999999046325684,4,False,False,False,2026-04-12|210.0|call,2026-04-12,210.0,4,11.346346631302538,0.991716518473161,0.004633738965077323,0.5234648088318995,-12.519912057153336,-1000.0,0.0,,delta,-25771.651847316098,-463.3738965077323,-52346.48088318995,1251991.2057153336,,0.0,99171.6518473161,99200.0,25800.0,99200.0,28.3481526839023,-463.3738965077323,-52346.48088318995,1251991.2057153336,0.0,0.0,0.0,0.0,5708250.0,5708250.0,19482384.51995846,2783.197714835932,19485167.717673294,0.0,0.0,78581.50662701378,1000.0,25800.0,0,28.3481526839023
2026-04-09,delta,medium,True,True,True,True,executed,233.64999389648438,0.03588000059127808,4,False,False,False,2026-04-12|210.0|call,2026-04-12,210.0,3,23.711914630520397,0.9999999988199748,1.724812768084037e-09,1.5322687592867207e-07,-7.532580243783135,-1000.0,0.0,,delta,-799.9998819974862,-0.0001724812768084037,-0.015322687592867206,753258.0243783136,,0.0,99999.99988199749,100000.0,800.0,100000.0,0.00011800251377280802,-0.0001724812768084037,-0.015322687592867206,753258.0243783136,0.0,0.0,0.0,0.0,186919.9951171875,186919.9951171875,19672087.71279048,2800.9306300261774,19674888.643420506,0.0,0.0,800.0153771663558,1000.0,800.0,0,0.00011800251377280802
2026-04-10,delta,medium,True,True,True,False,no_candidate_option,238.3800048828125,0.035929999351501464,4,False,False,False,2026-04-12|210.0|call,2026-04-12,210.0,2,28.421344922076344,1.0,2.7790187969503584e-18,1.697868339252467e-16,-7.543814516231369,-1000.0,0.0,,delta,0.0,-2.7790187969503584e-13,-1.697868339252467e-11,754381.4516231369,,0.0,100000.0,100000.0,0.0,100000.0,0.0,-2.7790187969503584e-13,-1.697868339252467e-11,754381.4516231369,0.0,0.0,0.0,0.0,0.0,0.0,19674888.643420506,2805.2330801546123,19677693.876500662,0.0,0.0,1.7256585272219705e-11,1000.0,0.0,0,0.0
2025-12-12,delta_gamma,medium,True,True,True,True,executed,226.19000244140625,0.03525000095367432,1,True,False,False,2026-01-11|225.0|call,2026-01-11,225.0,30,5.048122778292949,0.5805940131378168,0.038224879253191124,25.340359254575176,-28.753457766017846,-1000.0,-1000.0,2026-01-07|225.0|call,gamma,-58059.40131378168,-3822.4879253191125,-2534035.9254575176,2875345.7766017844,930.0331486684701,930.0,3957.702676339133,4000.0,4000.0,4000.0,42.29732366086682,-0.13624286956792275,-341427.6681089266,37004.01087975362,-504812.27782929497,0.0,0.0,438734.19286615105,904760.009765625,838681.9248024811,838681.9248024811,117.31562955998758,838799.2404320411,930.0,930.0,2595917.8146966184,1000.0,4000.0,1,1.8580010143990733
2025-12-15,delta_gamma,medium,True,True,True,True,executed,222.5399932861328,0.03538000106811524,1,False,False,False,2026-01-11|225.0|call,2026-01-11,225.0,27,3.14242819246833,0.43495427911047535,0.03933142862284237,23.8247983947453,-29.940943870017797,-1000.0,0.0,2026-01-11|220.0|call,gamma,-31.179807267792057,17.706611276657895,-347244.71056503686,26809.41336037498,1044.0915106136777,1044.0,-22435.809568666853,-22400.0,-26400.0,-22400.0,35.80956866685301,-0.34472487646053196,137.17338097747415,-167194.29087369377,0.0,0.0,0.0,336523.38147509383,-5875055.822753906,-5538532.4412788125,-4699733.200846772,-659.8276415310137,-4700393.028488303,1974.0,1974.0,347293.5969835813,1930.0,26400.0,2,11.884806370281007
2025-12-16,delta_gamma,medium,True,True,True,True,executed,222.55999755859375,0.03545000076293945,1,False,False,False,2026-01-11|225.0|call,2026-01-11,225.0,26,3.0625373139032632,0.4332369538309996,0.0401140619383698,23.364608264535818,-30.382490743152413,-1000.0,0.0,2026-01-16|220.0|call,gamma,442.5980592235428,-5.783027604281415,-2904.076027548872,-167380.98959608516,1138.0080925845034,1138.0,-28140.79112238277,-28100.0,-5700.0,-28100.0,40.79112238276866,-0.028525846004868072,455331.6355845346,-220179.83338426612,0.0,0.0,0.0,100061.2015096934,-1268591.9860839844,-1168530.784574291,-5868923.813062593,-825.6085462329462,-5869749.421608826,2182.0,2182.0,3352.457114376696,2044.0,5700.0,2,0.08303630469459079
2025-12-17,delta_gamma,medium,True,True,True,True,executed,221.27000427246094,0.035429999828338624,1,False,False,False,2026-01-11|225.0|call,2026-01-11,225.0,25,2.7142293085765345,0.38750363925483566,0.0374208261101117,22.17764080397053,-31.553689174339013,-1000.0,0.0,2026-01-22|220.0|call,gamma,-1081.8732873066328,235.0227923868515,607088.6848342549,-371328.2131536673,1174.9866934069303,1175.0,-29050.350621808866,-29100.0,-1000.0,-29100.0,-49.649378191141295,0.04237866762014164,978759.4745059786,-217762.96771283168,0.0,0.0,0.0,78963.39698196622,-221270.00427246094,-142306.60729049472,-6012056.028899321,-845.2664447296236,-6012901.295344051,2313.0,2313.0,608405.5809139484,2138.0,1000.0,2,0.18206020768061115
2025-12-18,delta_gamma,medium,True,True,True,True,executed,226.75999450683594,0.03522000074386597,1,False,False,False,2026-01-11|225.0|call,2026-01-11,225.0,24,5.139055925028828,0.6007553120117941,0.03936902523322273,22.453402379152635,-33.418090424900264,-1000.0,0.0,2026-01-18|230.0|call,gamma,-1465.091720082477,-795.8038079933526,396018.7464352944,331214.33255182765,1128.0492618771905,1128.0,12703.182875219514,12700.0,41800.0,12700.0,-3.1828752195142442,-0.1719244142691423,668472.3902541725,69424.0355601008,0.0,0.0,0.0,-725288.072914674,9478567.770385742,8753279.697471067,2740378.4021270163,383.0005133388403,2740761.4026403553,2303.0,2303.0,398279.6419633702,2175.0,41800.0,2,2.955810552873429
2025-12-19,delta_gamma,low,True,True,True,True,executed,227.35000610351562,0.03522000074386597,1,False,False,False,2026-01-11|225.0|call,2026-01-11,225.0,23,4.988063029520646,0.6389067541641391,0.044000768327489996,21.373395067215146,-30.23301632402786,-1000.0,0.0,2026-01-16|230.0|call,gamma,-2901.8539148230266,139.26449922876054,747994.213600147,22368.727757378016,1058.0106755834893,1058.0,19124.405190222707,19100.0,6400.0,19100.0,-24.40519022270746,-0.04439783895486471,470963.16077763727,133828.1711100689,0.0,0.0,0.0,-36895.7894784197,1455040.0390625,1418144.2495840802,4158905.6522244355,581.2565879564008,4159486.908812392,2186.0,2186.0,751035.3320141989,2128.0,6400.0,2,0.19771242369601677
2025-12-22,delta_gamma,low,True,True,True,True,executed,228.42999267578125,0.03528000116348266,1,False,False,False,2026-01-11|225.0|call,2026-01-11,225.0,20,5.301416341534264,0.7033349715205598,0.04593312442269197,18.49724595718397,-29.25380256505204,-1000.0,0.0,2026-01-21|230.0|call,gamma,-2625.9002072024596,394.8441458414245,660536.4806028616,-35871.99853659794,1067.0360251300876,1067.0,20275.93303441225,20300.0,1200.0,20300.0,24.06696558775002,-0.15507881118173827,929605.4131040776,148752.44504774502,0.0,0.0,0.0,42752.67606818845,274115.9912109375,316868.66727912595,4476355.576091518,626.6898013201225,4476982.265892838,2125.0,2125.0,663557.2249559055,2058.0,1200.0,2,2.405522986586725
2025-12-23,delta_gamma,low,True,True,True,True,executed,232.13999938964844,0.03546999931335449,1,False,False,False,2026-01-11|225.0|call,2026-01-11,225.0,19,8.13021832554665,0.8524729331231952,0.030953185753020147,12.21256379634211,-23.2298610240099,-1000.0,0.0,2026-01-23|230.0|call,gamma,2003.400154536852,1301.6044780918805,1420662.7033149733,-541783.1282968195,775.9990748451831,776.0,36697.1075950058,36700.0,16400.0,36700.0,2.892404994199751,0.003690273586926196,768373.4501723584,292932.7211015632,0.0,0.0,0.0,-139935.31322164676,3807095.9899902344,3667160.6767685874,8144142.942661425,1146.3204150161173,8145289.263076441,1843.0,1843.0,1423967.707947602,2067.0,16400.0,2,0.001370177921286985
2025-12-24,delta_gamma,low,True,True,True,True,executed,232.3800048828125,0.035550000667572024,1,False,False,False,2026-01-11|225.0|call,2026-01-11,225.0,18,8.215650526641866,0.8744123934504451,0.029579474928131854,10.657832071870521,-21.551991779583517,-1000.0,0.0,2026-01-26|235.0|call,gamma,-1016.2608245805168,264.7691072224975,866874.0100609253,170473.80925432453,711.9436599592774,712.0,56821.28482178342,56800.0,20100.0,56800.0,-21.28482178341801,0.23407875029033676,888354.6462618571,447421.082039739,0.0,0.0,0.0,-202794.89793927336,4670838.098144531,4468043.200205258,12613332.463281699,1779.3808630554456,12615111.844144754,1488.0,1488.0,868155.0399927283,1776.0,20100.0,2,5.479739177386935
2025-12-26,delta_gamma,low,True,True,True,True,executed,232.52000427246094,0.035429999828338624,1,False,False,False,2026-01-11|225.0|call,2026-01-11,225.0,16,8.232010678122691,0.8885888302184435,0.028557938984187743,9.2380675393577,-21.411070239431645,-1000.0,0.0,2026-01-22|235.0|call,gamma,-1297.744486853051,170.75877686186413,972992.2698126142,370892.03697783407,628.9956323252123,629.0,62320.58089813581,62300.0,5500.0,62300.0,-20.580898135816824,0.019830311003715906,632620.9735120761,494646.6087885252,0.0,0.0,0.0,-41856.315657121915,1278860.0234985352,1237003.7078414133,13852115.551986167,1947.5414747182408,13854063.093460886,1341.0,1341.0,974460.7730763291,1712.0,5500.0,2,0.039747696818486486
2025-12-29,delta_gamma,low,True,True,True,True,executed,232.07000732421875,0.03538000106811524,1,False,False,False,2026-01-11|225.0|call,2026-01-11,225.0,13,7.697240342302081,0.8874882709242655,0.030685411960888514,8.369586683669066,-23.72184618607103,-1000.0,0.0,2026-01-26|235.0|call,gamma,-1500.6298518037656,-203.03528832915026,605903.313159902,612468.5161618984,722.9292631753631,723.0,59161.628668750025,59200.0,-3100.0,59200.0,38.3713312499749,0.300249099787834,968799.938019866,459719.66362671414,0.0,0.0,0.0,43880.30406980388,-719417.0227050781,-675536.7186352742,13178526.374825612,1850.2233222917262,13180376.598147903,1352.0,1352.0,607606.9783000349,1629.0,3100.0,2,9.016424551402363
2025-12-30,delta_gamma,low,True,True,True,True,executed,232.52999877929688,0.03539999961853027,1,False,False,False,2026-01-11|225.0|call,2026-01-11,225.0,12,8.056813528461987,0.9070741318234465,0.027485171515750875,7.011039194192937,-22.48178393490493,-1000.0,0.0,2026-02-03|230.0|call,gamma,-634.4746186873199,374.49702957181125,1092440.17208314,260486.20470871544,758.003343288206,758.0,42615.40737222414,42600.0,-16600.0,42600.0,-15.407372224137362,-0.012122749930313148,1351457.8964723898,326782.90688171284,0.0,0.0,0.0,251433.4273779653,-3859997.979736328,-3608564.552358363,9571812.04578954,1344.6116776571155,9573156.657467198,1481.0,1481.0,1093449.143731399,1723.0,16600.0,2,0.014933493706143863
2025-12-31,delta_gamma,low,True,True,True,True,executed,230.82000732421875,0.03546999931335449,1,False,False,False,2026-01-11|225.0|call,2026-01-11,225.0,11,6.527681094865073,0.8507450510769481,0.038848721970342656,9.3117686448059,-29.796420117918455,-1000.0,0.0,2026-02-08|230.0|call,gamma,628.0255178129664,-1063.4122599078032,1167541.9821378915,951848.2914404422,1120.0050650519647,1120.0,21326.739423897285,21300.0,-21300.0,21300.0,-26.739423897284723,-0.01756874157808852,2389235.6424065474,146308.84840618726,0.0,0.0,0.0,222956.46781961678,-4916466.156005859,-4693509.688186242,4879646.969280955,686.8296613087612,4880333.798942264,1878.0,1878.0,1169233.4199156123,1758.0,21300.0,2,0.03158106485412431
2026-01-02,delta_gamma,low,True,True,True,True,executed,226.5,0.03532999992370606,1,False,False,False,2026-01-11|225.0|call,2026-01-11,225.0,9,2.9933091875612945,0.6345576362453615,0.07348092029645537,13.374094719794074,-43.99224337708181,-1000.0,0.0,2026-02-06|225.0|call,gamma,3686.2935797334067,-3218.338776005623,1801146.7680062742,1782043.7513033068,1939.018104961378,1939.0,-52256.64064162778,-52300.0,-73600.0,-52300.0,-43.35935837222496,-0.06861045910682151,3927752.539709295,-489387.51674578805,0.0,0.0,0.0,686126.7979705223,-16670400.0,-15984273.202029478,-11103939.403087214,-1556.7546756504282,-11105496.157762865,3059.0,3059.0,1808051.4003620134,2120.0,73600.0,2,0.4726195438433337
2026-01-05,delta_gamma,low,True,True,True,True,executed,233.05999755859375,0.03515000104904175,1,False,False,False,2026-01-11|225.0|call,2026-01-11,225.0,6,8.241182782684461,0.9703764226714584,0.015157380191568997,2.0119837299627754,-16.757632452680934,-1000.0,0.0,2026-02-02|230.0|call,gamma,7842.92302417499,3534.112802965968,3422445.1244293423,-2658781.0563446563,397.93479363322854,398.0,70877.5641311298,70900.0,123200.0,70900.0,22.43586887020865,0.2483717704205901,742999.2172570386,549876.4762268411,0.0,0.0,0.0,-1675207.9396540232,28712991.69921875,27037783.759564728,15932287.601801863,2222.301293321311,15934509.903095184,2337.0,2337.0,3433822.160256483,2939.0,123200.0,2,6.169357002397794
2026-01-06,delta_gamma,low,True,True,True,True,executed,240.92999267578125,0.03519999980926514,1,False,False,False,2026-01-11|225.0|call,2026-01-11,225.0,5,16.0384935665748,0.9999644574567274,3.564828170986747e-05,0.004208983044528572,-7.9386905833345045,-1000.0,0.0,2026-02-10|240.0|call,gamma,6330.1785520963895,760.411084504032,489606.1386783484,15541.751130440156,1.0025689907909268,1.0,99939.26395087503,99900.0,29000.0,99900.0,-39.26395087503479,-0.009134544182617166,2507.1228811413544,791144.0918188577,0.0,0.0,0.0,-479314.133692128,6986969.787597656,6507655.653905529,22442165.55700071,3134.778663991752,22445300.335664704,399.0,399.0,496696.7283149488,1398.0,29000.0,2,0.009885647580735655
2026-01-07,delta_gamma,medium,True,True,True,True,executed,241.55999755859375,0.03515000104904175,1,False,False,False,2026-01-11|225.0|call,2026-01-11,225.0,4,16.646656230704792,0.999994939092464,5.976275951251517e-06,0.0005915475597781066,-7.909838884964341,-1000.0,0.0,2026-02-06|240.0|call,gamma,-40.37448019479461,2.8166643265488163,2804.885941858232,788129.7543676491,0.16430979667623,0.0,99999.49390924639,100000.0,100.0,100000.0,0.5060907536098966,-0.5976275951251516,-59.15475597781066,790983.8884964341,0.0,0.0,0.0,-578.5395917848348,24155.999755859375,23577.46016407454,22468877.79582878,3134.051897199097,22472011.847725976,1.0,1.0,2848.0770863795756,1001.0,100.0,1,35.715874501635064
2026-01-08,delta_gamma,medium,True,True,True,False,solver_returned_no_trade,246.2899932861328,0.035069999694824217,1,False,False,False,2026-01-11|225.0|call,2026-01-11,225.0,3,21.35483941877129,0.99999999992806,1.3532758885131946e-10,1.0538876362321726e-08,-7.888475877005549,-1000.0,0.0,2026-02-07|245.0|call,gamma,7.194001227617264e-06,-1.3532758885131946e-05,-0.0010538876362321725,788847.5877005549,3.785490399325595e-06,0.0,99999.999992806,100000.0,0.0,100000.0,7.194001227617264e-06,-1.3532758885131946e-05,-0.0010538876362321725,788847.5877005549,0.0,0.0,0.0,0.0,0.0,0.0,22472011.847725976,3127.3549549279214,22475139.202680904,0.0,0.0,0.0010746143963449217,1000.0,0.0,0,1.8313556356065415e-08
2026-01-09,delta_gamma,low,True,True,True,False,solver_returned_no_trade,247.3800048828125,0.03513000011444092,1,False,False,False,2026-01-11|225.0|call,2026-01-11,225.0,2,22.423311673593673,1.0,3.0068217311079903e-18,1.4769715239461546e-16,-7.90272865818411,-1000.0,0.0,2026-02-08|245.0|call,gamma,0.0,-3.0068217311079903e-13,-1.4769715239461548e-11,790272.865818411,8.181679001858179e-14,0.0,100000.0,100000.0,0.0,100000.0,0.0,-3.0068217311079903e-13,-1.4769715239461548e-11,790272.865818411,0.0,0.0,0.0,0.0,0.0,0.0,22475139.202680904,3133.1414395327606,22478272.344120435,0.0,0.0,1.5070397412572347e-11,1000.0,0.0,0,9.040976922663251e-24
2026-01-12,delta_gamma,medium,True,True,True,True,executed,246.47000122070312,0.03532999992370606,2,True,True,True,2026-02-11|245.0|call,2026-02-11,245.0,30,5.429561123376942,0.5895303794865926,0.03633098687727738,27.476676714295134,-30.260080116517422,-1000.0,-1000.0,2026-02-10|245.0|call,gamma,-58953.03794865926,-3633.098687727738,-2747667.6714295135,3026008.0116517423,983.0220036011772,983.0,966.3804040248287,1000.0,1000.0,1000.0,33.61959597517125,-0.08132193813480626,-92672.25580649124,9801.755900945514,-542956.1123376942,0.0,-24647000.122070312,525363.424146131,246470.00122070312,-24418122.809041172,-1939850.4649207368,-271.9639554668682,-1940122.4288762037,983.0,983.0,2810253.8080659006,1000.0,1000.0,1,0.6624560394336594
2026-01-13,delta_gamma,medium,True,True,True,True,executed,242.60000610351562,0.03559999942779541,2,False,False,False,2026-02-11|245.0|call,2026-02-11,245.0,29,3.584449953693877,0.44718501359089824,0.03609511747516977,27.04115347161145,-30.997938432608787,-1000.0,0.0,2026-02-08|245.0|call,gamma,29.477709555423644,0.21174909108231077,-94116.6310070497,9839.014317541383,948.0021026600781,948.0,2961.5979437775604,3000.0,2000.0,3000.0,38.40205622243957,-0.00800586436616868,-282647.45836758753,30557.01204078365,0.0,0.0,0.0,-29128.147777942475,485200.01220703125,456071.8644290888,-1484050.564447115,-209.65158430609821,-1484260.216031421,1931.0,1931.0,94146.3204656962,1983.0,2000.0,2,0.007884104347060354
2026-01-14,delta_gamma,medium,True,True,True,True,executed,236.64999389648438,0.03559999942779541,2,False,False,False,2026-02-11|245.0|call,2026-02-11,245.0,28,1.6585314371335471,0.2550750924743519,0.02897409873548472,21.050361952833427,-25.292455963490738,-1000.0,0.0,2026-02-15|240.0|call,gamma,218.47878007658437,-81.94620269894358,-280927.6200584355,93533.1903126766,873.0058621385753,873.0,-11411.556453905589,-11400.0,-14400.0,-11400.0,11.556453905592207,-0.0194557893878482,289635.9102476267,-69716.99984539486,0.0,0.0,0.0,172362.1057172819,-3407759.912109375,-3235397.806392093,-4719658.022423514,-666.7453289589965,-4720324.767752473,1821.0,1821.0,281228.045041211,1948.0,14400.0,2,0.03798632569730274
2026-01-15,delta_gamma,medium,True,True,True,True,executed,238.17999267578125,0.03565000057220459,2,False,False,False,2026-02-11|245.0|call,2026-02-11,245.0,27,1.7950802088770814,0.284983313837035,0.03284589590014979,21.992219008480813,-26.073645046766273,-1000.0,0.0,2026-02-12|240.0|call,gamma,1110.624878331917,-134.49886303394987,211310.12500357302,17387.285700698383,865.0443921349611,865.0,-11683.123691275432,-11700.0,-300.0,-11700.0,-16.876308724567934,-0.16855775922886096,68253.09458729206,-67159.47286644485,0.0,0.0,0.0,-25059.698312539025,-71453.99780273438,-96513.6961152734,-4816838.463867746,-681.4297380678661,-4817519.893605814,1738.0,1738.0,212555.24874493887,1873.0,300.0,2,2.841456629421633
2026-01-16,delta_gamma,medium,True,True,True,True,executed,239.1199951171875,0.035569999217987064,2,False,False,False,2026-02-11|245.0|call,2026-02-11,245.0,26,2.0001458638733993,0.3121226726046157,0.03476017621956814,22.582013194719327,-27.86614731405701,-1000.0,0.0,2026-02-10|240.0|call,gamma,248.1182710875437,-130.19201280476818,-13926.421711002477,26079.021728564985,864.056456377317,864.0,-11674.192522059271,-11700.0,0.0,-11700.0,-25.80747794072522,-0.2271186807038248,-101225.3568452471,-61500.54960631672,0.0,0.0,0.0,-16038.797720454575,0.0,-16038.797720454575,-4833558.691326269,-682.2606304387697,-4834240.951956708,1729.0,1729.0,14304.731994894788,1865.0,0.0,2,5.158955538382252
2026-01-20,delta_gamma,medium,True,True,True,True,executed,231.0,0.03572000026702881,2,False,False,False,2026-02-11|245.0|call,2026-02-11,245.0,22,0.763617658599518,0.13390769706582673,0.018683211382439585,12.244790927258224,-21.776079701051085,-1000.0,0.0,2026-02-22|230.0|call,gamma,-4734.617005547272,502.0517131889251,248743.6307850643,-577563.3729329379,663.023339062686,663.0,-23849.260859131493,-23800.0,-12100.0,-23800.0,49.26085913149291,-0.06576671075345075,590668.6810220578,-135925.99127977993,0.0,0.0,0.0,298549.047823417,-2795100.0,-2496550.952176583,-7330791.904133291,-1039.1106697348166,-7331831.014803026,1527.0,1527.0,253980.29950380052,1864.0,12100.0,2,0.43495265657517823
2026-01-21,delta_gamma,medium,True,True,True,True,executed,231.30999755859375,0.03588000059127808,2,False,False,False,2026-02-11|245.0|call,2026-02-11,245.0,21,0.40002442028820795,0.09194898396983792,0.017362859621278336,9.154208096044774,-14.374149408980065,-1000.0,0.0,2026-02-13|230.0|call,gamma,5436.237439654731,497.66739130261385,859882.6558529708,-583283.9581509398,435.9682114682755,436.0,-16206.890707508674,-16200.0,7600.0,-16200.0,6.890707508671767,0.12660093084309665,72817.77556587954,-89451.46619018144,0.0,0.0,0.0,-164954.45357075272,1757955.9814453125,1593001.5278745599,-5738829.486928466,-817.1000213660216,-5739646.586949832,1099.0,1099.0,865816.5606839281,1663.0,7600.0,2,1.602827050883824
2026-01-22,delta_gamma,medium,True,True,True,True,executed,234.33999633789062,0.03588000059127808,2,False,False,False,2026-02-11|245.0|call,2026-02-11,245.0,20,0.5480925482541608,0.12871839602944918,0.024268532783345172,11.524872764920516,-17.659693107521417,-1000.0,0.0,2026-02-13|235.0|call,gamma,2000.105390822282,-779.1818186696203,-297567.07755462336,403137.6341761891,546.0289033419127,546.0,-14475.769722024914,-14500.0,1700.0,-14500.0,-24.23027797508621,-0.1284623756109795,100691.40467232908,-78999.84994135238,0.0,0.0,0.0,-91497.94310787253,398377.99377441406,306880.05066654156,-5432766.53628329,-773.5224862465088,-5433540.058769536,982.0,982.0,300346.36476411525,1436.0,1700.0,2,1.650845301132388
2026-01-23,delta_gamma,medium,True,True,True,True,executed,239.16000366210938,0.03582000017166138,2,False,False,False,2026-02-11|245.0|call,2026-02-11,245.0,19,1.4892445889325217,0.27878075630459603,0.038164115906158994,18.329157847742792,-30.73377165321913,-1000.0,0.0,2026-03-02|240.0|call,gamma,-4115.796635517116,-1765.147709802311,-745160.269548797,1234893.3290373236,1192.9973058861392,1193.0,-33215.70989035924,-33200.0,-18700.0,-33200.0,15.709890359241399,0.0086185000700425,1838085.5006986759,-276532.9896303634,0.0,0.0,0.0,245034.87935336155,-4472292.068481445,-4227257.189128084,-9660797.247897621,-1373.2133296749148,-9662170.461227296,1739.0,1739.0,751041.2138941165,1546.0,18700.0,2,0.0076746550008316445
2026-01-26,delta_gamma,medium,True,True,True,True,executed,238.4199981689453,0.03575000047683716,2,False,False,False,2026-02-11|245.0|call,2026-02-11,245.0,16,1.059537151271293,0.229530736383592,0.03754976730630737,15.14014700841024,-29.86219364536475,-1000.0,0.0,2026-02-24|240.0|call,gamma,1680.0170622263468,218.53080189202046,1997254.8081964934,-456072.1864277208,1025.0215098786837,1025.0,-25854.264768152483,-25900.0,7300.0,-25900.0,-45.73523184751684,-0.07879746245089336,1229159.662397935,-207898.80874597514,0.0,0.0,0.0,-125634.78309393494,1740465.9866333008,1614831.203539366,-8047339.25768793,-1141.6364376968804,-8048480.894125627,2218.0,2218.0,1999153.3560606118,2193.0,7300.0,2,0.6229957203021411
2026-01-27,delta_gamma,medium,True,True,True,True,executed,244.67999267578125,0.03569999933242798,2,False,False,False,2026-02-11|245.0|call,2026-02-11,245.0,15,3.2341300467926857,0.5085084634909847,0.04949403443086724,19.783764531868826,-43.43221360223605,-1000.0,0.0,2026-02-19|245.0|call,gamma,-5614.127646675872,-1720.63062165884,458246.6899141879,1139880.2246278846,1243.9891746352691,1244.0,-13506.983073429175,-13500.0,12400.0,-13500.0,6.98307342917542,0.04307038884599024,1066962.3637009664,-141796.28807848413,0.0,0.0,0.0,-264323.9137831949,3034031.9091796875,2769707.9953964925,-5278772.898729134,-747.8261466693215,-5279520.724875804,2269.0,2269.0,465581.4481825226,2025.0,12400.0,2,0.18555460284899727
2026-01-28,delta_gamma,medium,True,True,True,True,executed,243.00999450683594,0.03582000017166138,2,False,False,False,2026-02-11|245.0|call,2026-02-11,245.0,14,2.342813752996321,0.4219582758292515,0.05052886158687494,18.622339876817385,-43.0875452278512,-1000.0,0.0,2026-03-05|245.0|call,gamma,96.89110755240108,-3.298924090226137,1073926.5467589465,-141511.34861871786,1591.0048487016895,1591.0,-33306.268932209496,-33300.0,-19800.0,-33300.0,6.268932209495688,-0.015399033934045292,2971968.1912963833,-348437.06569666695,0.0,0.0,0.0,311453.2118057875,-4811597.891235352,-4500144.679429564,-9779665.404305369,-1390.1095891309885,-9781055.5138945,2835.0,2835.0,1074026.736790589,2244.0,19800.0,2,0.023752324121235093
2026-01-29,delta_gamma,medium,True,True,True,True,executed,241.72999572753906,0.035799999237060544,2,False,False,False,2026-02-11|245.0|call,2026-02-11,245.0,13,1.8233717684944963,0.3566711292695868,0.04861220944428223,17.012155288438933,-43.18018051648535,-1000.0,0.0,2026-02-27|240.0|call,gamma,221.28100298023492,66.04793141509253,2986480.52802028,-408330.2899113372,1443.0063272260334,1443.0,-49842.71793837229,-49800.0,-16500.0,-49800.0,42.71793837228324,-0.021315252146450803,2115145.3266998376,-452800.4937414378,0.0,0.0,0.0,216503.36944569263,-3988544.9295043945,-3772041.560058702,-13553097.073953202,-1925.4002575687784,-13555022.47421077,3034.0,3034.0,2986767.856954675,2591.0,16500.0,2,0.04725881966545575
2026-01-30,delta_gamma,medium,True,True,True,True,executed,239.3000030517578,0.03572000026702881,2,False,False,False,2026-02-11|245.0|call,2026-02-11,245.0,12,1.076457300026263,0.24430926118156454,0.04153940790323772,13.619473349784112,-38.12168337034295,-1000.0,0.0,2026-02-27|240.0|call,gamma,-905.9125935997581,824.8241397156107,2452759.8343041027,-1127595.9348972826,1203.9404640840894,1204.0,-36749.473246754336,-36700.0,13100.0,-36700.0,49.47324675433629,0.205416029254593,1820940.6981582118,-309436.77967091603,0.0,0.0,0.0,-109706.09564442065,3134830.0399780273,3025123.944333607,-10529898.529877163,-1492.5713424563435,-10531391.10121962,239.0,239.0,2454490.571037418,2443.0,13100.0,1,4.2220221096167965
2026-02-02,delta_gamma,medium,True,True,True,True,executed,242.9600067138672,0.03578000068664551,2,False,False,False,2026-02-11|245.0|call,2026-02-11,245.0,9,1.6707012855683416,0.3893244159101076,0.06200588710674689,14.630653277021809,-51.41918743294182,-1000.0,0.0,2026-03-06|240.0|call,gamma,1708.6004545242467,-1882.3771802635156,1394512.7030810984,1081741.6678640004,1945.0117354963213,1945.0,-84279.75265986045,-84300.0,-47600.0,-84300.0,-20.24734013955458,-0.03741210640237114,3803527.400351591,-811760.4739338364,0.0,0.0,0.0,576528.3697308246,-11564896.319580078,-10988367.949849254,-21519759.051068872,-3055.4642604114692,-21522814.515329283,3149.0,3149.0,1398103.6807158862,2204.0,47600.0,2,0.14037652532896075
2026-02-03,delta_gamma,medium,True,True,True,True,executed,238.6199951171875,0.03589999914169312,2,False,False,False,2026-02-11|245.0|call,2026-02-11,245.0,8,0.5727665053014732,0.17093235005255852,0.040065941377599515,8.970961023603827,-38.16051047430806,-1000.0,0.0,2026-03-08|240.0|call,gamma,-6114.865963819713,2177.276514263723,4497149.1629522825,-2695601.0802730084,1300.9861115992965,1301.0,-46954.83874763556,-47000.0,37300.0,-47000.0,-45.1612523644435,0.04277154409646755,2826167.659504234,-426742.1809835159,0.0,0.0,0.0,-278155.217380745,8900525.817871094,8622370.600490348,-12900443.914838934,-1837.8012915483253,-12902281.716130482,3246.0,3246.0,4505441.305430366,2945.0,37300.0,2,0.1849800371547318
2026-02-04,delta_gamma,medium,True,True,True,True,executed,232.99000549316406,0.0359500002861023,2,False,False,False,2026-02-11|245.0|call,2026-02-11,245.0,7,0.06580558212920273,0.028608020542773952,0.010842646031889442,2.110477423203711,-10.52478709213441,-1000.0,0.0,2026-03-09|235.0|call,gamma,-7286.569930700709,2532.422765584398,3028319.723825582,-2768368.0774148023,357.01897466461446,357.0,-14038.636368558931,-14000.0,33000.0,-14000.0,38.63636855893128,-0.05762594892371453,784489.1960499272,-113157.27742241602,0.0,0.0,0.0,-185940.18448691387,7688670.181274414,7502729.996787501,-5399551.719342981,-770.2931978381124,-5400322.012540819,1658.0,1658.0,3038138.716521867,2301.0,33000.0,2,0.3335677679112772
2026-02-05,delta_gamma,medium,True,True,True,True,executed,222.69000244140625,0.03578000068664551,2,False,False,False,2026-02-11|245.0|call,2026-02-11,245.0,6,0.0007028904725649987,0.00042923913543118486,0.00024440997626695195,0.04405149512597614,-0.29964210534545926,-1000.0,0.0,2026-03-10|225.0|call,gamma,-5846.593695646965,717.4421171443491,709652.356892945,-934473.7583743485,8.993432222502387,9.0,-380.20466309752146,-400.0,13600.0,-400.0,-19.79533690247854,0.017848917994864877,19569.114587920354,-2228.4345502337565,0.0,0.0,0.0,-62753.66656033527,3028584.033203125,2965830.36664279,-2434491.645898029,-345.65917762644546,-2434837.3050756557,366.0,366.0,716216.3927057363,1357.0,13600.0,2,0.03225024272182375
2026-02-06,delta_gamma,medium,True,True,True,True,executed,210.32000732421875,0.03589999914169312,2,False,False,False,2026-02-11|245.0|call,2026-02-11,245.0,5,2.6583212737215253e-10,3.340301557685995e-10,4.086256442648676e-10,5.203124221981574e-08,-4.0159011720480424e-07,-1000.0,0.0,2026-03-08|210.0|call,gamma,-260.1792409755924,16.583343762410742,13375.550980836746,-16887.815095837454,1.26569592554924e-05,0.0,3.340301557685995e-05,0.0,400.0,0.0,-3.340301557685995e-05,-4.086256442648676e-05,-0.005203124221981574,0.04015901172048043,0.0,0.0,0.0,-920.4583190672868,84128.0029296875,83207.54461062021,-2351629.7604650357,-335.01391421537613,-2351964.774379251,9.0,9.0,13652.313565574748,1009.0,400.0,1,1.6697491826663953e-07
2026-02-09,delta_gamma,medium,True,True,True,False,already_within_tolerance,208.72000122070312,0.035929999351501464,2,False,False,False,2026-02-11|245.0|call,2026-02-11,245.0,2,1.4486313595389313e-34,6.426857331615716e-34,2.8294708956839422e-33,1.2079862641454173e-31,-1.97626721175861e-30,-1000.0,0.0,2026-03-11|210.0|call,gamma,-6.426857331615715e-29,-2.8294708956839424e-28,-1.2079862641454173e-26,1.9762672117586099e-25,7.386525681017319e-29,0.0,6.426857331615715e-29,0.0,0.0,0.0,-6.426857331615715e-29,-2.8294708956839424e-28,-1.2079862641454173e-26,1.9762672117586099e-25,0.0,0.0,0.0,0.0,0.0,0.0,-2351964.774379251,-335.3416381674634,-2352300.1160174184,0.0,0.0,1.2427078304338724e-26,1000.0,0.0,0,8.005905553652939e-54
2026-02-10,delta_gamma,medium,True,True,True,False,already_within_tolerance,206.9600067138672,0.03589999914169312,2,False,False,False,2026-02-11|245.0|call,2026-02-11,245.0,1,2.7094443352648896e-70,2.411710493380372e-69,2.138707494730944e-68,4.6029211570010633e-67,-1.5424216184486576e-65,-1000.0,0.0,2026-03-12|205.0|call,gamma,-2.411710493380372e-64,-2.1387074947309438e-63,-4.602921157001063e-62,1.5424216184486577e-60,5.884430270043332e-64,0.0,2.411710493380372e-64,0.0,0.0,0.0,-2.411710493380372e-64,-2.1387074947309438e-63,-4.602921157001063e-62,1.5424216184486577e-60,0.0,0.0,0.0,0.0,0.0,0.0,-2352300.1160174184,-335.10941327789664,-2352635.2254306963,0.0,0.0,4.8409090114079615e-62,1000.0,0.0,0,4.574069748599945e-124
2026-02-11,delta_gamma,medium,True,True,True,True,executed,204.0800018310547,0.035999999046325684,3,True,True,True,2026-03-13|205.0|call,2026-03-13,205.0,30,3.9727744182241764,0.49798987069762257,0.03857976513599096,23.340985965293413,-28.610879567412603,-1000.0,-1000.0,2026-03-22|205.0|call,gamma,-49798.987069762254,-3857.9765135990956,-2334098.5965293413,2861087.9567412604,1144.00654542712,1144.0,-8210.647017419724,-8200.0,-8200.0,-8200.0,10.647017419723852,-0.02207339127699015,709967.4169715396,-71607.70572743192,-397277.44182241766,0.0,0.0,532346.0047704803,-1673456.0150146484,-1538387.452066586,-3891022.677497282,-555.8603677743404,-3891578.5378650567,1144.0,1144.0,2387755.5601127027,1000.0,8200.0,1,0.04883681922664639
2026-02-12,delta_gamma,medium,True,True,True,True,executed,199.60000610351562,0.035980000495910644,3,False,False,False,2026-03-13|205.0|call,2026-03-13,205.0,29,2.7391965999403283,0.354379586343912,0.03152268974987431,20.932780070167098,-30.082077699391274,-1000.0,0.0,2026-03-15|200.0|call,gamma,-100.12264268386934,62.67594222431808,713306.5288143845,-127154.76144376211,958.9781994219925,959.0,-14337.023586120878,-14300.0,-6100.0,-14300.0,37.02358612087846,0.07166094675721979,129669.27551905834,-59537.39792724652,0.0,0.0,0.0,77602.85798208078,-1217560.0372314453,-1139957.1792493644,-5031535.717114421,-718.3914984006706,-5032254.108612821,2103.0,2103.0,713469.3273992926,2144.0,6100.0,2,0.5148998749433591
2026-02-13,delta_gamma,medium,True,True,True,True,executed,198.7899932861328,0.035929999351501464,3,False,False,False,2026-03-13|205.0|call,2026-03-13,205.0,28,2.341668626815064,0.32349329090877577,0.03140682029390832,19.778663693484905,-29.00703809331148,-1000.0,0.0,2026-03-20|200.0|call,gamma,418.12359268649016,111.2932453921103,201959.5679872858,-156990.43311329978,1002.0005083238681,1002.0,-17392.58150497285,-17400.0,-3100.0,-17400.0,-7.418495027151948,-0.0015932962351143942,482741.8508062388,-89925.19052840117,0.0,0.0,0.0,62110.626302192744,-616248.9791870117,-554138.352884819,-5586392.46149764,-796.5042758684241,-5587188.965773509,1961.0,1961.0,202488.9848253644,1959.0,3100.0,2,0.00030889335775084845
2026-02-17,delta_gamma,medium,True,True,True,True,executed,201.14999389648438,0.035929999351501464,3,False,False,False,2026-03-13|205.0|call,2026-03-13,205.0,24,2.7518071122360652,0.38519784435025356,0.03641176466673529,19.71934660047049,-33.20872892529534,-1000.0,0.0,2026-03-25|200.0|call,gamma,1253.7044921861743,-340.0738709066595,334605.1318681394,167128.96682510152,1192.9940502994023,1193.0,-29510.95285932583,-29500.0,-12100.0,-29500.0,10.952859325829195,0.018159277319682587,987928.7386800316,-201096.55344231287,0.0,0.0,0.0,159037.3928753786,-2433914.926147461,-2274877.5332720825,-7862066.499045592,-1120.968429413371,-7863187.467475005,2195.0,2195.0,336198.91023123224,2002.0,12100.0,2,0.033095900404725244
2026-02-18,delta_gamma,medium,True,True,True,True,executed,204.7899932861328,0.03602999925613403,3,False,False,False,2026-03-13|205.0|call,2026-03-13,205.0,23,4.139377241346864,0.5199048836454073,0.03960510921639523,20.483080056224075,-35.49396102573282,-1000.0,0.0,2026-03-27|205.0|call,gamma,-135.91082826405182,-570.6623695049757,650313.8701090566,198653.84250128688,1277.0332833703199,1277.0,-15588.590125400216,-15600.0,13900.0,-15600.0,-11.409874599790783,-0.10322295697187656,1264517.5765353953,-139553.35973257432,0.0,0.0,0.0,-285503.6720901922,2846580.906677246,2561077.234587054,-5302110.232887952,-758.0755069321172,-5302868.308394884,2470.0,2470.0,651020.4433068256,2193.0,13900.0,2,1.065628069840171
2026-02-19,delta_gamma,medium,True,True,True,True,executed,204.86000061035156,0.0359500002861023,3,False,False,False,2026-03-13|205.0|call,2026-03-13,205.0,22,4.1968035570044435,0.5218201252655409,0.039272277520830734,20.034656056213965,-37.20984521573615,-1000.0,0.0,2026-03-14|205.0|call,gamma,-23.70455346176459,-33.87337910952738,1264537.3451600303,-112332.57730587572,1023.032316394658,1023.0,-1275.1891336662957,-1300.0,14300.0,-1300.0,-24.810866333704325,-0.12405653263795102,91928.04377290816,-11530.02662968263,0.0,0.0,0.0,-261810.38040188001,2929498.0087280273,2667687.6283261473,-2635180.6800687364,-375.93153254921555,-2635556.6116012856,2300.0,2300.0,1264594.9230926016,2277.0,14300.0,2,1.5396179081033297
2026-02-20,delta_gamma,medium,True,True,True,True,executed,210.11000061035156,0.0359500002861023,3,False,False,False,2026-03-13|205.0|call,2026-03-13,205.0,21,7.1912272652537865,0.7269953578688919,0.03443298735953107,16.75585342022458,-33.13138171628339,-1000.0,0.0,2026-03-28|210.0|call,gamma,-2.1015525400289334,19.290395992944923,90424.02841723617,-27045.658466723282,1095.0034373974993,1095.0,13685.548332543905,13700.0,15000.0,13700.0,14.451667456094583,-0.010809086127210321,1193214.4291685435,106073.64793845592,0.0,0.0,0.0,-146687.19197648217,3151650.0091552734,3004962.8171787914,369406.20557750575,52.69902061983848,369458.9045981256,2118.0,2118.0,90445.42036576914,2023.0,15000.0,2,0.011892484982806605
2026-02-23,delta_gamma,medium,True,True,True,True,executed,205.27000427246094,0.03588000059127808,3,False,False,False,2026-03-13|205.0|call,2026-03-13,205.0,18,4.1209101207988255,0.5357250352772555,0.0416871532233102,18.112541056998904,-42.196481261315334,-1000.0,0.0,2026-03-17|205.0|call,gamma,3014.76999995557,-950.6236465019015,784959.7797263325,876874.7206799225,1107.9990488687386,1108.0,-5948.122643375689,-5900.0,-19600.0,-5900.0,48.12264337568922,0.0035785188329100492,406675.1978613464,-54917.42150606308,0.0,0.0,0.0,124647.18339431833,-4023292.0837402344,-3898644.900345916,-3529185.99574779,-502.488871484766,-3529688.484619275,2203.0,2203.0,788925.17337279,2095.0,19600.0,2,0.0035963685092129556
2026-02-24,delta_gamma,medium,True,True,True,True,executed,208.55999755859375,0.03588000059127808,3,False,False,False,2026-03-13|205.0|call,2026-03-13,205.0,17,5.769520931616398,0.6804633426793296,0.040637182445060836,16.086302502421884,-38.62806846327109,-1000.0,0.0,2026-03-28|210.0|call,gamma,55.118604480827344,43.864457052106445,403837.17519386485,-90320.47511508176,1233.9933598299115,1234.0,8084.725580527345,8100.0,14000.0,8100.0,15.2744194726547,0.02186703852203209,1429552.6418899589,36843.73374163825,0.0,0.0,0.0,-134892.33611789765,2919839.9658203125,2784947.629702415,-744740.8549168603,-106.0369139474837,-744846.8918308078,2342.0,2342.0,403936.1582553978,2108.0,14000.0,2,0.048050045262630146
2026-02-25,delta_gamma,medium,True,True,True,True,executed,210.63999938964844,0.03588000059127808,3,False,False,False,2026-03-13|205.0|call,2026-03-13,205.0,16,6.962888750588377,0.7829588098438102,0.03708354092796866,12.956786724310152,-32.21654824556854,-1000.0,0.0,2026-03-18|210.0|call,gamma,-1501.2491000525624,713.4080818346188,1695808.1874686775,-436918.99115925375,848.0284033582708,848.0,31157.153044714105,31200.0,23100.0,31200.0,42.84695528589509,-0.1242054033518798,396792.65706434683,248305.9070454724,0.0,0.0,0.0,-270958.14368976146,4865783.985900879,4594825.842211117,3849978.9503803095,548.1636786351336,3850527.1140589444,2082.0,2082.0,1698022.8446505647,2234.0,23100.0,2,1.5445340837575867
2026-02-26,delta_gamma,medium,True,True,True,True,executed,207.9199981689453,0.03588000059127808,3,False,False,False,2026-03-13|205.0|call,2026-03-13,205.0,15,4.974134218402895,0.6676407822067733,0.04636611801237389,15.307915571842708,-39.413076021780654,-1000.0,0.0,2026-03-29|210.0|call,gamma,1391.896982861268,-949.4459569888008,94377.20870930864,914939.3641512915,1322.9567630959095,1323.0,5859.544589077697,5900.0,-25300.0,5900.0,40.45541092230269,0.1515338560921009,1651564.1105452094,3173.6517465370707,0.0,0.0,0.0,267281.5618304346,-5260375.953674316,-4993094.391843881,-1142567.277784937,-162.67981985118465,-1142729.9576047882,2171.0,2171.0,96718.55164915872,1848.0,25300.0,2,2.297887594487047
2026-02-27,delta_gamma,medium,True,True,True,True,executed,210.0,0.03578000068664551,3,False,False,False,2026-03-13|205.0|call,2026-03-13,205.0,14,6.523782659011346,0.7499520872219412,0.038912516992032915,13.070822468986217,-39.23745733733806,-1000.0,0.0,2026-03-29|210.0|call,gamma,1278.9583429792983,508.8557525251572,1860365.940049074,-407750.9755836269,1170.0000635265556,1170.0,12759.550773401294,12800.0,6900.0,12800.0,40.449226598706446,-0.0002112801739713177,1494062.4082251906,93170.41256872937,0.0,0.0,0.0,-77679.38346213162,1449000.0,1371320.6165378683,228590.65893308003,32.45624576819982,228623.11517884824,153.0,153.0,1862153.7541445782,2323.0,6900.0,1,0.001640603863624836
2026-03-02,delta_gamma,medium,True,True,True,True,executed,208.38999938964844,0.03589999914169312,3,False,False,False,2026-03-13|205.0|call,2026-03-13,205.0,11,5.193945458825937,0.6880141739954585,0.045802378751376806,12.798261814195877,-50.29539043378964,-1000.0,0.0,2026-04-01|205.0|call,gamma,-167.73478517383774,-749.7036746045032,1361359.3132185494,798245.4899254283,1568.010278646977,1568.0,-30710.916849532718,-30700.0,-43500.0,-30700.0,10.916849532717606,-0.030024451261851937,2242453.0283924867,-290269.05184358545,0.0,0.0,0.0,639581.6906174201,-9064964.973449707,-8425383.282832287,-8196760.167653439,-1167.7130277119952,-8197927.880681151,2738.0,2738.0,1362276.7516783278,2170.0,43500.0,2,0.09026594496125223
2026-03-03,delta_gamma,medium,True,True,True,True,executed,208.72999572753906,0.0359500002861023,3,False,False,False,2026-03-13|205.0|call,2026-03-13,205.0,10,5.546227410731632,0.6946170391563997,0.043226004457351475,12.108604472043421,-56.87250280104792,-1000.0,0.0,2026-04-03|210.0|call,gamma,-529.5731269546086,-95.37457850476312,2255433.680439527,-183016.03989070375,1556.9944613575249,1557.0,-7807.982269197149,-7800.0,22900.0,-7800.0,7.982269197149435,0.015376636863948079,2567461.8702371228,-116461.37036932446,0.0,0.0,0.0,-397232.6613025343,4779916.9021606445,4382684.240858111,-3815243.63982304,-544.2778172348741,-3815787.917640275,3125.0,3125.0,2256058.6281449865,2568.0,22900.0,2,0.02370781274610846
2026-03-04,delta_gamma,medium,True,True,True,True,executed,216.82000732421875,0.0359500002861023,3,False,False,False,2026-03-13|205.0|call,2026-03-13,205.0,9,12.129202755402446,0.9573407172324013,0.012529519717131392,3.091060765239853,-20.366021889250845,-1000.0,0.0,2026-03-31|215.0|call,gamma,9514.390311582567,2653.7279494804716,2914110.4151548697,-2976848.9885487687,401.9671287899686,402.0,72113.55890104314,72100.0,79900.0,72100.0,-13.558901043146761,0.10246123245292438,613752.9039175513,540424.2500414059,0.0,0.0,0.0,-1266717.8332314272,17323918.585205078,16057200.751973651,12241412.834333377,1746.3444241927828,12243159.178757569,1959.0,1959.0,2926278.5334159327,2557.0,79900.0,2,1.0500142593747184
2026-03-05,delta_gamma,medium,True,True,True,True,executed,218.94000244140625,0.03588000059127808,3,False,False,False,2026-03-13|205.0|call,2026-03-13,205.0,8,14.189107291342964,0.9709745580212278,0.008527851274443481,2.145826314858968,-18.84243009241842,-1000.0,0.0,2026-03-26|220.0|call,gamma,714.1440284031378,227.16459572566725,664579.7812105658,222576.93686071713,266.0536545815787,266.0,84012.21396499476,84000.0,11900.0,84000.0,-12.213964994762136,-0.17197970560312115,342591.6857289076,638558.1950207336,0.0,0.0,0.0,-198625.6265675789,2605386.0290527344,2406760.4024851555,14649919.581242725,2085.869536655418,14652005.45077938,668.0,668.0,665521.0898346946,1402.0,11900.0,2,2.957851094874515
2026-03-06,delta_gamma,high,True,True,True,True,executed,213.2100067138672,0.03569999933242798,3,False,False,False,2026-03-13|205.0|call,2026-03-13,205.0,7,9.090766410907179,0.8410807046152412,0.02782563192901145,7.152310951423881,-61.05584325160609,-1000.0,0.0,2026-04-06|215.0|call,gamma,9166.41012692705,-2117.5041054268195,-224186.3504503218,4709963.545054667,1281.9774668012374,1282.0,20965.6816524494,21000.0,-63000.0,21000.0,34.318347550601175,0.04890885457734839,2462110.835008646,123929.49824155681,0.0,0.0,0.0,782081.8664798299,-13432230.422973633,-12650148.556493804,2001856.8942855764,283.59638805401363,2002140.4906736305,1548.0,1548.0,235470.26468267565,1266.0,63000.0,2,0.24038535458542512
2026-03-09,delta_gamma,high,True,True,True,True,executed,213.49000549316406,0.035929999351501464,3,False,False,False,2026-03-13|205.0|call,2026-03-13,205.0,4,8.71999153927274,0.9396888175981308,0.02104107372025574,2.6731014957181745,-37.91489060297987,-1000.0,0.0,2026-04-03|215.0|call,gamma,-10163.929505815198,1282.2212069384595,2755904.365718211,-1695986.16071341,752.0022130692414,752.0,57429.29743647888,57400.0,36400.0,57400.0,-29.297436478882446,-0.0061921829810671625,1407854.9381391797,406638.61131136725,0.0,0.0,0.0,-323771.9102767454,7771036.199951172,7447264.289674426,9449404.780348057,1347.2901096427797,9450752.070457699,2034.0,2034.0,2767350.5164309647,2282.0,36400.0,2,0.004692652791335933
2026-03-10,delta_gamma,medium,True,True,True,True,executed,214.3300018310547,0.0359500002861023,3,False,False,False,2026-03-13|205.0|call,2026-03-13,205.0,3,9.432064210270141,0.9771740800936375,0.011205292846284154,1.0520475808981078,-23.104771000981284,-1000.0,0.0,2026-03-31|215.0|call,gamma,-2115.888249719639,1071.8846379513463,1543271.7184355613,-1089732.04774913,358.99644231080737,359.0,79593.26393514093,79600.0,22200.0,79600.0,6.736064859065664,0.011104552736924234,631033.8557804034,586666.1492229076,0.0,0.0,0.0,-225359.06127115694,4758126.040649414,4532766.979378257,13983519.049835956,1994.8710866758713,13985513.920922631,1111.0,1111.0,1546459.4913232322,1752.0,22200.0,2,0.012376483718498688
2026-03-11,delta_gamma,medium,True,True,True,True,executed,212.64999389648438,0.035999999046325684,3,False,False,False,2026-03-13|205.0|call,2026-03-13,205.0,2,7.716816030602985,0.981027327849691,0.012214407155967253,0.7287669663402938,-23.245249561535555,-1000.0,0.0,2026-04-15|215.0|call,gamma,-2420.8432374336207,-43.010934813010635,633966.1899863902,645111.4417181185,491.96818774253694,492.0,74723.743650175,74700.0,-4900.0,74700.0,-23.743650175005314,0.07898231529702571,1217114.4525925927,517372.4802639398,0.0,0.0,0.0,136938.78220824097,-1041984.9700927734,-905046.1878845325,13080467.7330381,1868.638198074863,13082336.371236173,851.0,851.0,636430.0441586368,1359.0,4900.0,2,0.6243843738915111
2026-03-12,delta_gamma,high,True,True,True,True,executed,209.52999877929688,0.036050000190734864,3,False,False,False,2026-03-13|205.0|call,2026-03-13,205.0,1,4.625532199532529,0.9410060883753666,0.0397664447647147,1.2892551723456105,-70.36091095374319,-1000.0,0.0,2026-04-01|210.0|call,gamma,827.6408749734364,-2889.992916572378,1095013.8115289677,5082727.763354836,1329.999004753363,1330.0,26133.16340074707,26100.0,-48600.0,26100.0,-33.16340074707114,0.0029757481224805815,2472493.71202288,92914.56247175019,0.0,0.0,0.0,458936.89506238676,-10183157.940673828,-9724221.045611441,3358115.3256247323,480.3970560685765,3358595.722680801,1822.0,1822.0,1098731.4453205136,1492.0,48600.0,2,0.001985318837955509
2026-03-13,delta_gamma,high,True,True,True,True,executed,207.6699981689453,0.03602999925613403,4,True,True,True,2026-04-12|210.0|call,2026-04-12,210.0,30,5.685904389715205,0.47381460154656924,0.024508955164717086,23.700699021594794,-42.673940175262715,-1000.0,-1000.0,2026-04-06|210.0|call,gamma,-47381.460154656925,-2450.8955164717086,-2370069.9021594794,4267394.017526272,894.0359143961483,894.0,5923.881260824637,5900.0,5900.0,5900.0,-23.88126082463714,-0.09845514154312696,-478680.96378515987,58917.720728380606,-568590.4389715205,-297608.2503574892,-5420186.952209473,441223.86514013616,1225252.9891967773,-4619908.7872015685,-1261313.0645207674,-180.33773323982294,-1261493.4022540073,894.0,894.0,2419902.257830608,1000.0,5900.0,1,0.9699118042462908
2026-03-16,delta_gamma,medium,True,True,True,True,executed,211.74000549316406,0.036050000190734864,4,False,False,False,2026-04-12|210.0|call,2026-04-12,210.0,27,6.605667178171373,0.5802543823897355,0.02883025365480112,22.508167888159747,-40.00519173563672,-1000.0,0.0,2026-04-18|210.0|call,gamma,61.980018897178525,41.60845141486561,-479484.13165189675,6741.119956968818,1107.0147911684612,1107.0,-6000.042297682325,-6000.0,-11900.0,-6000.0,0.042297682324715424,-0.03852099736968739,506469.5264723953,-57130.3771728999,0.0,0.0,0.0,274877.05226005067,-2519706.0653686523,-2244829.013108602,-3506322.415362609,-501.59890374047615,-3506824.0142663494,2001.0,2001.0,479587.7201222088,1894.0,11900.0,2,0.14838672562464023
2026-03-17,delta_gamma,medium,True,True,True,True,executed,215.1999969482422,0.036050000190734864,4,False,False,False,2026-04-12|210.0|call,2026-04-12,210.0,26,8.461464172175653,0.6844359339171234,0.0275115345501519,20.41891864610497,-37.25074089032125,-1000.0,0.0,2026-04-24|215.0|call,gamma,10.797067519539269,29.985695336991284,504540.5351260961,-91389.83195132436,1080.0334376150618,1080.0,10104.517834456856,10100.0,16100.0,10100.0,-4.5178344568557804,-0.08517515013954835,934647.6102539063,90692.51480270457,0.0,0.0,0.0,-277763.43805206113,3464719.950866699,3186956.512814638,-319867.50145171117,-45.75882336644473,-319913.2602750776,2187.0,2187.0,504581.3178889526,2107.0,16100.0,2,0.72550103095764
2026-03-18,delta_gamma,high,True,True,True,True,executed,209.8699951171875,0.03609999895095825,4,False,False,False,2026-04-12|210.0|call,2026-04-12,210.0,25,5.678207497022214,0.5243396314747312,0.028947712393406932,21.871305415001864,-43.753778071963985,-1000.0,0.0,2026-04-07|210.0|call,gamma,2528.9888929682274,-407.18254593806296,626866.9364410252,537883.7391947568,892.0121255773942,892.0,5967.3858666084925,6000.0,-4100.0,6000.0,32.614133391507494,-0.039350107128029777,-441325.0843207082,58680.02322111931,0.0,0.0,0.0,-76450.85176295188,-860466.9799804688,-936917.8317434206,-1256831.092018498,-180.0460361246012,-1257011.1380546228,1972.0,1972.0,629803.1078799316,2080.0,4100.0,2,0.155906774795621
2026-03-19,delta_gamma,medium,True,True,True,True,executed,208.75999450683594,0.036119999885559084,4,False,False,False,2026-04-12|210.0|call,2026-04-12,210.0,24,4.780772969347964,0.4893471700536537,0.030983826154126072,21.34821958067121,-42.54975145237464,-1000.0,0.0,2026-04-24|210.0|call,gamma,11.78312912205729,12.618007871109512,-441718.8760410298,43131.81378120463,1229.9951008044884,1230.0,-12900.152793494563,-12900.0,-18900.0,-12900.0,0.15279349456250202,0.012341172897777142,1082223.214211871,-123704.5122316191,0.0,0.0,0.0,377102.6729785396,-3945563.896179199,-3568461.2232006597,-4825472.361255283,-691.6510362551958,-4826164.012291538,2122.0,2122.0,441743.27717802295,1892.0,18900.0,2,0.015230478195134886
2026-03-20,delta_gamma,high,True,True,True,True,executed,205.3699951171875,0.036180000305175784,4,False,False,False,2026-04-12|210.0|call,2026-04-12,210.0,23,3.7514142526756586,0.39633177563568533,0.027809154836825146,19.868332677933505,-45.18914999615844,-1000.0,0.0,2026-04-15|205.0|call,gamma,24.05183606067294,28.36057691856331,1081810.9469378798,-170331.23328697588,1026.9690501790874,1027.0,-15686.887592216866,-15700.0,-2800.0,-15700.0,-13.112407783133676,0.08380859791077455,248346.5698047073,-65931.09595865943,0.0,0.0,0.0,14537.950952815474,-575035.986328125,-560498.0353753095,-5386662.047666847,-773.3707719383546,-5387435.418438785,2257.0,2257.0,1081863.359350859,2230.0,2800.0,2,0.7025600436148597
2026-03-23,delta_gamma,high,True,True,True,True,executed,210.13999938964844,0.036119999885559084,4,False,False,False,2026-04-12|210.0|call,2026-04-12,210.0,20,5.385966093313485,0.5294461791658056,0.03105423007549151,19.57051186041192,-50.33575689403586,-1000.0,0.0,2026-05-02|210.0|call,gamma,280.16921786287276,-425.09097405399143,2182.8392920377664,458902.6045509642,1428.0025394541378,1428.0,-23954.04293638556,-24000.0,-8300.0,-24000.0,-45.957063614434446,-0.005522454679521616,1987533.4198776616,-233978.53592873458,0.0,0.0,0.0,213839.4940008053,-1744161.994934082,-1530322.5009332767,-6917757.919372061,-991.5452986350964,-6918749.464670696,2455.0,2455.0,2888.0994839546306,2027.0,8300.0,2,0.005161802264798194
2026-03-24,delta_gamma,high,True,True,True,True,executed,207.24000549316406,0.03619999885559082,4,False,False,False,2026-04-12|210.0|call,2026-04-12,210.0,19,4.012556642379749,0.4388319390351082,0.030961377308061807,18.640980696425675,-51.365943807335015,-1000.0,0.0,2026-04-28|205.0|call,gamma,35.30865624098806,-3.7514729058966623,1987897.2330036932,-232471.82490404788,1380.0100190383923,1380.0,-36749.04512206087,-36700.0,-12700.0,-36700.0,49.04512206086656,-0.02247833158071444,1589797.7889609789,-304417.67466942035,0.0,0.0,0.0,248550.65141708707,-2631948.0697631836,-2383397.4183460968,-9302146.883016793,-1336.2607401577206,-9303483.14375695,2808.0,2808.0,1987936.29313284,2428.0,12700.0,2,0.05293296306321971
2026-03-25,delta_gamma,high,True,True,True,True,executed,211.7100067138672,0.03619999885559082,4,False,False,False,2026-04-12|210.0|call,2026-04-12,210.0,18,5.829313399737188,0.5809971336632914,0.032897511437017066,18.36813236037671,-51.28467264415323,-1000.0,0.0,2026-04-27|210.0|call,gamma,341.56139032285137,-345.6095963961161,1311526.6421404097,125169.79837276228,1357.9573600163747,1358.0,-19879.985097631456,-19900.0,16800.0,-19900.0,-20.014902368551702,0.10329848272795061,1552072.7657781297,-195490.2740107607,0.0,0.0,0.0,-452812.3991524597,3556728.1127929688,3103915.713640509,-6199567.430116441,-890.5727534737035,-6200458.002869915,2738.0,2738.0,1312213.8131271286,2380.0,16800.0,2,1.067458249706494
2026-03-26,delta_gamma,high,True,True,True,True,executed,207.5399932861328,0.03619999885559082,4,False,False,False,2026-04-12|210.0|call,2026-04-12,210.0,17,3.935146820545242,0.44380371592291606,0.032206658077787706,17.6910013494107,-55.19303329849745,-1000.0,0.0,2026-04-27|210.0|call,gamma,115.8824034971476,-28.196185990835147,1553137.4262279149,-156779.6576186465,1369.993981184419,1370.0,-20584.921466788357,-20600.0,-700.0,-20600.0,-15.078533211642934,0.01414940051654412,1582494.4591690253,-206936.50286873523,0.0,0.0,0.0,7108.374356087546,-145277.99530029297,-138169.6209442054,-6338627.623814121,-910.5488600320934,-6339538.172674153,12.0,12.0,1553281.504817403,2358.0,700.0,1,0.02024791566157252
2026-03-27,delta_gamma,high,True,True,True,True,executed,199.33999633789062,0.03607000112533569,4,False,False,False,2026-04-12|210.0|call,2026-04-12,210.0,16,1.6994976686325387,0.23055149605274244,0.023245689640747517,12.689959395522449,-46.95973682116535,-1000.0,0.0,2026-04-25|200.0|call,gamma,-773.3433840786747,323.72618449573747,1550589.6383736583,-831521.1652793437,1017.9590868953625,1018.0,-29418.874668991077,-29400.0,-8800.0,-29400.0,18.87466899107676,0.09342746136690039,1011233.2977881695,-114201.76623457856,0.0,0.0,0.0,221713.02101762017,-1754191.9677734375,-1532478.9467558174,-7872017.11942997,-1126.7605807797654,-7873143.88001075,2388.0,2388.0,1551686.7079422327,2370.0,8800.0,2,0.8732253068758892
2026-03-30,delta_gamma,high,True,True,True,True,executed,200.9499969482422,0.035980000495910644,4,False,False,False,2026-04-12|210.0|call,2026-04-12,210.0,13,1.6002196871923076,0.239643050330952,0.026617632188194632,11.779961880238089,-52.56261671991711,-1000.0,0.0,2026-04-28|200.0|call,gamma,2809.810954721339,-208.44023703055973,981752.3308969969,237132.27761486266,1168.0130354805294,1168.0,-40529.2743974103,-40500.0,-11100.0,-40500.0,29.27439741029957,-0.029706314534905687,1438731.7171994816,-223624.32885569427,0.0,0.0,0.0,156285.77242158493,-2230544.9661254883,-2074259.1937039034,-9947403.073714653,-1420.2681251003028,-9948823.341839753,2186.0,2186.0,984770.5820887488,2018.0,11100.0,2,0.08910350266841104
2026-03-31,delta_gamma,high,True,True,True,True,executed,208.27000427246094,0.035999999046325684,4,False,False,False,2026-04-12|210.0|call,2026-04-12,210.0,12,3.09956293538238,0.44709452993528653,0.04171924156019223,14.932741580183079,-60.24160647567963,-1000.0,0.0,2026-05-07|210.0|call,gamma,1370.8360398772784,-1606.5613624126545,686633.5422756663,1793735.776854542,1759.975187382371,1760.0,-42109.73194675366,-42100.0,-1600.0,-42100.0,9.731946753658121,0.05881694219533529,3161970.0544394013,-414100.4591302937,0.0,0.0,0.0,-207861.15728652105,-333232.0068359375,-541093.1641224585,-10489916.505962212,-1498.559461153475,-10491415.065423366,2928.0,2928.0,689610.9396779562,2168.0,1600.0,2,0.34603797970855726
2026-04-01,delta_gamma,medium,True,True,True,True,executed,210.57000732421875,0.036050000190734864,4,False,False,False,2026-04-12|210.0|call,2026-04-12,210.0,11,3.9555754412707813,0.5441903078754763,0.04456642800470868,14.493764548130304,-62.51209556384314,-1000.0,0.0,2026-05-06|210.0|call,gamma,-133.49131639183906,-173.8001365805294,3160741.4797332305,-187495.8582919147,1805.0283384856098,1805.0,-44382.90085226853,-44400.0,-2300.0,-44400.0,-17.099147731467383,-0.06996815793809219,3212858.5400717994,-434494.6150059486,0.0,0.0,0.0,13569.459472744027,-484311.0168457031,-470741.5573729591,-10962156.622796325,-1568.197414058226,-10963724.820210382,3565.0,3565.0,3161048.7711862028,2760.0,2300.0,2,0.48984669337812387
2026-04-02,delta_gamma,medium,True,True,True,True,executed,209.77000427246094,0.03607000112533569,4,False,False,False,2026-04-12|210.0|call,2026-04-12,210.0,10,3.264149602023906,0.5067102115305446,0.04858328756181459,13.849866306652832,-63.48485553106027,-1000.0,0.0,2026-04-30|210.0|call,gamma,36.92965443553112,-165.62560445780036,3214759.783151669,-233993.1335002929,1691.0207949919798,1691.0,-37811.81398669198,-37800.0,6600.0,-37800.0,11.813986691980972,-0.059744331837464415,2527841.7787738284,-371128.3053706549,0.0,0.0,0.0,-180185.1608889671,1384482.0281982422,1204296.867309275,-9759427.952901106,-1396.9149890626013,-9760824.86789017,3496.0,3496.0,3214962.3384105624,2805.0,6600.0,2,0.3570780889520647
2026-04-06,delta_gamma,medium,True,True,True,True,executed,212.7899932861328,0.03622999906539917,4,False,False,False,2026-04-12|210.0|call,2026-04-12,210.0,6,4.303933533432144,0.6788252025929891,0.05479530276803402,9.771373693907083,-76.28374414308719,-1000.0,0.0,2026-05-08|215.0|call,gamma,-2355.02982895686,-571.2432604052201,2560315.8629210773,363373.0057234531,2103.977371984544,2104.0,-31975.382017220152,-32000.0,5800.0,-32000.0,-24.617982779847807,0.05893166791975091,4300685.463369431,-403645.77998661343,0.0,0.0,0.0,-56747.915428703185,1234181.9610595703,1177434.0456308671,-8583390.822259303,-1234.0327042397237,-8584624.854963543,3795.0,3795.0,2563242.1360104396,2691.0,5800.0,2,0.3479001934565287
2026-04-07,delta_gamma,high,True,True,True,True,executed,213.77000427246094,0.03615000009536743,4,False,False,False,2026-04-12|210.0|call,2026-04-12,210.0,5,4.923691594660056,0.7343919983890368,0.05126589317199483,8.20464120556947,-82.05915888393693,-1000.0,0.0,2026-05-13|215.0|call,gamma,-52.88398176099872,88.70883405985751,4408743.820328423,-514747.22301086225,2233.0146224335585,2233.0,-39450.75286744948,-39500.0,-7500.0,-39500.0,-49.24713255051756,-0.03357040787795995,5159633.874709112,-458325.7368836496,0.0,0.0,0.0,204569.8977563479,-1603275.032043457,-1398705.1342871091,-9983329.989250652,-1432.1324605694272,-9984762.121711222,4337.0,4337.0,4408885.413144244,3104.0,7500.0,2,0.1151225085737078
2026-04-08,delta_gamma,medium,True,True,True,True,executed,221.25,0.035999999046325684,4,False,False,False,2026-04-12|210.0|call,2026-04-12,210.0,4,11.346346631302538,0.991716518473161,0.004633738965077323,0.5234648088318995,-12.519912057153336,-1000.0,0.0,2026-05-14|220.0|call,gamma,17344.555041172338,4877.4783792688395,5277477.902985602,-5819632.754454639,173.01134623984154,173.0,89339.66390421026,89300.0,128800.0,89300.0,-39.6639042102579,-0.030388477289761795,420164.86686471745,672027.947053618,0.0,0.0,0.0,-2086876.72578779,28497000.0,26410123.27421221,16425361.152500989,2346.4801024825024,16427707.632603472,2406.0,2406.0,5299699.936406042,3233.0,128800.0,2,0.09391918049623735
2026-04-09,delta_gamma,medium,True,True,True,True,executed,233.64999389648438,0.03588000059127808,4,False,False,False,2026-04-12|210.0|call,2026-04-12,210.0,3,23.711914630520397,0.9999999988199748,1.724812768084037e-09,1.5322687592867207e-07,-7.532580243783135,-1000.0,0.0,2026-05-09|235.0|call,gamma,4116.918573181541,272.2802273168829,283338.25848987605,344974.1452430945,5.655633253748837e-05,0.0,99999.99988199749,100000.0,10700.0,100000.0,0.00011800251377280802,-0.0001724812768084037,-0.015322687592867206,753258.0243783136,0.0,0.0,0.0,-268032.5371208264,2500054.934692383,2232022.3975715563,18659730.03017503,2656.7901766498785,18662386.82035168,173.0,173.0,287727.4572903745,1173.0,10700.0,1,2.9749790988703104e-06
2026-04-10,delta_gamma,medium,True,True,True,False,solver_returned_no_trade,238.3800048828125,0.035929999351501464,4,False,False,False,2026-04-12|210.0|call,2026-04-12,210.0,2,28.421344922076344,1.0,2.7790187969503584e-18,1.697868339252467e-16,-7.543814516231369,-1000.0,0.0,2026-05-10|240.0|call,gamma,0.0,-2.7790187969503584e-13,-1.697868339252467e-11,754381.4516231369,9.181225103003189e-14,0.0,100000.0,100000.0,0.0,100000.0,0.0,-2.7790187969503584e-13,-1.697868339252467e-11,754381.4516231369,0.0,0.0,0.0,0.0,0.0,0.0,18662386.82035168,2660.8712156853385,18665047.691567365,0.0,0.0,1.7256585272219705e-11,1000.0,0.0,0,7.722945473803416e-24
2025-12-12,delta_vega,medium,True,True,True,True,executed,226.19000244140625,0.03525000095367432,1,True,False,False,2026-01-11|225.0|call,2026-01-11,225.0,30,5.048122778292949,0.5805940131378168,0.038224879253191124,25.340359254575176,-28.753457766017846,-1000.0,-1000.0,2026-01-15|225.0|call,vega,-58059.40131378168,-3822.4879253191125,-2534035.9254575176,2875345.7766017844,939.0114592712893,939.0,3604.316773417755,3600.0,3600.0,3600.0,-4.31677341775503,-454.7339071283618,-30.92422870825976,311447.0465528467,-504812.27782929497,0.0,0.0,503412.4071732255,814284.0087890625,812884.138132993,812884.138132993,113.70701049370925,812997.8451434867,939.0,939.0,2595917.8146966184,1000.0,3600.0,1,0.0009749424539409936
2025-12-15,delta_vega,medium,True,True,True,True,executed,222.5399932861328,0.03538000106811524,1,False,False,False,2026-01-11|225.0|call,2026-01-11,225.0,27,3.14242819246833,0.43495427911047535,0.03933142862284237,23.8247983947453,-29.940943870017797,-1000.0,0.0,2026-01-12|220.0|call,vega,1775.4786938376274,-480.00903312181754,22862.64174095681,332446.45864846976,1024.0212846202023,1024.0,-21047.855821957535,-21000.0,-24600.0,-21000.0,47.85582195753523,-142.6141790034635,-49.5206293896772,-62074.50826745201,0.0,0.0,0.0,268223.44292767113,-5474483.834838867,-5206260.391911196,-4393262.546767709,-616.8001333220326,-4393879.346901031,1963.0,1963.0,25118.129467916253,1939.0,24600.0,2,0.004742472430381072
2025-12-16,delta_vega,medium,True,True,True,True,executed,222.55999755859375,0.03545000076293945,1,False,False,False,2026-01-11|225.0|call,2026-01-11,225.0,26,3.0625373139032632,0.4332369538309996,0.0401140619383698,23.364608264535818,-30.382490743152413,-1000.0,0.0,2026-01-20|225.0|call,vega,439.4873586787435,-152.92149703011546,-1216.3067113924772,-59181.925336990505,856.0023766870866,856.0,4634.075744135822,4600.0,25600.0,4600.0,-34.07574413582188,-1041.6892844196977,-6.487173897679895,726454.9045130624,0.0,0.0,0.0,-262480.41203135066,5697535.9375,5435055.525468649,1041176.1785676181,146.4670489070494,1041322.6456165252,1880.0,1880.0,1808.715567101336,2024.0,25600.0,2,0.0012032397635887385
2025-12-17,delta_vega,medium,True,True,True,True,executed,221.27000427246094,0.035429999828338624,1,False,False,False,2026-01-11|225.0|call,2026-01-11,225.0,25,2.7142293085765345,0.38750363925483566,0.0374208261101117,22.17764080397053,-31.553689174339013,-1000.0,0.0,2026-01-14|220.0|call,vega,1170.0976701994368,-959.4233609252319,32909.121497590095,746486.9602739085,925.0276118051571,925.0,-14755.225864533924,-14800.0,-19400.0,-14800.0,-44.77413546607568,-394.16494504396314,-66.19961273670197,203926.80802287953,0.0,0.0,0.0,193080.6553611068,-4292638.082885742,-4099557.4275246356,-3058234.7819081102,-429.9732452302522,-3058664.7551533403,1781.0,1781.0,35038.642528714765,1856.0,19400.0,2,0.006387111933223809
2025-12-18,delta_vega,medium,True,True,True,True,executed,226.75999450683594,0.03522000074386597,1,False,False,False,2026-01-11|225.0|call,2026-01-11,225.0,24,5.139055925028828,0.6007553120117941,0.03936902523322273,22.453402379152635,-33.418090424900264,-1000.0,0.0,2026-01-21|225.0|call,vega,-3789.6964335094963,-1248.693419139097,-506755.70563448034,804554.0287606074,837.0048153680037,837.0,10285.472847089586,10300.0,25100.0,10300.0,14.52715291041386,-1168.757493344332,-12.917655120138079,920896.2628946989,0.0,0.0,0.0,-309546.08265146305,5691675.862121582,5382129.779470119,2323465.0243167784,324.7319043046964,2323789.756221083,1762.0,1762.0,511794.09548712894,1925.0,25100.0,2,0.00037790398548537545
2025-12-19,delta_vega,low,True,True,True,True,executed,227.35000610351562,0.03522000074386597,1,False,False,False,2026-01-11|225.0|call,2026-01-11,225.0,23,4.988063029520646,0.6389067541641391,0.044000768327489996,21.373395067215146,-30.23301632402786,-1000.0,0.0,2026-01-17|225.0|call,vega,-1107.5385171718954,-1304.6770867712266,28583.051062065177,826544.8422171851,883.9832356966235,884.0,8126.122852983426,8100.0,-2200.0,8100.0,-26.122852983426128,-918.9098413777951,40.533583061769605,582829.5375715168,0.0,0.0,0.0,561.2641772015486,-500170.0134277344,-499608.7492505328,1824181.0069705502,254.9510175494006,1824435.9579880997,1721.0,1721.0,30995.266666008298,1837.0,2200.0,2,0.002325374803819071
2025-12-22,delta_vega,low,True,True,True,True,executed,228.42999267578125,0.03528000116348266,1,False,False,False,2026-01-11|225.0|call,2026-01-11,225.0,20,5.301416341534264,0.7033349715205598,0.04593312442269197,18.49724595718397,-29.25380256505204,-1000.0,0.0,2026-01-17|230.0|call,vega,-1515.855006134363,-955.0076704056332,59982.88834697241,561102.8557143272,764.0602171335519,764.0,35071.4977479143,35100.0,27000.0,35100.0,28.50225208570191,-1060.8277109639353,-145.78054257598706,820373.1632124307,0.0,0.0,0.0,-283762.9754041834,6167609.802246094,5883846.82684191,7708282.78483001,1079.1596254653023,7709361.944455475,1648.0,1648.0,62453.75102351241,1884.0,27000.0,2,0.02206434496770607
2025-12-23,delta_vega,low,True,True,True,True,executed,232.13999938964844,0.03546999931335449,1,False,False,False,2026-01-11|225.0|call,2026-01-11,225.0,19,8.13021832554665,0.8524729331231952,0.030953185753020147,12.21256379634211,-23.2298610240099,-1000.0,0.0,2026-01-16|230.0|call,vega,-1862.311638312829,287.5161444977425,528155.836063392,149388.49957175925,545.0126556497368,545.0,50728.67864392506,50700.0,15600.0,50700.0,-28.67864392505726,-634.3941828334741,-28.358594647608697,747513.4730759251,0.0,0.0,0.0,-111557.70559142885,3621383.9904785156,3509826.2848870866,11219188.229342561,1579.1452332983151,11220767.374575859,1309.0,1309.0,530305.6638462025,1764.0,15600.0,2,0.0016266745077676043
2025-12-24,delta_vega,low,True,True,True,True,executed,232.3800048828125,0.035550000667572024,1,False,False,False,2026-01-11|225.0|call,2026-01-11,225.0,18,8.215650526641866,0.8744123934504451,0.029579474928131854,10.657832071870521,-21.551991779583517,-1000.0,0.0,2026-01-19|230.0|call,vega,-1271.5510599762347,-391.61745075692716,110768.12033988372,613630.2751788888,461.9936916528667,462.0,57600.878780493316,57600.0,6900.0,57600.0,-0.8787804933162988,-904.0520603143709,14.552862000651658,907692.8510898247,0.0,0.0,0.0,-28961.850031939015,1603422.0336914062,1574460.1836594671,12795227.558235327,1805.041064432547,12797032.599299759,1007.0,1007.0,112431.28885061688,1545.0,6900.0,2,0.00021255804756544418
2025-12-26,delta_vega,low,True,True,True,True,executed,232.52000427246094,0.035429999828338624,1,False,False,False,2026-01-11|225.0|call,2026-01-11,225.0,16,8.232010678122691,0.8885888302184435,0.028557938984187743,9.2380675393577,-21.411070239431645,-1000.0,0.0,2026-01-21|235.0|call,vega,-1039.6158101549154,-756.3355667628507,92090.4878970295,848804.2604216263,381.00176526474536,381.0,72891.55465453118,72900.0,15300.0,72900.0,8.445345468811865,-1094.8426154425185,-4.280199313885532,1129692.5131181902,0.0,0.0,0.0,-133486.79616950513,3557556.0653686523,3424069.2691991474,16221101.868498906,2280.6096683189667,16223382.478167225,843.0,843.0,93886.43927394727,1462.0,15300.0,2,8.96439662541673e-05
2025-12-29,delta_vega,low,True,True,True,True,executed,232.07000732421875,0.03538000106811524,1,False,False,False,2026-01-11|225.0|call,2026-01-11,225.0,13,7.697240342302081,0.8874882709242655,0.030685411960888514,8.369586683669066,-23.72184618607103,-1000.0,0.0,2026-01-31|230.0|call,vega,-872.969169990798,-1299.113922957523,16504.36791562382,1289766.8363656632,314.97724405593954,315.0,69223.26624270876,69200.0,-3700.0,69200.0,-23.266242708767095,-1862.5718853683773,60.46717659034766,1558182.7271225879,0.0,0.0,0.0,87465.81849975513,-858659.0270996094,-771193.2085998543,15452189.26956737,2169.438384373065,15454358.707951743,696.0,696.0,18676.45100857214,1381.0,3700.0,2,0.0041975974945915465
2025-12-30,delta_vega,low,True,True,True,True,executed,232.52999877929688,0.03539999961853027,1,False,False,False,2026-01-11|225.0|call,2026-01-11,225.0,12,8.056813528461987,0.9070741318234465,0.027485171515750875,7.011039194192937,-22.48178393490493,-1000.0,0.0,2026-01-28|230.0|call,vega,-1436.0310813553115,-1555.7042407870467,112444.05259959644,1421816.6105142303,286.05090830731984,286.0,72389.64536825902,72400.0,3200.0,72400.0,10.354631740970945,-1613.1397781311593,-124.77504093281459,1469021.936514359,0.0,0.0,0.0,-23094.942190512287,744095.99609375,721001.0539032377,16175359.76185498,2272.2528944414926,16177632.01474942,601.0,601.0,115435.7879217388,1315.0,3200.0,2,0.01567602923827668
2025-12-31,delta_vega,low,True,True,True,True,executed,230.82000732421875,0.03546999931335449,1,False,False,False,2026-01-11|225.0|call,2026-01-11,225.0,11,6.527681094865073,0.8507450510769481,0.038848721970342656,9.3117686448059,-29.796420117918455,-1000.0,0.0,2026-01-30|230.0|call,vega,3582.0288047771646,-2709.0147044955065,-212500.26726793218,2150685.559686674,358.00118724093255,358.0,64725.159422191035,64700.0,-7700.0,64700.0,-25.159422191038175,-2464.0137234352615,-3.088065985008143,1971273.2383785765,0.0,0.0,0.0,38599.631236726054,-1777314.0563964844,-1738714.4251597584,14438917.589589663,2032.334908683839,14440949.924498348,644.0,644.0,218791.31077720487,1286.0,7700.0,2,0.0006425326765146685
2026-01-02,delta_vega,low,True,True,True,True,executed,226.5,0.03532999992370606,1,False,False,False,2026-01-11|225.0|call,2026-01-11,225.0,9,2.9933091875612945,0.6345576362453615,0.07348092029645537,13.374094719794074,-43.99224337708181,-1000.0,0.0,2026-01-26|225.0|call,vega,15021.994935040608,-5850.62119800909,-479023.1312058229,3477104.926579729,596.9999473135852,597.0,27488.934386832196,27500.0,-37200.0,27500.0,11.065613167804258,-4614.521838584391,0.11802900582551956,2645789.966437878,0.0,0.0,0.0,179665.41636568104,-8425800.0,-8246134.583634319,6194815.340864029,868.5032758734097,6195683.844139902,955.0,955.0,499895.74733887264,1358.0,37200.0,2,0.00012246172562569915
2026-01-05,delta_vega,low,True,True,True,True,executed,233.05999755859375,0.03515000104904175,1,False,False,False,2026-01-11|225.0|call,2026-01-11,225.0,6,8.241182782684461,0.9703764226714584,0.015157380191568997,2.0119837299627754,-16.757632452680934,-1000.0,0.0,2026-02-04|235.0|call,vega,-18572.95199249703,116.78466785072487,564114.2625650167,279771.6152493409,75.8949547114459,76.0,93554.51308138677,93600.0,66100.0,93600.0,45.486918613224134,-1213.6062934994081,278.4762337412976,1465059.4533533235,0.0,0.0,0.0,-520863.1232494557,15405265.838623047,14884402.71537359,21080086.559513494,2940.3375582571043,21083026.897071753,673.0,673.0,582803.9992253645,1597.0,66100.0,2,0.07961807252366389
2026-01-06,delta_vega,low,True,True,True,True,executed,240.92999267578125,0.03519999980926514,1,False,False,False,2026-01-11|225.0|call,2026-01-11,225.0,5,16.0384935665748,0.9999644574567274,3.564828170986747e-05,0.004208983044528572,-7.9386905833345045,-1000.0,0.0,2026-02-05|240.0|call,vega,-676.1590775107934,234.47500645032233,162657.2991452222,595076.6638452649,0.15526188107357747,0.0,99996.44574567274,100000.0,6400.0,100000.0,3.5542543272604235,-3.5648281709867473,-420.8983044528572,793869.0583334505,0.0,0.0,0.0,-61570.909707594205,1541951.953125,1480381.0434174058,22563407.940489158,3151.7141079428166,22566559.6545971,76.0,76.0,163567.9332291833,1076.0,6400.0,1,0.17716801541511293
2026-01-07,delta_vega,medium,True,True,True,False,solver_returned_no_trade,241.55999755859375,0.03515000104904175,1,False,False,False,2026-01-11|225.0|call,2026-01-11,225.0,4,16.646656230704792,0.999994939092464,5.976275951251517e-06,0.0005915475597781066,-7.909838884964341,-1000.0,0.0,2026-02-06|240.0|call,vega,0.5060907536098966,-0.5976275951251516,-59.15475597781066,790983.8884964341,0.0220061671632809,0.0,99999.49390924639,100000.0,0.0,100000.0,0.5060907536098966,-0.5976275951251516,-59.15475597781066,790983.8884964341,0.0,0.0,0.0,0.0,0.0,0.0,22566559.6545971,3147.6769663982195,22569707.3315635,0.0,0.0,60.25847432654571,1000.0,0.0,0,0.0034995412826452155
2026-01-08,delta_vega,medium,True,True,True,False,solver_returned_no_trade,246.2899932861328,0.035069999694824217,1,False,False,False,2026-01-11|225.0|call,2026-01-11,225.0,3,21.35483941877129,0.99999999992806,1.3532758885131946e-10,1.0538876362321726e-08,-7.888475877005549,-1000.0,0.0,2026-02-07|245.0|call,vega,7.194001227617264e-06,-1.3532758885131946e-05,-0.0010538876362321725,788847.5877005549,3.8211672406191245e-07,0.0,99999.999992806,100000.0,0.0,100000.0,7.194001227617264e-06,-1.3532758885131946e-05,-0.0010538876362321725,788847.5877005549,0.0,0.0,0.0,0.0,0.0,0.0,22569707.3315635,3140.950909643666,22572848.282473143,0.0,0.0,0.0010746143963449217,1000.0,0.0,0,1.110730903456699e-12
2026-01-09,delta_vega,low,True,True,True,False,solver_returned_no_trade,247.3800048828125,0.03513000011444092,1,False,False,False,2026-01-11|225.0|call,2026-01-11,225.0,2,22.423311673593673,1.0,3.0068217311079903e-18,1.4769715239461546e-16,-7.90272865818411,-1000.0,0.0,2026-02-08|245.0|call,vega,0.0,-3.0068217311079903e-13,-1.4769715239461548e-11,790272.865818411,5.498233658079434e-15,0.0,100000.0,100000.0,0.0,100000.0,0.0,-3.0068217311079903e-13,-1.4769715239461548e-11,790272.865818411,0.0,0.0,0.0,0.0,0.0,0.0,22572848.282473143,3146.7625505815035,22575995.045023724,0.0,0.0,1.5070397412572347e-11,1000.0,0.0,0,2.1814448825478265e-28
2026-01-12,delta_vega,medium,True,True,True,True,executed,246.47000122070312,0.03532999992370606,2,True,True,True,2026-02-11|245.0|call,2026-02-11,245.0,30,5.429561123376942,0.5895303794865926,0.03633098687727738,27.476676714295134,-30.260080116517422,-1000.0,-1000.0,2026-02-14|245.0|call,vega,-58953.03794865926,-3633.098687727738,-2747667.6714295135,3026008.0116517423,952.9716727064867,953.0,2855.5644298069383,2900.0,2900.0,2900.0,44.43557019306172,-333.87681917566306,81.67502858117223,252323.38215527823,-542956.1123376942,0.0,-24647000.122070312,541131.4435909153,714763.0035400391,-23934061.78727705,-1358066.7422533259,-190.39880119126084,-1358257.1410545171,953.0,953.0,2810253.8080659006,1000.0,2900.0,1,0.008645330192117816
2026-01-13,delta_vega,medium,True,True,True,True,executed,242.60000610351562,0.03559999942779541,2,False,False,False,2026-02-11|245.0|call,2026-02-11,245.0,29,3.584449953693877,0.44718501359089824,0.03609511747516977,27.04115347161145,-30.997938432608787,-1000.0,0.0,2026-02-14|240.0|call,vega,1362.431749951218,-332.4450486132546,7999.073295031674,259009.51087614102,992.0127175838855,992.0,-17192.594195664336,-17200.0,-20100.0,-17200.0,-7.405804335663561,-343.06181709268276,-34.66670653922483,113599.3688654243,0.0,0.0,0.0,272303.8179916928,-4876260.122680664,-4603956.3046889715,-5962213.445743488,-842.2809335589774,-5963055.726677047,1945.0,1945.0,9693.950093596148,1953.0,20100.0,2,0.0012566264801348668
2026-01-14,delta_vega,medium,True,True,True,True,executed,236.64999389648438,0.03559999942779541,2,False,False,False,2026-02-11|245.0|call,2026-02-11,245.0,28,1.6585314371335471,0.2550750924743519,0.02897409873548472,21.050361952833427,-25.292455963490738,-1000.0,0.0,2026-02-16|235.0|call,vega,-988.2057684502652,444.90437886663085,570039.7026045457,-460001.54429471213,760.9660509245009,761.0,-19388.38985373155,-19400.0,-2200.0,-19400.0,-11.610146268445533,-423.21713193518735,93.91224829945713,211068.4273533225,0.0,0.0,0.0,116814.2424039566,-520629.9865722656,-403815.74416830903,-6366871.470845357,-899.4469076148478,-6367770.917752972,1753.0,1753.0,571472.8127518627,1992.0,2200.0,2,0.008954305877033589
2026-01-15,delta_vega,medium,True,True,True,True,executed,238.17999267578125,0.03565000057220459,2,False,False,False,2026-02-11|245.0|call,2026-02-11,245.0,27,1.7950802088770814,0.284983313837035,0.03284589590014979,21.992219008480813,-26.073645046766273,-1000.0,0.0,2026-02-08|240.0|call,vega,1278.1284784759118,-763.5584897182616,-203613.60829972383,396480.36060139537,908.01720389482,908.0,-12946.157356218682,-12900.0,6500.0,-12900.0,46.15735621868225,437.9463708101139,-41.6679134555161,-382486.23036813503,0.0,0.0,0.0,-210376.60919273912,1548169.9523925781,1337793.343199839,-5029977.574553133,-711.5821563928391,-5030689.156709526,1669.0,1669.0,205655.295267918,1761.0,6500.0,2,0.0038667165448347043
2026-01-16,delta_vega,medium,True,True,True,True,executed,239.1199951171875,0.035569999217987064,2,False,False,False,2026-02-11|245.0|call,2026-02-11,245.0,26,2.0001458638733993,0.3121226726046157,0.03476017621956814,22.582013194719327,-27.86614731405701,-1000.0,0.0,2026-02-11|240.0|call,vega,702.3409083363003,335.2130432957556,-84136.04710431583,-314015.06263915356,886.9593503371904,887.0,-12933.120156257803,-12900.0,0.0,-12900.0,33.12015625780623,21.638523573386465,103.49417045759037,-89391.38314314699,0.0,0.0,0.0,17077.189522975066,0.0,17077.189522975066,-5013611.967186551,-707.6752926671278,-5014319.642479218,1795.0,1795.0,85173.60105594789,1908.0,0.0,2,0.011807988069246272
2026-01-20,delta_vega,medium,True,True,True,True,executed,231.0,0.03572000026702881,2,False,False,False,2026-02-11|245.0|call,2026-02-11,245.0,22,0.763617658599518,0.13390769706582673,0.018683211382439585,12.244790927258224,-21.776079701051085,-1000.0,0.0,2026-02-19|230.0|call,vega,-4842.764483169729,542.1440476083326,345713.05288286833,-632396.1019808142,469.0617731859032,469.0,-12947.20602420715,-12900.0,0.0,-12900.0,47.20602420714931,-480.61659483701555,-161.25802389672026,472390.56709018326,0.0,0.0,0.0,147629.23949265465,0.0,147629.23949265465,-4866690.402986563,-689.8340575167721,-4867380.237044079,1356.0,1356.0,351097.9614136464,1887.0,0.0,2,0.028232558992521167
2026-01-21,delta_vega,medium,True,True,True,True,executed,231.30999755859375,0.03588000059127808,2,False,False,False,2026-02-11|245.0|call,2026-02-11,245.0,21,0.40002442028820795,0.09194898396983792,0.017362859621278336,9.154208096044774,-14.374149408980065,-1000.0,0.0,2026-02-12|230.0|call,vega,5121.57906204151,-74.95240894643212,279693.2705100636,-52039.91266517714,413.0757494134525,413.0,-14890.235847997481,-14900.0,-2000.0,-14900.0,-9.76415200252086,-54.2716110692993,-167.8689428953221,-36469.49746308848,0.0,0.0,0.0,-57524.16811121197,-462619.9951171875,-520144.16322839947,-5387524.400272478,-767.0808677273874,-5388291.481140206,882.0,882.0,284889.80198105157,1469.0,2000.0,2,0.02827532065312125
2026-01-22,delta_vega,medium,True,True,True,True,executed,234.33999633789062,0.03588000059127808,2,False,False,False,2026-02-11|245.0|call,2026-02-11,245.0,20,0.5480925482541608,0.12871839602944918,0.024268532783345172,11.524872764920516,-17.659693107521417,-1000.0,0.0,2026-02-12|235.0|call,vega,1800.4831526289308,-837.6142129417278,-365724.1483950693,455478.49337921874,513.9451897749674,514.0,-12801.5396234586,-12800.0,2100.0,-12800.0,1.5396234586005448,-87.53034385362844,122.90821711835451,-5669.439455370652,0.0,0.0,0.0,-89060.16649439433,492113.9923095703,403053.825815176,-4985237.65532503,-709.8028969076342,-4985947.4582219375,927.0,927.0,368362.24576063995,1413.0,2100.0,2,0.015108800275606848
2026-01-23,delta_vega,medium,True,True,True,True,executed,239.16000366210938,0.03582000017166138,2,False,False,False,2026-02-11|245.0|call,2026-02-11,245.0,19,1.4892445889325217,0.27878075630459603,0.038164115906158994,18.329157847742792,-30.73377165321913,-1000.0,0.0,2026-03-03|240.0|call,vega,-4485.713211077615,-1846.9330404209059,-838724.2206533444,1313806.2270669965,588.0134485605134,588.0,-2283.9602831045668,-2300.0,10500.0,-2300.0,-16.03971689543323,-1960.4152464534434,-41.92094399873167,1439762.4727494013,0.0,0.0,0.0,-27328.260563264834,2511180.0384521484,2483851.777888884,-2502095.6803330537,-355.6550305517586,-2502451.3353636055,1102.0,1102.0,845056.8669048429,1514.0,10500.0,2,0.0020146380638304436
2026-01-26,delta_vega,medium,True,True,True,True,executed,238.4199981689453,0.03575000047683716,2,False,False,False,2026-02-11|245.0|call,2026-02-11,245.0,16,1.059537151271293,0.229530736383592,0.03754976730630737,15.14014700841024,-29.86219364536475,-1000.0,0.0,2026-03-01|240.0|call,vega,3326.316772050086,-1824.3773784958598,241356.80546217435,1308916.9113249206,521.9849359533082,522.0,-2283.328745647559,-2300.0,0.0,-2300.0,-16.671254352440883,-1990.5802540821562,43.69319222564809,1462150.9580503404,0.0,0.0,0.0,-38080.70829655728,0.0,-38080.70829655728,-2540532.043660163,-360.41278481059885,-2540892.4564449736,1110.0,1110.0,246507.4996127203,1588.0,0.0,2,0.0021870257685512135
2026-01-27,delta_vega,medium,True,True,True,True,executed,244.67999267578125,0.03569999933242798,2,False,False,False,2026-02-11|245.0|call,2026-02-11,245.0,15,3.2341300467926857,0.5085084634909847,0.04949403443086724,19.783764531868826,-43.43221360223605,-1000.0,0.0,2026-03-03|245.0|call,vega,-17424.30724180033,-3417.2205920780475,-613035.3697028966,2802948.9878513664,655.9788696392297,656.0,16296.702539069112,16300.0,18600.0,16300.0,3.2974609308876097,-2846.2766608742095,63.727370087755844,2363137.3712713057,0.0,0.0,0.0,-75342.81172074546,4551047.863769531,4475705.052048786,1934812.595603812,274.0984459183704,1935086.6940497304,1178.0,1178.0,633876.897536775,1522.0,18600.0,2,0.0040720509468925295
2026-01-28,delta_vega,medium,True,True,True,True,executed,243.00999450683594,0.03582000017166138,2,False,False,False,2026-02-11|245.0|call,2026-02-11,245.0,14,2.342813752996321,0.4219582758292515,0.05052886158687494,18.622339876817385,-43.0875452278512,-1000.0,0.0,2026-03-03|245.0|call,vega,5043.869631894668,-2908.6341769646556,73884.78023585095,2343710.70871564,630.9661969927347,631.0,12435.234682694503,12400.0,-3900.0,12400.0,-35.234682694503135,-2990.3510969998247,99.76621460122988,2418598.0491908486,0.0,0.0,0.0,-10758.912688879007,-947738.9785766602,-958497.8912655392,976588.8027841912,138.8151233467155,976727.617907538,25.0,25.0,81837.28404471028,1656.0,3900.0,1,0.011194780440440973
2026-01-29,delta_vega,medium,True,True,True,True,executed,241.72999572753906,0.035799999237060544,2,False,False,False,2026-02-11|245.0|call,2026-02-11,245.0,13,1.8233717684944963,0.3566711292695868,0.04861220944428223,17.012155288438933,-43.18018051648535,-1000.0,0.0,2026-02-21|240.0|call,vega,3914.16644098295,-2850.803426670811,100863.7147555328,2400445.7435666537,723.9974424188995,724.0,-7513.171332483813,-7500.0,-19900.0,-7500.0,13.171332483812876,-2122.1799309329444,6.009685158496723,1681080.0117366738,0.0,0.0,0.0,143682.97593024248,-4810426.914978027,-4666743.939047785,-3690016.3211402465,-524.2165931808007,-3690540.5377334272,1355.0,1355.0,107628.68462318656,1631.0,19900.0,2,0.00020960031510340005
2026-01-30,delta_vega,medium,True,True,True,True,executed,239.3000030517578,0.03572000026702881,2,False,False,False,2026-02-11|245.0|call,2026-02-11,245.0,12,1.076457300026263,0.24430926118156454,0.04153940790323772,13.619473349784112,-38.12168337034295,-1000.0,0.0,2026-03-06|240.0|call,vega,4366.628705774729,-1328.1182959654025,334942.9653372371,1063223.4087326103,461.0069598460239,461.0,711.8464101168465,700.0,8200.0,700.0,-11.846410116846528,-2735.6380887446344,-20.561389674665406,2376171.3623017,0.0,0.0,0.0,-47681.8152064966,1962260.025024414,1914578.2098179176,-1775962.3279155097,-251.73561439434567,-1776214.063529904,1185.0,1185.0,340637.71233897726,1724.0,8200.0,2,0.0005631081780099609
2026-02-02,delta_vega,medium,True,True,True,True,executed,242.9600067138672,0.03578000068664551,2,False,False,False,2026-02-11|245.0|call,2026-02-11,245.0,9,1.6707012855683416,0.3893244159101076,0.06200588710674689,14.630653277021809,-51.41918743294182,-1000.0,0.0,2026-03-03|245.0|call,vega,-9028.934367539488,-4730.946474870072,-214788.07956192968,3730789.6331954077,538.0069088011893,538.0,14100.128742663404,14100.0,13400.0,14100.0,-0.12874266340440954,-4295.519332833894,-18.787913892418146,3425818.1284226337,0.0,0.0,0.0,-104850.64398411155,3255664.0899658203,3150813.445981709,1374599.3824518048,195.1712970158257,1374794.5537488207,999.0,999.0,228547.96040433925,1461.0,13400.0,2,0.00035300228310229925
2026-02-03,delta_vega,medium,True,True,True,True,executed,238.6199951171875,0.03589999914169312,2,False,False,False,2026-02-11|245.0|call,2026-02-11,245.0,8,0.5727665053014732,0.17093235005255852,0.040065941377599515,8.970961023603827,-38.16051047430806,-1000.0,0.0,2026-03-12|240.0|call,vega,14650.970479482901,-2384.462594448716,387373.31140711997,2152043.6456482457,295.99351498699235,296.0,2389.9105913459607,2400.0,-11700.0,2400.0,10.089408654039289,-3146.7831924189613,19.654754575225525,2895762.7828446412,0.0,0.0,0.0,19921.1444699892,-2791853.9428710938,-2771932.7984011048,-1397138.244652284,-199.0367531104906,-1397337.2814053947,834.0,834.0,404408.7444810516,1538.0,11700.0,2,0.00048810554440055157
2026-02-04,delta_vega,medium,True,True,True,True,executed,232.99000549316406,0.0359500002861023,2,False,False,False,2026-02-11|245.0|call,2026-02-11,245.0,7,0.06580558212920273,0.028608020542773952,0.010842646031889442,2.110477423203711,-10.52478709213441,-1000.0,0.0,2026-03-07|230.0|call,vega,9615.592270611636,-297.4343998624603,582925.5736913391,212709.54734916112,82.00414856536665,82.0,-2268.4503280194263,-2300.0,-4700.0,-2300.0,-31.549671980574203,-839.7384987863546,-10.676842206332367,779038.0168503316,0.0,0.0,0.0,-31444.050029397535,-1095053.025817871,-1126497.0758472686,-2523834.357252663,-360.04700740201605,-2524194.404260065,378.0,378.0,592838.6003618132,1296.0,4700.0,2,0.0011093767615807494
2026-02-05,delta_vega,medium,True,True,True,True,executed,222.69000244140625,0.03578000068664551,2,False,False,False,2026-02-11|245.0|call,2026-02-11,245.0,6,0.0007028904725649987,0.00042923913543118486,0.00024440997626695195,0.04405149512597614,-0.29964210534545926,-1000.0,0.0,2026-03-03|220.0|call,vega,379.5883773271062,187.68500561485797,185645.80528981294,-244988.47230452613,1.9330000323051282,2.0,-79.25280070628165,-100.0,2200.0,-100.0,-20.747199293718353,-18.52638604319591,152.68746513322913,22061.16516300232,0.0,0.0,0.0,-22961.132073317433,489918.00537109375,466956.8732977763,-2057237.5309622886,-292.0950804381889,-2057529.626042727,84.0,84.0,186213.0786727549,1082.0,2200.0,2,0.023743908287344323
2026-02-06,delta_vega,medium,True,True,True,True,executed,210.32000732421875,0.03589999914169312,2,False,False,False,2026-02-11|245.0|call,2026-02-11,245.0,5,2.6583212737215253e-10,3.340301557685995e-10,4.086256442648676e-10,5.203124221981574e-08,-4.0159011720480424e-07,-1000.0,0.0,2026-03-08|210.0|call,vega,-55.389314626662504,5.262931555418633,3285.371244120946,-5268.040892390596,2.175148950012449e-06,0.0,3.340301557685995e-05,0.0,100.0,0.0,-3.340301557685995e-05,-4.086256442648676e-05,-0.005203124221981574,0.04015901172048043,0.0,0.0,0.0,-283.9526378142139,21032.000732421875,20748.04809460766,-2036781.5779481193,-290.1605432545787,-2037071.7384913738,2.0,2.0,3346.023490303027,1002.0,100.0,1,2.7073617430820986e-11
2026-02-09,delta_vega,medium,True,True,True,False,already_within_tolerance,208.72000122070312,0.035929999351501464,2,False,False,False,2026-02-11|245.0|call,2026-02-11,245.0,2,1.4486313595389313e-34,6.426857331615716e-34,2.8294708956839422e-33,1.2079862641454173e-31,-1.97626721175861e-30,-1000.0,0.0,2026-03-11|210.0|call,vega,-6.426857331615715e-29,-2.8294708956839424e-28,-1.2079862641454173e-26,1.9762672117586099e-25,5.064013737793103e-30,0.0,6.426857331615715e-29,0.0,0.0,0.0,-6.426857331615715e-29,-2.8294708956839424e-28,-1.2079862641454173e-26,1.9762672117586099e-25,0.0,0.0,0.0,0.0,0.0,0.0,-2037071.7384913738,-290.44438985300405,-2037362.1828812268,0.0,0.0,1.2427078304338724e-26,1000.0,0.0,0,1.4592721188591628e-58
2026-02-10,delta_vega,medium,True,True,True,False,already_within_tolerance,206.9600067138672,0.03589999914169312,2,False,False,False,2026-02-11|245.0|call,2026-02-11,245.0,1,2.7094443352648896e-70,2.411710493380372e-69,2.138707494730944e-68,4.6029211570010633e-67,-1.5424216184486576e-65,-1000.0,0.0,2026-03-12|205.0|call,vega,-2.411710493380372e-64,-2.1387074947309438e-63,-4.602921157001063e-62,1.5424216184486577e-60,2.0163751698493336e-65,0.0,2.411710493380372e-64,0.0,0.0,0.0,-2.411710493380372e-64,-2.1387074947309438e-63,-4.602921157001063e-62,1.5424216184486577e-60,0.0,0.0,0.0,0.0,0.0,0.0,-2037362.1828812268,-290.2432564156907,-2037652.4261376425,0.0,0.0,4.8409090114079615e-62,1000.0,0.0,0,2.118746481231839e-129
2026-02-11,delta_vega,medium,True,True,True,True,executed,204.0800018310547,0.035999999046325684,3,True,True,True,2026-03-13|205.0|call,2026-03-13,205.0,30,3.9727744182241764,0.49798987069762257,0.03857976513599096,23.340985965293413,-28.610879567412603,-1000.0,-1000.0,2026-03-04|205.0|call,vega,-49798.987069762254,-3857.9765135990956,-2334098.5965293413,2861087.9567412604,1196.0029095876764,1196.0,-8267.469468762087,-8300.0,-8300.0,-8300.0,-32.53053123791324,1674.1297465615626,-5.678300995379686,-1123333.8547514048,-397277.44182241766,0.0,0.0,382746.72351882706,-1693864.015197754,-1708394.7335013445,-3746047.159638987,-535.1495800575182,-3746582.3092190446,1196.0,1196.0,2387755.5601127027,1000.0,8300.0,1,0.0010904785648149788
2026-02-12,delta_vega,medium,True,True,True,True,executed,199.60000610351562,0.035980000495910644,3,False,False,False,2026-03-13|205.0|call,2026-03-13,205.0,29,2.7391965999403283,0.354379586343912,0.03152268974987431,20.932780070167098,-30.082077699391274,-1000.0,0.0,2026-03-12|200.0|call,vega,-6029.818285904956,1200.599371177721,-107425.68454618333,-1041234.6315676533,949.9622333560383,950.0,-13652.483236534863,-13700.0,-5400.0,-13700.0,-47.516763465137046,138.1735891034209,83.22024016128853,-168620.41343658697,0.0,0.0,0.0,211272.34077022393,-1077840.0329589844,-866567.6921887605,-4613150.001407805,-658.6553148347739,-4613808.65672264,2146.0,2146.0,114656.10220326601,2196.0,5400.0,2,0.009183451182704323
2026-02-13,delta_vega,medium,True,True,True,True,executed,198.7899932861328,0.035929999351501464,3,False,False,False,2026-03-13|205.0|call,2026-03-13,205.0,28,2.341668626815064,0.32349329090877577,0.03140682029390832,19.778663693484905,-29.00703809331148,-1000.0,0.0,2026-03-24|200.0|call,vega,207.70723539606115,258.1081339755633,70133.82413887721,-269098.7012128541,762.9685996486774,763.0,-5827.986714834118,-5800.0,7900.0,-5800.0,27.986714834114537,-878.1075476172196,81.40007189731114,725845.365120132,0.0,0.0,0.0,1612.05946874863,1570440.9469604492,1572053.0064291977,-3041755.650293442,-433.69158151773524,-3042189.34187496,1713.0,1713.0,70599.63950824885,1950.0,7900.0,2,0.0074092279120934685
2026-02-17,delta_vega,medium,True,True,True,True,executed,201.14999389648438,0.035929999351501464,3,False,False,False,2026-03-13|205.0|call,2026-03-13,205.0,24,2.7518071122360652,0.38519784435025356,0.03641176466673529,19.71934660047049,-33.20872892529534,-1000.0,0.0,2026-03-26|200.0|call,vega,-807.0938049951947,-1278.5739227768458,-105418.82522270503,1041098.2855207385,783.984756017826,784.0,-6186.12909531434,-6200.0,-400.0,-6200.0,-13.870904685660207,-1281.6556542362264,38.34275676286779,1033219.7231468721,0.0,0.0,0.0,25576.371577705315,-80459.99755859375,-54883.625980888435,-3097072.9678558484,-441.57868939132277,-3097514.5465452396,1547.0,1547.0,107504.49295047707,1763.0,400.0,2,0.0016625689929751144
2026-02-18,delta_vega,medium,True,True,True,True,executed,204.7899932861328,0.03602999925613403,3,False,False,False,2026-03-13|205.0|call,2026-03-13,205.0,23,4.139377241346864,0.5199048836454073,0.03960510921639523,20.483080056224075,-35.49396102573282,-1000.0,0.0,2026-03-14|205.0|call,vega,-4847.575236318473,-1760.283181780183,-246053.41474676342,1369812.9084195895,979.0427121765435,979.0,1015.3154396008031,1000.0,7200.0,1000.0,-15.315439600803074,-166.8301308387572,-89.3604457329493,138866.01152548613,0.0,0.0,0.0,-230701.64890541398,1474487.9516601562,1243786.3027547423,-1853728.2437904973,-265.0389970033582,-1853993.2827875006,1763.0,1763.0,252661.27316486207,1784.0,7200.0,2,0.008219851951757224
2026-02-19,delta_vega,medium,True,True,True,True,executed,204.86000061035156,0.0359500002861023,3,False,False,False,2026-03-13|205.0|call,2026-03-13,205.0,22,4.1968035570044435,0.5218201252655409,0.039272277520830734,20.034656056213965,-37.20984521573615,-1000.0,0.0,2026-03-31|205.0|call,vega,-24.045346343184065,-169.0317423627639,1803.5857344435062,149008.23350809375,743.0074879606644,743.0,12602.479130248532,12600.0,11600.0,12600.0,-2.479130248531874,-1782.0020913260018,-20.19074086123146,1588938.0941263116,0.0,0.0,0.0,11745.388940803357,2376376.007080078,2388121.3960208814,534128.1132333807,76.19803898236238,534204.3112723631,1722.0,1722.0,1996.6628231494542,1979.0,11600.0,2,0.0004138121033145874
2026-02-20,delta_vega,medium,True,True,True,True,executed,210.11000061035156,0.0359500002861023,3,False,False,False,2026-03-13|205.0|call,2026-03-13,205.0,21,7.1912272652537865,0.7269953578688919,0.03443298735953107,16.75585342022458,-33.13138171628339,-1000.0,0.0,2026-03-15|210.0|call,vega,-9174.181938537484,-1452.4330962062338,136184.99395115324,1315986.4269720155,799.0269476749684,799.0,30130.610005281596,30100.0,17500.0,30100.0,-30.610005281596386,-279.6354227077836,-56.510145633714274,472782.0642036544,0.0,0.0,0.0,-301458.6955663025,3676925.0106811523,3375466.3151148497,3909670.626387213,557.7486513380398,3910228.3750385507,1542.0,1542.0,146811.60898589695,1743.0,17500.0,2,0.004130368982882955
2026-02-23,delta_vega,medium,True,True,True,True,executed,205.27000427246094,0.03588000059127808,3,False,False,False,2026-03-13|205.0|call,2026-03-13,205.0,18,4.1209101207988255,0.5357250352772555,0.0416871532233102,18.112541056998904,-42.196481261315334,-1000.0,0.0,2026-03-18|205.0|call,vega,4133.170147274017,-1258.659402064095,-395975.71411102964,1302499.3619454945,885.028491002634,885.0,5998.096851732109,6000.0,-24100.0,6000.0,1.9031482678910834,-913.9261468590057,-58.30823077564128,872094.0930741988,0.0,0.0,0.0,231757.1422061115,-4947007.102966309,-4715249.960760197,-805021.585721646,-114.61974195112808,-805136.2054635971,1684.0,1684.0,401367.5436603677,1799.0,24100.0,2,0.0034034717495150173
2026-02-24,delta_vega,medium,True,True,True,True,executed,208.55999755859375,0.03588000059127808,3,False,False,False,2026-03-13|205.0|call,2026-03-13,205.0,17,5.769520931616398,0.6804633426793296,0.040637182445060836,16.086302502421884,-38.62806846327109,-1000.0,0.0,2026-03-26|210.0|call,vega,-3164.4001481608066,-850.0358738797504,41604.340842875885,760883.283373524,674.9670909517608,675.0,35424.92685548404,35400.0,29400.0,35400.0,-24.92685548404188,-1766.8045143784962,78.4312171866186,1711894.6459615189,0.0,0.0,0.0,-266811.8588599079,6131663.928222656,5864852.069362748,5059715.863899151,720.4071753507961,5060436.271074502,1560.0,1560.0,45618.77686491644,1885.0,29400.0,2,0.006772803953696845
2026-02-25,delta_vega,medium,True,True,True,True,executed,210.63999938964844,0.03588000059127808,3,False,False,False,2026-03-13|205.0|call,2026-03-13,205.0,16,6.962888750588377,0.7829588098438102,0.03708354092796866,12.956786724310152,-32.21654824556854,-1000.0,0.0,2026-03-22|210.0|call,vega,-5339.166609846165,-1205.4583315109103,287167.522962881,1162687.2090617048,595.0133543890224,595.0,45215.089035823024,45200.0,9800.0,45200.0,-15.08903582302446,-1327.9489502324573,-29.08001461159438,1287295.377844197,0.0,0.0,0.0,-59981.03891951573,2064271.9940185547,2004290.955099039,7064727.226173541,1005.882607350496,7065733.108780891,1270.0,1270.0,293712.1479042381,1675.0,9800.0,2,0.001073326251879058
2026-02-26,delta_vega,medium,True,True,True,True,executed,207.9199981689453,0.03588000059127808,3,False,False,False,2026-03-13|205.0|call,2026-03-13,205.0,15,4.974134218402895,0.6676407822067733,0.04636611801237389,15.307915571842708,-39.413076021780654,-1000.0,0.0,2026-04-01|210.0|call,vega,4991.236823980042,-2269.823635941566,-276711.52482983074,1972520.1538801428,606.9713785135498,607.0,38523.249543574624,38500.0,-6700.0,38500.0,-23.24954357462775,-2605.1561318212616,72.1838481402956,2201846.030705001,0.0,0.0,0.0,55943.99965698604,-1393063.9877319336,-1337119.9880749476,5728613.120705944,815.6454053894151,5729428.766111333,1202.0,1202.0,283972.58528975234,1595.0,6700.0,2,0.00575104920876977
2026-02-27,delta_vega,medium,True,True,True,True,executed,210.0,0.03578000068664551,3,False,False,False,2026-03-13|205.0|call,2026-03-13,205.0,14,6.523782659011346,0.7499520872219412,0.038912516992032915,13.070822468986217,-39.23745733733806,-1000.0,0.0,2026-03-27|210.0|call,vega,-4113.413938091428,-1969.171555263641,216606.6802937016,2016677.5486519462,564.992279940909,565.0,45001.890309929906,45000.0,6500.0,45000.0,-1.890309929905925,-1944.2617203175698,17.859982412075624,2017614.8948814147,0.0,0.0,0.0,-48144.13447594008,1365000.0,1316855.8655240599,7046284.631635393,1000.4605911040242,7047285.092226497,1172.0,1172.0,222689.26578705665,1607.0,6500.0,2,0.00032255224339075155
2026-03-02,delta_vega,medium,True,True,True,True,executed,208.38999938964844,0.03589999914169312,3,False,False,False,2026-03-13|205.0|call,2026-03-13,205.0,11,5.193945458825937,0.6880141739954585,0.045802378751376806,12.798261814195877,-50.29539043378964,-1000.0,0.0,2026-03-24|210.0|call,vega,2978.9744983499586,-2657.2522170260854,-53136.91115451767,2917106.141944857,629.0012498212475,629.0,39329.66201186663,39300.0,-5700.0,39300.0,-29.662011866632383,-2297.408640154119,-2.5430060036014766,2543738.9405825613,0.0,0.0,0.0,6335.548502914287,-1187822.996520996,-1181487.4480180817,5865797.644208415,835.6433745731256,5866633.287582989,1194.0,1194.0,58773.13786989372,1565.0,5700.0,2,0.0008863018275105934
2026-03-03,delta_vega,medium,True,True,True,True,executed,208.72999572753906,0.0359500002861023,3,False,False,False,2026-03-13|205.0|call,2026-03-13,205.0,10,5.546227410731632,0.6946170391563997,0.043226004457351475,12.108604472043421,-56.87250280104792,-1000.0,0.0,2026-04-03|210.0|call,vega,218.7889288187689,-2193.977310557417,44342.91540949745,2902886.820760295,498.98064746731836,499.0,44697.687598213044,44700.0,5400.0,44700.0,2.3124017869558884,-2937.2534352254274,46.96217477857135,3827229.654808334,0.0,0.0,0.0,439.06094574951567,1127141.976928711,1127581.0378744605,6994214.325457449,997.7857420684766,6995212.111199518,1128.0,1128.0,46755.68164887364,1629.0,5400.0,2,0.0022107930619574
2026-03-04,delta_vega,medium,True,True,True,True,executed,216.82000732421875,0.0359500002861023,3,False,False,False,2026-03-13|205.0|call,2026-03-13,205.0,9,12.129202755402446,0.9573407172324013,0.012529519717131392,3.091060765239853,-20.366021889250845,-1000.0,0.0,2026-03-29|215.0|call,vega,-14803.382863011153,-0.90747545391514,723896.5113679534,429850.6554893409,140.02490974870537,140.0,87491.4052627095,87500.0,42800.0,87500.0,8.5947372905066,-799.380313685722,-54.988463862100616,1497978.0084603815,0.0,0.0,0.0,-401957.64178508613,9279896.313476562,8877938.671691477,15873150.782890994,2264.443552326493,15875415.22644332,639.0,639.0,738700.8017064184,1499.0,42800.0,2,0.0030976006670063697
2026-03-05,delta_vega,medium,True,True,True,True,executed,218.94000244140625,0.03588000059127808,3,False,False,False,2026-03-13|205.0|call,2026-03-13,205.0,8,14.189107291342964,0.9709745580212278,0.008527851274443481,2.145826314858968,-18.84243009241842,-1000.0,0.0,2026-04-06|220.0|call,vega,-595.6402458308548,-462.2832966847229,78616.06001587404,1286336.6890643537,82.97719666624032,83.0,92909.90153238102,92900.0,5400.0,92900.0,-9.901532381018114,-638.2059482314996,58.9704106838617,1561756.72408664,0.0,0.0,0.0,-59573.69235521113,1182276.0131835938,1122702.3208283826,16998117.547271702,2420.2082049473133,17000537.75547665,223.0,223.0,79673.98355838962,1140.0,5400.0,2,0.003575549679715661
2026-03-06,delta_vega,high,True,True,True,True,executed,213.2100067138672,0.03569999933242798,3,False,False,False,2026-03-13|205.0|call,2026-03-13,205.0,7,9.090766410907179,0.8410807046152412,0.02782563192901145,7.152310951423881,-61.05584325160609,-1000.0,0.0,2026-04-03|210.0|call,vega,12017.4959582743,-2610.6294415726557,-517556.90623489575,5735918.194485405,313.9864206832746,314.0,65194.35129005648,65200.0,-27700.0,65200.0,5.648709943518043,-2089.6546069138826,30.932387304026634,4591672.099769006,0.0,0.0,0.0,241544.37075078968,-5905917.185974121,-5664372.815223332,11336164.940253317,1605.9566698386386,11337770.896923156,397.0,397.0,532185.0316347427,1083.0,27700.0,2,0.0009887205083523075
2026-03-09,delta_vega,high,True,True,True,True,executed,213.49000549316406,0.035929999351501464,3,False,False,False,2026-03-13|205.0|call,2026-03-13,205.0,4,8.71999153927274,0.9396888175981308,0.02104107372025574,2.6731014957181745,-37.91489060297987,-1000.0,0.0,2026-04-10|215.0|call,vega,-9169.49062491973,-1270.2835424265088,398407.6607878985,2407158.510018455,106.00822203089656,106.0,88726.46967823888,88700.0,23500.0,88700.0,-26.469678238882807,-1842.5388216107726,-20.732658907363657,3363747.922560064,0.0,0.0,0.0,-183086.2779741633,5017015.1290893555,4833928.851115192,16171699.748038348,2305.7506407130722,16174005.49867906,420.0,420.0,408847.43495524477,1314.0,23500.0,2,0.0011304870114390716
2026-03-10,delta_vega,medium,True,True,True,True,executed,214.3300018310547,0.0359500002861023,3,False,False,False,2026-03-13|205.0|call,2026-03-13,205.0,3,9.432064210270141,0.9771740800936375,0.011205292846284154,1.0520475808981078,-23.104771000981284,-1000.0,0.0,2026-04-03|215.0|call,vega,-3567.562985982554,-849.489887151264,158768.87413440074,1882920.82806736,47.99217896654047,48.0,95279.01313108859,95300.0,6600.0,95300.0,20.986868911410056,-980.5879704211965,17.14466712786816,2093442.4736397928,0.0,0.0,0.0,-40031.57685223049,1414578.012084961,1374546.4352327303,17548551.93391179,2503.454154939722,17551055.388066728,154.0,154.0,163185.92700753457,1106.0,6600.0,2,0.000734388277630113
2026-03-11,delta_vega,medium,True,True,True,True,executed,212.64999389648438,0.035999999046325684,3,False,False,False,2026-03-13|205.0|call,2026-03-13,205.0,2,7.716816030602985,0.981027327849691,0.012214407155967253,0.7287669663402938,-23.245249561535555,-1000.0,0.0,2026-04-05|215.0|call,vega,-618.4892315054376,-1074.3930853468914,28693.38441737769,2113184.4771811347,32.99677876154481,33.0,96587.45308389963,96600.0,1300.0,96600.0,12.54691610037139,-1124.448040780356,7.114428331959061,2184382.3425298966,0.0,0.0,0.0,-5662.04028376426,276444.9920654297,270782.95178166544,17821838.33984839,2545.9768382472726,17824384.316686638,81.0,81.0,30386.26673423002,1048.0,1300.0,2,0.00020804019412034062
2026-03-12,delta_vega,high,True,True,True,True,executed,209.52999877929688,0.036050000190734864,3,False,False,False,2026-03-13|205.0|call,2026-03-13,205.0,1,4.625532199532529,0.9410060883753666,0.0397664447647147,1.2892551723456105,-70.36091095374319,-1000.0,0.0,2026-04-12|210.0|call,vega,3763.4745534450385,-3891.195135952557,-61252.588148935465,6885817.774866521,52.989974009030846,53.0,91344.67606565818,91300.0,-5300.0,91300.0,-44.676065658179596,-3850.054360225401,24.393408293937682,6809173.858997343,0.0,0.0,0.0,23184.309368184877,-1110508.9935302734,-1087324.6841620887,16737059.63252455,2394.3293767652813,16739453.961901315,86.0,86.0,68907.25783833305,1033.0,5300.0,2,0.002590989210888722
2026-03-13,delta_vega,high,True,True,True,True,executed,207.6699981689453,0.03602999925613403,4,True,True,True,2026-04-12|210.0|call,2026-04-12,210.0,30,5.685904389715205,0.47381460154656924,0.024508955164717086,23.700699021594794,-42.673940175262715,-1000.0,-1000.0,2026-04-09|210.0|call,vega,-47381.460154656925,-2450.8955164717086,-2370069.9021594794,4267394.017526272,1054.9869820126949,1055.0,-2108.7291769143703,-2100.0,-2100.0,-2100.0,8.729176914370328,275.5642702237051,29.245422383770347,-447993.2735433141,-568590.4389715205,236864.52362904066,-18960270.832824707,561223.3784794263,-436106.99615478516,-19166880.365842547,-2427426.4039412327,-347.0641727314393,-2427773.468113964,1055.0,1055.0,2419902.257830608,1000.0,2100.0,1,0.0009314932600075114
2026-03-16,delta_vega,medium,True,True,True,True,executed,211.74000549316406,0.036050000190734864,4,False,False,False,2026-04-12|210.0|call,2026-04-12,210.0,27,6.605667178171373,0.5802543823897355,0.02883025365480112,22.508167888159747,-40.00519173563672,-1000.0,0.0,2026-04-21|210.0|call,vega,1247.4888593167343,344.59433832606237,-13743.991500329226,-443634.4333355222,864.9411226796523,865.0,8045.975387015656,8000.0,10100.0,8000.0,-45.97538701565645,-727.8720007238248,153.2151237167418,947261.6016711821,0.0,0.0,0.0,-7632.498551625991,2138574.055480957,2130941.5569293313,-296831.9111846327,-42.46345418580239,-296874.3746388185,1920.0,1920.0,15336.074697972022,2055.0,10100.0,2,0.02558861034677589
2026-03-17,delta_vega,medium,True,True,True,True,executed,215.1999969482422,0.036050000190734864,4,False,False,False,2026-04-12|210.0|call,2026-04-12,210.0,26,8.461464172175653,0.6844359339171234,0.0275115345501519,20.41891864610497,-37.25074089032125,-1000.0,0.0,2026-04-13|215.0|call,vega,-2664.785096171894,-663.7759616371286,50771.170864269836,842584.0161907892,877.9841225698467,878.0,21410.78500340647,21400.0,13400.0,21400.0,-10.785003406468604,-84.23647159164648,36.92549173440784,293215.67549605574,0.0,0.0,0.0,-316381.6303902674,2883679.9591064453,2567298.328716178,2270423.9540773593,324.7967618156262,2270748.7508391747,1743.0,1743.0,54099.731922078856,1865.0,13400.0,2,0.0014798082383053613
2026-03-18,delta_vega,high,True,True,True,True,executed,209.8699951171875,0.03609999895095825,4,False,False,False,2026-04-12|210.0|call,2026-04-12,210.0,25,5.678207497022214,0.5243396314747312,0.028947712393406932,21.871305415001864,-43.753778071963985,-1000.0,0.0,2026-04-22|210.0|call,vega,2957.7859217045043,-516.2292150703424,-304177.73817059887,794722.0123329223,845.9844770809681,846.0,7590.370451854491,7600.0,-13800.0,7600.0,9.629548145509034,-834.9567946836978,40.131528683472425,1189237.40338628,0.0,0.0,0.0,251243.25695243012,-2896205.9326171875,-2644962.6756647574,-374213.92482558265,-53.60762814935518,-374267.532453732,1724.0,1724.0,307651.7533073737,1878.0,13800.0,2,0.0017032677919590466
2026-03-19,delta_vega,medium,True,True,True,True,executed,208.75999450683594,0.036119999885559084,4,False,False,False,2026-04-12|210.0|call,2026-04-12,210.0,24,4.780772969347964,0.4893471700536537,0.030983826154126072,21.34821958067121,-42.54975145237464,-1000.0,0.0,2026-04-18|210.0|call,vega,1036.7920642068711,-903.9117470757242,15580.546060350724,1167234.9403644,894.1382975339898,894.0,4526.894290596181,4500.0,-3100.0,4500.0,-26.894290596181236,-626.0607763534567,-330.19569022161886,808049.592782814,0.0,0.0,0.0,-9305.01093820756,-647155.9829711914,-656460.993909399,-1030728.526363131,-147.73775497729673,-1030876.2641181083,1740.0,1740.0,17521.249871633318,1846.0,3100.0,2,0.10975249670760313
2026-03-20,delta_vega,high,True,True,True,True,executed,205.3699951171875,0.036180000305175784,4,False,False,False,2026-04-12|210.0|call,2026-04-12,210.0,23,3.7514142526756586,0.39633177563568533,0.027809154836825146,19.868332677933505,-45.18914999615844,-1000.0,0.0,2026-04-26|205.0|call,vega,1864.2695388012944,-548.2120573530678,29434.981554444646,839071.813412664,766.0083270183055,766.0,-1922.1796182510006,-1900.0,-6400.0,-1900.0,22.179618251000647,-1050.9852649135373,-21.59819470299408,1598631.772113068,0.0,0.0,0.0,179198.5038911968,-1314367.96875,-1135169.4648588032,-2166045.7289769114,-310.9822822833705,-2166356.7112591946,1660.0,1660.0,31847.463150599007,1894.0,6400.0,2,0.0009584174801885626
2026-03-23,delta_vega,high,True,True,True,True,executed,210.13999938964844,0.036119999885559084,4,False,False,False,2026-04-12|210.0|call,2026-04-12,210.0,20,5.385966093313485,0.5294461791658056,0.03105423007549151,19.57051186041192,-50.33575689403586,-1000.0,0.0,2026-04-13|210.0|call,vega,-4933.757209770636,-1431.4423567018869,-140352.26940813707,2109587.4372279635,975.9935387620963,976.0,1220.7702310955938,1200.0,3100.0,1200.0,-20.770231095593772,-149.2305889249701,12.956001039594412,228685.8665597383,0.0,0.0,0.0,-224577.5552207688,651433.9981079102,426856.44288714137,-1739500.2683720533,-249.32837101003395,-1739749.5967430633,1742.0,1742.0,146717.4689746096,1766.0,3100.0,2,0.0005992604627023419
2026-03-24,delta_vega,high,True,True,True,True,executed,207.24000549316406,0.03619999885559082,4,False,False,False,2026-04-12|210.0|call,2026-04-12,210.0,19,4.012556642379749,0.4388319390351082,0.030961377308061807,18.640980696425675,-51.365943807335015,-1000.0,0.0,2026-04-27|210.0|call,vega,421.95021778088267,-149.0590496084901,4532.538700495614,233758.03387186676,740.9826295211805,741.0,9132.165474754744,9100.0,7900.0,9100.0,-32.16547475474363,-1376.55205913023,43.69910271349363,2180347.9993822444,0.0,0.0,0.0,31124.820397017,1637196.043395996,1668320.8637930132,-71428.73295005015,-10.260793853365547,-71438.99374390351,1717.0,1717.0,5103.547967884986,1976.0,7900.0,2,0.002944229344162516
2026-03-25,delta_vega,high,True,True,True,True,executed,211.7100067138672,0.03619999885559082,4,False,False,False,2026-04-12|210.0|call,2026-04-12,210.0,18,5.829313399737188,0.5809971336632914,0.032897511437017066,18.36813236037671,-51.28467264415323,-1000.0,0.0,2026-04-17|210.0|call,vega,-6449.671715522956,-1494.6243825392132,12350.627987003885,2223421.214361031,883.0307914211678,883.0,7114.529189514564,7100.0,-2000.0,7100.0,-14.529189514563768,-721.2337685694865,-64.04996349732392,1068445.2498159641,0.0,0.0,0.0,4799.630856329342,-423420.0134277344,-418620.38257140503,-490059.37631530856,-70.39741611819731,-490129.77373142674,1624.0,1624.0,20294.924085066054,1741.0,2000.0,2,0.004313495171958636
2026-03-26,delta_vega,high,True,True,True,True,executed,207.5399932861328,0.03619999885559082,4,False,False,False,2026-04-12|210.0|call,2026-04-12,210.0,17,3.935146820545242,0.44380371592291606,0.032206658077787706,17.6910013494107,-55.19303329849745,-1000.0,0.0,2026-04-20|210.0|call,vega,3044.4684391981573,-716.5749084525683,15196.005975112552,1168768.4780139914,819.9949767792499,820.0,6431.286416354858,6400.0,-700.0,6400.0,-31.286416354858375,-1038.6574483988597,10.837359689408913,1700056.198043073,0.0,0.0,0.0,3520.943090069981,-145277.99530029297,-141757.052210223,-631886.8259416497,-90.77104117440729,-631977.5969828242,1703.0,1703.0,18957.049322763276,1883.0,700.0,2,0.0010962882133671748
2026-03-27,delta_vega,high,True,True,True,True,executed,199.33999633789062,0.03607000112533569,4,False,False,False,2026-04-12|210.0|call,2026-04-12,210.0,16,1.6994976686325387,0.23055149605274244,0.023245689640747517,12.689959395522449,-46.95973682116535,-1000.0,0.0,2026-04-21|200.0|call,vega,6492.256655241377,-601.2489133017125,147505.15498665674,1149005.8900328572,610.0024414592352,610.0,-8182.220740838773,-8200.0,-14600.0,-8200.0,-17.779259161226946,-821.429957630842,-5.078999108169228,1611938.3157096743,0.0,0.0,0.0,166911.53023356077,-2910363.946533203,-2743452.4162996425,-3375430.0132824667,-483.14192213329545,-3375913.1552046,1430.0,1430.0,154598.66055519984,1820.0,14600.0,2,0.00034189828826285617
2026-03-30,delta_vega,high,True,True,True,True,executed,200.9499969482422,0.035980000495910644,4,False,False,False,2026-04-12|210.0|call,2026-04-12,210.0,13,1.6002196871923076,0.239643050330952,0.026617632188194632,11.779961880238089,-52.56261671991711,-1000.0,0.0,2026-04-29|200.0|call,vega,1480.5793242500877,-1060.7566754426077,12549.343981707934,2010323.3010310703,516.9962062841087,517.0,-4590.403763958384,-4600.0,3600.0,-4600.0,-9.596236041616066,-1503.8863673716135,8.644130854634568,2867648.4959303513,0.0,0.0,0.0,-5261.678465689183,723419.9890136719,718158.3105479827,-2657754.8446566174,-379.46833582838894,-2658134.3129924457,1127.0,1127.0,15090.67998140063,1610.0,3600.0,2,0.0001668087443984565
2026-03-31,delta_vega,high,True,True,True,True,executed,208.27000427246094,0.035999999046325684,4,False,False,False,2026-04-12|210.0|call,2026-04-12,210.0,12,3.09956293538238,0.44709452993528653,0.04171924156019223,14.932741580183079,-60.24160647567963,-1000.0,0.0,2026-05-01|210.0|call,vega,-11134.58859765617,-3050.210483244102,-505672.6976706252,4171208.792120803,617.043661469014,617.0,14690.392012078206,14700.0,19300.0,14700.0,9.60798792179412,-2571.319412126559,-105.66277145501226,3585628.1194755007,0.0,0.0,0.0,-237953.16015915677,4019611.082458496,3781657.9222993394,1123523.6093068938,160.50336850624035,1123684.1126754,1134.0,1134.0,519857.49675152544,1517.0,19300.0,2,0.011256934703459497
2026-04-01,delta_vega,medium,True,True,True,True,executed,210.57000732421875,0.036050000190734864,4,False,False,False,2026-04-12|210.0|call,2026-04-12,210.0,11,3.9555754412707813,0.5441903078754763,0.04456642800470868,14.493764548130304,-62.51209556384314,-1000.0,0.0,2026-04-29|210.0|call,vega,-6025.380740639717,-2807.547175811106,26652.409931759117,3804641.763664809,627.0345087373578,627.0,20209.937196596,20200.0,5500.0,20200.0,-9.93719659600174,-2720.4042606856447,-79.76618625409901,3687531.5211498803,0.0,0.0,0.0,-7601.600449784019,1158135.0402832031,1150533.4398334192,2274217.552508819,325.33945714966467,2274542.8919659685,1244.0,1244.0,35485.337848209936,1617.0,5500.0,2,0.006461392345711202
2026-04-02,delta_vega,medium,True,True,True,True,executed,209.77000427246094,0.03607000112533569,4,False,False,False,2026-04-12|210.0|call,2026-04-12,210.0,10,3.264149602023906,0.5067102115305446,0.04858328756181459,13.849866306652832,-63.48485553106027,-1000.0,0.0,2026-05-03|210.0|call,vega,2295.8301820913985,-3022.9842878332274,39830.061647892,3816300.9832854685,569.0121628734366,569.0,20790.240741223883,20800.0,600.0,20800.0,9.759258776117349,-3306.939097662431,-29.60466963495128,4187176.9699185845,0.0,0.0,0.0,-7513.527159102494,125862.00256347656,118348.47540437407,2392891.367370343,342.5063266422791,2393233.873696985,1196.0,1196.0,45148.876117816624,1627.0,600.0,2,0.0009716795960538298
2026-04-06,delta_vega,medium,True,True,True,True,executed,212.7899932861328,0.03622999906539917,4,False,False,False,2026-04-12|210.0|call,2026-04-12,210.0,6,4.303933533432144,0.6788252025929891,0.05479530276803402,9.771373693907083,-76.28374414308719,-1000.0,0.0,2026-04-30|215.0|call,vega,-12493.414701597489,-3920.7969642940616,288258.7464833087,5303905.653635677,451.00958057238705,451.0,47078.20911067982,47100.0,26300.0,47100.0,21.790889320178394,-4122.599410383527,-20.75684354128316,5678231.063809622,0.0,0.0,0.0,-218317.48761687396,5596376.823425293,5378059.335808419,7771293.209505403,1117.2775623703321,7772410.487067774,1020.0,1020.0,304672.9581492003,1569.0,26300.0,2,0.0009056894111615733
2026-04-07,delta_vega,high,True,True,True,True,executed,213.77000427246094,0.03615000009536743,4,False,False,False,2026-04-12|210.0|call,2026-04-12,210.0,5,4.923691594660056,0.7343919983890368,0.05126589317199483,8.20464120556947,-82.05915888393693,-1000.0,0.0,2026-04-29|215.0|call,vega,-4170.551067686552,-3824.8143135814084,144815.84808078827,6070692.8776984885,391.9859496402627,392.0,54225.67600918221,54200.0,7100.0,54200.0,-25.676009182207054,-3969.2645536775326,29.40874808386434,6312648.742650809,0.0,0.0,0.0,-35666.66038747033,1517767.0303344727,1482100.3699470023,9254510.857014775,1327.5816204907264,9255838.438635265,843.0,843.0,152811.21346205624,1451.0,7100.0,2,0.0015241319113849755
2026-04-08,delta_vega,medium,True,True,True,True,executed,221.25,0.035999999046325684,4,False,False,False,2026-04-12|210.0|call,2026-04-12,210.0,4,11.346346631302538,0.991716518473161,0.004633738965077323,0.5234648088318995,-12.519912057153336,-1000.0,0.0,2026-05-01|220.0|call,vega,-16117.698325066856,678.6652076525322,627650.8019918669,-215128.0734861144,23.997305393953713,24.0,97803.27279902062,97800.0,43600.0,97800.0,-3.2727990206244613,-382.6146340615298,5.877874268546293,1154272.9198635079,0.0,0.0,0.0,-321424.1389294462,9646500.0,9325075.861070555,18580914.29970582,2654.416258211384,18583568.71596403,416.0,416.0,644447.1655245863,1392.0,43600.0,2,4.526061934623905e-05
2026-04-09,delta_vega,medium,True,True,True,True,executed,233.64999389648438,0.03588000059127808,4,False,False,False,2026-04-12|210.0|call,2026-04-12,210.0,3,23.711914630520397,0.9999999988199748,1.724812768084037e-09,1.5322687592867207e-07,-7.532580243783135,-1000.0,0.0,2026-05-09|235.0|call,vega,-28.791078121148985,35.848333525110114,23328.33276953952,698045.382722427,5.7352516316051554e-06,0.0,99999.99988199749,100000.0,2200.0,100000.0,0.00011800251377280802,-0.0001724812768084037,-0.015322687592867206,753258.0243783136,0.0,0.0,0.0,-35142.41257048054,514029.9865722656,478887.5740017851,19062456.289965816,2714.130726012643,19065170.42069183,24.0,24.0,23392.972181185778,1024.0,2200.0,1,2.347986796618633e-10
2026-04-10,delta_vega,medium,True,True,True,False,solver_returned_no_trade,238.3800048828125,0.035929999351501464,4,False,False,False,2026-04-12|210.0|call,2026-04-12,210.0,2,28.421344922076344,1.0,2.7790187969503584e-18,1.697868339252467e-16,-7.543814516231369,-1000.0,0.0,2026-05-10|240.0|call,vega,0.0,-2.7790187969503584e-13,-1.697868339252467e-11,754381.4516231369,6.232816174075929e-15,0.0,100000.0,100000.0,0.0,100000.0,0.0,-2.7790187969503584e-13,-1.697868339252467e-11,754381.4516231369,0.0,0.0,0.0,0.0,0.0,0.0,19065170.42069183,2718.2998446496917,19067888.720536478,0.0,0.0,1.7256585272219705e-11,1000.0,0.0,0,2.8827568974359304e-28
2025-12-12,delta_theta,medium,True,True,True,True,executed,226.19000244140625,0.03525000095367432,1,True,False,False,2026-01-11|225.0|call,2026-01-11,225.0,30,5.048122778292949,0.5805940131378168,0.038224879253191124,25.340359254575176,-28.753457766017846,-1000.0,-1000.0,2026-01-05|225.0|call,theta,-58059.40131378168,-3822.4879253191125,-2534035.9254575176,2875345.7766017844,911.0291513456682,911.0,4988.330776589821,5000.0,5000.0,5000.0,11.669223410179256,76.23659386015152,-471382.1746777368,92.00605548731983,-504812.27782929497,0.0,0.0,414003.09666426183,1130950.0122070312,1040140.8310419981,1040140.8310419981,145.4958939928017,1040286.326935991,911.0,911.0,2595917.8146966184,1000.0,5000.0,1,0.00860128502133245
2025-12-15,delta_theta,medium,True,True,True,True,executed,222.5399932861328,0.03538000106811524,1,False,False,False,2026-01-11|225.0|call,2026-01-11,225.0,27,3.14242819246833,0.43495427911047535,0.03933142862284237,23.8247983947453,-29.940943870017797,-1000.0,0.0,2026-01-17|220.0|call,theta,-403.30775957803417,107.94877304427064,-483478.9803156806,-19166.94430508325,1070.9599997804721,1071.0,-23474.004638213766,-23500.0,-28500.0,-23500.0,-25.995361786233843,-272.4617653724199,334347.2683727285,-111.82904384098947,0.0,0.0,0.0,425921.56348175893,-6342389.808654785,-5916468.245173026,-4876181.918237035,-684.6004820458354,-4876866.518719081,1982.0,1982.0,483990.23684830294,1911.0,28500.0,2,0.013181493880787133
2025-12-16,delta_theta,medium,True,True,True,True,executed,222.55999755859375,0.03545000076293945,1,False,False,False,2026-01-11|225.0|call,2026-01-11,225.0,26,3.0625373139032632,0.4332369538309996,0.0401140619383698,23.364608264535818,-30.382490743152413,-1000.0,0.0,2026-01-20|225.0|call,theta,332.12259624619037,-294.0224897406415,335174.49744055513,10075.297430637293,1124.988219793111,1125.0,-7524.22762371623,-7500.0,16000.0,-7500.0,24.227623716229573,-108.4488070444072,734229.7479502088,-31.81473551923409,0.0,0.0,0.0,-231350.87102845148,3560959.9609375,3329609.0899090488,-1547257.428810032,-217.659829491188,-1547475.0886395234,2196.0,2196.0,335800.64252654195,2071.0,16000.0,2,0.0015991551470940248
2025-12-17,delta_theta,medium,True,True,True,True,executed,221.27000427246094,0.035429999828338624,1,False,False,False,2026-01-11|225.0|call,2026-01-11,225.0,25,2.7142293085765345,0.38750363925483566,0.0374208261101117,22.17764080397053,-31.553689174339013,-1000.0,0.0,2026-01-16|225.0|call,theta,169.6352510857978,-84.96619004542163,740188.4337752294,-10509.82299249107,1069.9134963576232,1070.0,-4331.661108564615,-4300.0,3200.0,-4300.0,31.66110856461455,-55.864775794091656,409071.8533943165,-255.1149278236553,0.0,0.0,0.0,-53524.74817226414,708064.013671875,654539.2654996109,-892935.8231399124,-125.54252404985914,-893061.3656639623,2195.0,2195.0,740443.0352163606,2125.0,3200.0,2,0.06608605219400918
2025-12-18,delta_theta,medium,True,True,True,True,executed,226.75999450683594,0.03522000074386597,1,False,False,False,2026-01-11|225.0|call,2026-01-11,225.0,24,5.139055925028828,0.6007553120117941,0.03936902523322273,22.453402379152635,-33.418090424900264,-1000.0,0.0,2026-01-15|230.0|call,theta,-475.6318465785589,-103.69570648064837,401708.3062872747,36814.30191494245,1107.9975745397978,1108.0,14387.543788986099,14400.0,18700.0,14400.0,12.456211013901338,119.80865034718772,463565.24395227665,-7.315381388645619,0.0,0.0,0.0,-256159.37357899826,4240411.897277832,3984252.523698834,3091191.1580348713,432.0307733548416,3091623.188808226,2178.0,2178.0,402287.6338403339,2070.0,18700.0,2,0.00020867199768417975
2025-12-19,delta_theta,low,True,True,True,True,executed,227.35000610351562,0.03522000074386597,1,False,False,False,2026-01-11|225.0|call,2026-01-11,225.0,23,4.988063029520646,0.6389067541641391,0.044000768327489996,21.373395067215146,-30.23301632402786,-1000.0,0.0,2026-01-16|230.0|call,theta,-2902.7519672262642,288.053036324859,541421.1051865662,-44808.7863377356,1107.0020783825116,1107.0,17051.109121145797,17100.0,2700.0,17100.0,48.89087885420304,203.7378226814535,591763.5678735338,5.676210878882557,0.0,0.0,0.0,8224.862126032764,613845.0164794922,622069.878605525,3713693.067413751,519.0328277650881,3714212.1002415163,2215.0,2215.0,544611.9101901173,2108.0,2700.0,2,0.002422537405077903
2025-12-22,delta_theta,low,True,True,True,True,executed,228.42999267578125,0.03528000116348266,1,False,False,False,2026-01-11|225.0|call,2026-01-11,225.0,20,5.301416341534264,0.7033349715205598,0.04593312442269197,18.49724595718397,-29.25380256505204,-1000.0,0.0,2026-01-18|230.0|call,theta,-2374.697702195066,625.8646305459806,776796.2090903304,-173018.84210658725,1077.90901976126,1078.0,20361.068103227357,20400.0,3300.0,20400.0,38.931896772643086,298.18001011719025,811008.0566340357,-246.91489658504725,0.0,0.0,0.0,8220.603884899,753818.9758300781,762039.5797149772,4476251.679956494,626.6752558607394,4476878.355212355,2185.0,2185.0,779796.7714230715,2107.0,3300.0,2,0.06248265874192032
2025-12-23,delta_theta,low,True,True,True,True,executed,232.13999938964844,0.03546999931335449,1,False,False,False,2026-01-11|225.0|call,2026-01-11,225.0,19,8.13021832554665,0.8524729331231952,0.030953185753020147,12.21256379634211,-23.2298610240099,-1000.0,0.0,2026-01-28|230.0|call,theta,3146.2658466236753,1588.4734821334137,1298872.2994705134,-697314.0094549996,941.0220329176226,941.0,26712.55602450024,26700.0,6300.0,26700.0,-12.55602450024162,391.8891293855245,1386518.3545936195,54.38997137406841,0.0,0.0,0.0,739.6095690673683,1462481.9961547852,1463221.6057238525,5940099.960936207,836.0926251415251,5940936.0535613485,2019.0,2019.0,1303607.0387992705,2078.0,6300.0,2,0.003115922737322649
2025-12-24,delta_theta,low,True,True,True,True,executed,232.3800048828125,0.035550000667572024,1,False,False,False,2026-01-11|225.0|call,2026-01-11,225.0,18,8.215650526641866,0.8744123934504451,0.029579474928131854,10.657832071870521,-21.551991779583517,-1000.0,0.0,2026-01-21|235.0|call,theta,-890.3902613419486,669.7414430049612,1476985.7311852125,-115109.23781259358,846.0098930677234,846.0,52115.28512077778,52100.0,25400.0,52100.0,-15.285120777778502,841.8009852087512,1059934.2281638642,25.2024611053057,0.0,0.0,0.0,-312810.4251603468,5902452.1240234375,5589641.698863091,11530577.75242444,1626.6351063340474,11532204.387530774,1787.0,1787.0,1478545.8628895595,1941.0,25400.0,2,0.0008687989629557227
2025-12-26,delta_theta,low,True,True,True,True,executed,232.52000427246094,0.035429999828338624,1,False,False,False,2026-01-11|225.0|call,2026-01-11,225.0,16,8.232010678122691,0.8885888302184435,0.028557938984187743,9.2380675393577,-21.411070239431645,-1000.0,0.0,2026-01-28|230.0|call,theta,-1303.8704267080393,1054.349895276534,1127471.179872739,-104711.02371544018,862.98851745503,863.0,33453.45377355045,33500.0,-18600.0,33500.0,46.546226449550886,518.3422073048964,1329117.3668297431,-28.488626663107425,0.0,0.0,0.0,272348.2597720494,-4324872.079467773,-4052523.819695724,7479680.56783505,1051.6074652159664,7480732.175300266,1709.0,1709.0,1129829.4001947234,1846.0,18600.0,2,0.0029781530458427856
2025-12-29,delta_theta,low,True,True,True,True,executed,232.07000732421875,0.03538000106811524,1,False,False,False,2026-01-11|225.0|call,2026-01-11,225.0,13,7.697240342302081,0.8874882709242655,0.030685411960888514,8.369586683669066,-23.72184618607103,-1000.0,0.0,2026-01-30|230.0|call,theta,-1556.8398907886294,394.1289507644806,1345427.856162937,57184.79776785476,906.9876512949266,907.0,32462.981931783565,32500.0,-1000.0,32500.0,37.018068216435495,456.9980072106646,1534968.5757048982,-32.297471958678216,0.0,0.0,0.0,36658.38375217572,-232070.00732421875,-195411.62357204303,7285320.5517282225,1022.8359083401049,7286343.387636563,1770.0,1770.0,1347378.82500449,1863.0,1000.0,2,0.0024134640693982776
2025-12-30,delta_theta,low,True,True,True,True,executed,232.52999877929688,0.03539999961853027,1,False,False,False,2026-01-11|225.0|call,2026-01-11,225.0,12,8.056813528461987,0.9070741318234465,0.027485171515750875,7.011039194192937,-22.48178393490493,-1000.0,0.0,2026-01-31|230.0|call,theta,-321.31554291235807,738.9129184723874,1602278.9639674406,-160366.25832171598,856.9808146244437,857.0,36100.510132986354,36100.0,3600.0,36100.0,-0.5101329863537103,496.6913072990428,1512263.1028670198,-50.330352862365544,0.0,0.0,0.0,-22100.567024864198,837107.9956054688,815007.4285806045,8101350.816217167,1138.046888109792,8102488.8631052775,1764.0,1764.0,1603339.1924288254,1907.0,3600.0,2,0.002533404654913993
2025-12-31,delta_theta,low,True,True,True,True,executed,230.82000732421875,0.03546999931335449,1,False,False,False,2026-01-11|225.0|call,2026-01-11,225.0,11,6.527681094865073,0.8507450510769481,0.038848721970342656,9.3117686448059,-29.796420117918455,-1000.0,0.0,2026-01-21|230.0|call,theta,-258.4276992450468,-540.1675139492072,1334733.6349006067,598240.8577094479,911.0040900737414,911.0,33216.12333186291,33200.0,-2900.0,33200.0,-16.123331862909254,451.31742135422155,1050606.5529427077,13.377498173620552,0.0,0.0,0.0,-50308.72274548083,-669378.0212402344,-719686.7439857152,7382802.119119562,1039.158674983345,7383841.2777945455,1768.0,1768.0,1335532.2301138008,1857.0,2900.0,2,0.00043891928774672593
2026-01-02,delta_theta,low,True,True,True,True,executed,226.5,0.03532999992370606,1,False,False,False,2026-01-11|225.0|call,2026-01-11,225.0,9,2.9933091875612945,0.6345576362453615,0.07348092029645537,13.374094719794074,-43.99224337708181,-1000.0,0.0,2026-02-01|225.0|call,theta,1433.1537028811035,-2857.676456363225,402416.8194399101,1726591.1438108925,1640.000454214538,1640.0,-34726.9233978779,-34700.0,-67900.0,-34700.0,26.923397877893876,-631.0763438059466,2780468.090381396,1.2184092048555613,0.0,0.0,0.0,650624.7722623588,-15379350.0,-14728725.227737641,-7344883.949943095,-1029.7410690123786,-7345913.691012108,2551.0,2551.0,406707.6495991544,1911.0,67900.0,2,0.0007263538742818573
2026-01-05,delta_theta,low,True,True,True,True,executed,233.05999755859375,0.03515000104904175,1,False,False,False,2026-01-11|225.0|call,2026-01-11,225.0,6,8.241182782684461,0.9703764226714584,0.015157380191568997,2.0119837299627754,-16.757632452680934,-1000.0,0.0,2026-01-30|235.0|call,theta,3977.2276939572766,2877.885441980659,2453807.8493744116,-2079997.2765509733,562.0324675896169,562.0,71872.16172551482,71900.0,106600.0,71900.0,27.83827448518059,928.9166087744607,1154603.8868011935,96.8057834377978,0.0,0.0,0.0,-1396927.8120511184,24844195.739746094,23447267.927694976,16101354.23668287,2245.883405993634,16103600.120088862,2202.0,2202.0,2460662.9625103497,2640.0,106600.0,2,0.010146329233318064
2026-01-06,delta_theta,low,True,True,True,True,executed,240.92999267578125,0.03519999980926514,1,False,False,False,2026-01-11|225.0|call,2026-01-11,225.0,5,16.0384935665748,0.9999644574567274,3.564828170986747e-05,0.004208983044528572,-7.9386905833345045,-1000.0,0.0,2026-02-12|240.0|call,theta,15120.045673070541,1864.3641287294672,1056480.4707828069,-748756.820644829,297.9931259180176,298.0,82952.59418265044,83000.0,11100.0,83000.0,47.40581734955413,1026.2201710835636,896662.0128543029,-18.312908975640312,0.0,0.0,0.0,-271573.04292164533,2674322.918701172,2402749.8757795263,18506349.99586839,2585.013953669687,18508935.00982206,860.0,860.0,1073464.880584607,1562.0,11100.0,2,0.0025826741537293744
2026-01-07,delta_theta,medium,True,True,True,True,executed,241.55999755859375,0.03515000104904175,1,False,False,False,2026-01-11|225.0|call,2026-01-11,225.0,4,16.646656230704792,0.999994939092464,5.976275951251517e-06,0.0005915475597781066,-7.909838884964341,-1000.0,0.0,2026-01-30|240.0|call,theta,602.9838401689922,987.792996734872,878432.411443436,-40026.9809429266,235.96694328669568,236.0,85918.62353974888,85900.0,2900.0,85900.0,-18.62353974887992,980.0677371066196,554010.7556240804,-110.80928229249548,0.0,0.0,0.0,-62883.01947100855,700523.9929199219,637640.9734489133,19146575.983270973,2670.643515466398,19149246.62678644,534.0,534.0,880023.1882803399,1298.0,2900.0,2,0.012625533274956063
2026-01-08,delta_theta,medium,True,True,True,True,executed,246.2899932861328,0.035069999694824217,1,False,False,False,2026-01-11|225.0|call,2026-01-11,225.0,3,21.35483941877129,0.99999999992806,1.3532758885131946e-10,1.0538876362321726e-08,-7.888475877005549,-1000.0,0.0,2026-01-30|245.0|call,theta,4176.894529061483,755.3501153303188,428572.75202467164,85921.22862872621,225.0467783050808,225.0,86848.53106647938,86800.0,900.0,86800.0,-48.53106647938148,940.8255411129832,530531.7447126232,163.9701461076038,0.0,0.0,0.0,-84514.3818110242,221660.99395751953,137146.61214649532,19286393.238932937,2684.0230357287223,19289077.261968665,461.0,461.0,433504.99666906346,1236.0,900.0,2,0.02924147322817508
2026-01-09,delta_theta,low,True,True,True,True,executed,247.3800048828125,0.03513000011444092,1,False,False,False,2026-01-11|225.0|call,2026-01-11,225.0,2,22.423311673593673,1.0,3.0068217311079903e-18,1.4769715239461546e-16,-7.90272865818411,-1000.0,0.0,2026-02-11|250.0|call,theta,1162.0566470824142,981.4396941905237,500282.5037890836,39999.342933721375,289.0052368574637,289.0,87230.86058707957,87200.0,400.0,87200.0,-30.860587079572724,1053.8036978966195,848466.5327349885,14.319970117881894,0.0,0.0,0.0,-12688.30816519793,98952.001953125,86263.69378792707,19375340.955756593,2701.0148015597656,19378041.97055815,514.0,514.0,502426.0001303566,1225.0,400.0,2,0.0011574373790729214
2026-01-12,delta_theta,medium,True,True,True,True,executed,246.47000122070312,0.03532999992370606,2,True,True,True,2026-02-11|245.0|call,2026-02-11,245.0,30,5.429561123376942,0.5895303794865926,0.03633098687727738,27.476676714295134,-30.260080116517422,-1000.0,-1000.0,2026-02-11|250.0|call,theta,-58953.03794865926,-3633.098687727738,-2747667.6714295135,3026008.0116517423,1052.9782949394332,1053.0,16215.45886016915,16200.0,16200.0,16200.0,-15.458860169150284,172.64292332404693,137668.7166044158,-62.37515766825527,-542956.1123376942,-88044.6067396621,-21492184.106445312,320799.2072555854,3992814.0197753906,-17809571.59849169,1568470.3720664605,219.89705605334626,1568690.269122514,1053.0,1053.0,2810253.8080659006,1000.0,16200.0,1,0.004129636651869046
2026-01-13,delta_theta,medium,True,True,True,True,executed,242.60000610351562,0.03559999942779541,2,False,False,False,2026-02-11|245.0|call,2026-02-11,245.0,29,3.584449953693877,0.44718501359089824,0.03609511747516977,27.04115347161145,-30.997938432608787,-1000.0,0.0,2026-02-09|245.0|call,theta,1194.6116555300941,-381.41381846761396,-271127.2546253642,382440.47026065644,971.9484594345804,972.0,1677.2459378690983,1700.0,-14500.0,1700.0,22.75406213090173,23.869453299482757,-171848.40680859145,-164.37613107450306,0.0,0.0,0.0,132634.35590652327,-3517700.0885009766,-3385065.7325944533,-1816375.4634719393,-256.5990692867566,-1816632.0625412262,2025.0,2025.0,272703.2800993619,2053.0,14500.0,2,0.027537259810479144
2026-01-14,delta_theta,medium,True,True,True,True,executed,236.64999389648438,0.03559999942779541,2,False,False,False,2026-02-11|245.0|call,2026-02-11,245.0,28,1.6585314371335471,0.2550750924743519,0.02897409873548472,21.050361952833427,-25.292455963490738,-1000.0,0.0,2026-02-09|235.0|call,theta,12.369504258946108,-33.958062870770846,-174827.0396010729,44452.26067422796,752.0034406575553,752.0,-19092.50805455531,-19100.0,-20800.0,-19100.0,-7.49194544468628,-140.62957831594576,-262004.7494909186,11.572111907880753,0.0,0.0,0.0,260189.97063278483,-4922319.873046875,-4662129.90241409,-6478761.964955316,-915.2536597033013,-6479677.218615019,1724.0,1724.0,174873.36716820262,1972.0,20800.0,2,0.000190043020554671
2026-01-15,delta_theta,medium,True,True,True,True,executed,238.17999267578125,0.03565000057220459,2,False,False,False,2026-02-11|245.0|call,2026-02-11,245.0,27,1.7950802088770814,0.284983313837035,0.03284589590014979,21.992219008480813,-26.073645046766273,-1000.0,0.0,2026-02-19|240.0|call,theta,1776.007916155977,-488.9865632115111,-475102.43982898234,206734.6638160986,922.9951530104223,923.0,-15424.483232684463,-15400.0,3700.0,-15400.0,24.483232684462564,-151.4457708744012,511651.62458395027,-13.692237210925668,0.0,0.0,0.0,-68637.26853736176,881265.9729003906,812628.7043630289,-5667048.51425199,-801.7074713325184,-5667850.221723323,1675.0,1675.0,477367.43430834985,1752.0,3700.0,2,0.0007869060425217935
2026-01-16,delta_theta,medium,True,True,True,True,executed,239.1199951171875,0.035569999217987064,2,False,False,False,2026-02-11|245.0|call,2026-02-11,245.0,26,2.0001458638733993,0.3121226726046157,0.03476017621956814,22.582013194719327,-27.86614731405701,-1000.0,0.0,2026-02-21|240.0|call,theta,158.0229677836178,-303.406004894995,428745.436491976,110535.83463621372,984.0176744772996,984.0,-18838.801722151748,-18800.0,-3400.0,-18800.0,38.801722151751164,-191.65425103911184,689094.9565447248,50.05190464574844,0.0,0.0,0.0,43755.709206480184,-813007.9833984375,-769252.2741919573,-6437102.49591528,-908.602106134163,-6438011.098021414,1907.0,1907.0,429206.86546465463,1923.0,3400.0,2,0.004010766800608791
2026-01-20,delta_theta,medium,True,True,True,True,executed,231.0,0.03572000026702881,2,False,False,False,2026-02-11|245.0|call,2026-02-11,245.0,22,0.763617658599518,0.13390769706582673,0.018683211382439585,12.244790927258224,-21.776079701051085,-1000.0,0.0,2026-02-24|230.0|call,theta,-3630.241443209805,554.2891299843304,1080264.175756933,-722392.0501907999,640.0059167683883,640.0,-22566.262660056098,-22600.0,-3800.0,-22600.0,-33.73733994390204,-118.51315094375605,579916.263415396,20.13169200764969,0.0,0.0,0.0,185050.98412122222,-877800.0,-692749.0158787777,-7130760.113900192,-1010.7569570342589,-7131770.870857227,1624.0,1624.0,1084448.706330127,1984.0,3800.0,2,0.001543493129581275
2026-01-21,delta_theta,medium,True,True,True,True,executed,231.30999755859375,0.03588000059127808,2,False,False,False,2026-02-11|245.0|call,2026-02-11,245.0,21,0.40002442028820795,0.09194898396983792,0.017362859621278336,9.154208096044774,-14.374149408980065,-1000.0,0.0,2026-02-18|230.0|call,theta,5283.341709506196,354.59050896464396,851316.8583943701,-464620.81012121774,445.99885954069964,446.0,-16699.326439826553,-16700.0,5900.0,-16700.0,-0.6735601734471857,-128.0630616199744,201155.40584791347,-3.6755996181163937,0.0,0.0,0.0,-136869.64694134373,1364728.9855957031,1227859.3386543593,-5903911.532202868,-840.6045605805253,-5904752.136763448,1086.0,1086.0,856954.7906128409,1640.0,5900.0,2,1.3963715859951583e-05
2026-01-22,delta_theta,medium,True,True,True,True,executed,234.33999633789062,0.03588000059127808,2,False,False,False,2026-02-11|245.0|call,2026-02-11,245.0,20,0.5480925482541608,0.12871839602944918,0.024268532783345172,11.524872764920516,-17.659693107521417,-1000.0,0.0,2026-02-17|235.0|call,theta,1595.5637822281788,-875.3108517331045,-162381.77788973076,463648.21998047526,560.923980036776,561.0,-15507.20943620673,-15500.0,1200.0,-15500.0,7.209436206729151,-137.43775209584965,247140.79956598324,-239.33532320940867,0.0,0.0,0.0,-91087.61778482026,281207.99560546875,190120.3778206485,-5714631.7589428,-813.6547257531911,-5715445.413668552,1007.0,1007.0,164852.65252369203,1446.0,1200.0,2,0.05733337290617101
2026-01-23,delta_theta,medium,True,True,True,True,executed,239.16000366210938,0.03582000017166138,2,False,False,False,2026-02-11|245.0|call,2026-02-11,245.0,19,1.4892445889325217,0.27878075630459603,0.038164115906158994,18.329157847742792,-30.73377165321913,-1000.0,0.0,2026-02-12|240.0|call,theta,-4694.786907786118,-1856.289557780757,-593334.8620021429,1294933.8537424773,835.9649944993448,836.0,-13177.0640806415,-13200.0,2300.0,-13200.0,-22.935919358496903,-103.02678291758139,33743.82985706278,-128.69570745434612,0.0,0.0,0.0,-96841.24492680014,550068.0084228516,453226.7634960514,-5262218.650172501,-747.9867974305503,-5262966.636969931,1397.0,1397.0,599885.9384677098,1561.0,2300.0,2,0.01708864151399411
2026-01-26,delta_theta,medium,True,True,True,True,executed,238.4199981689453,0.03575000047683716,2,False,False,False,2026-02-11|245.0|call,2026-02-11,245.0,16,1.059537151271293,0.229530736383592,0.03754976730630737,15.14014700841024,-29.86219364536475,-1000.0,0.0,2026-03-02|240.0|call,theta,1492.1269535728134,242.1274811018352,188730.1056011382,-267630.2815027074,1034.9383976189151,1035.0,-27220.647128703706,-27200.0,-14000.0,-27200.0,20.647128703705675,-307.7174714848411,1532224.9821881717,-177.74799323407933,0.0,0.0,0.0,226439.38121221802,-3337879.9743652344,-3111440.593153016,-8374407.230122948,-1188.0359621830314,-8375595.266085131,1871.0,1871.0,190464.36003581286,1836.0,14000.0,2,0.0320206530224497
2026-01-27,delta_theta,medium,True,True,True,True,executed,244.67999267578125,0.03569999933242798,2,False,False,False,2026-02-11|245.0|call,2026-02-11,245.0,15,3.2341300467926857,0.5085084634909847,0.04949403443086724,19.783764531868826,-43.43221360223605,-1000.0,0.0,2026-03-01|245.0|call,theta,-7382.488400122253,-1950.9893207939567,775497.4673204967,1321326.8280763403,1403.9983262239982,1404.0,-22910.611172554993,-22900.0,4300.0,-22900.0,10.61117255499994,-309.4336583044269,2134134.4635067615,-5.177769479341805,0.0,0.0,0.0,-128039.79288964462,1052123.9685058594,924084.1756162148,-7451511.090468916,-1055.6307180766667,-7452566.721186993,2439.0,2439.0,784830.9450414128,2035.0,4300.0,2,0.00013940627977318743
2026-01-28,delta_theta,medium,True,True,True,True,executed,243.00999450683594,0.03582000017166138,2,False,False,False,2026-02-11|245.0|call,2026-02-11,245.0,14,2.342813752996321,0.4219582758292515,0.05052886158687494,18.622339876817385,-43.0875452278512,-1000.0,0.0,2026-02-28|240.0|call,theta,684.7976159680693,-321.76311777968294,2155444.9169772663,-1370.1717016799375,1389.9700523074691,1390.0,-46219.685090381,-46200.0,-23300.0,-46200.0,19.68509038099728,-563.7320325270903,1834216.0706855403,-92.83455814421177,0.0,0.0,0.0,352475.0804837162,-5662132.872009277,-5309657.791525561,-12762224.512712553,-1814.0590644291456,-12764038.571776982,2794.0,2794.0,2156451.477711014,2404.0,23300.0,2,0.009005757969139066
2026-01-29,delta_theta,medium,True,True,True,True,executed,241.72999572753906,0.035799999237060544,2,False,False,False,2026-02-11|245.0|call,2026-02-11,245.0,13,1.8233717684944963,0.3566711292695868,0.04861220944428223,17.012155288438933,-43.18018051648535,-1000.0,0.0,2026-03-01|245.0|call,theta,438.54827477174695,-257.78406960410666,2038847.110932222,-213355.05760564376,1387.0149936220143,1387.0,-23466.17181842515,-23500.0,22700.0,-23500.0,-33.82818157484871,-307.68193259878353,2130234.4722208693,46.67774379905313,0.0,0.0,0.0,-326299.9929794943,5487270.903015137,5160970.910035643,-7603067.66174134,-1080.1183194034113,-7604147.780060743,2777.0,2777.0,2039543.443276598,2390.0,22700.0,2,0.003323157634830977
2026-01-30,delta_theta,medium,True,True,True,True,executed,239.3000030517578,0.03572000026702881,2,False,False,False,2026-02-11|245.0|call,2026-02-11,245.0,12,1.076457300026263,0.24430926118156454,0.04153940790323772,13.619473349784112,-38.12168337034295,-1000.0,0.0,2026-02-20|240.0|call,theta,680.4260688567665,111.8775579638459,2164349.6468917998,-357231.72780356,983.9881222666619,984.0,-24772.97890163217,-24800.0,-1300.0,-24800.0,-27.0210983678262,-221.13604882560958,891311.4937386515,-46.01673325384036,0.0,0.0,0.0,-1848.869331774651,-311090.00396728516,-312938.8732990598,-7917086.653359802,-1122.2156244924697,-7918208.868984295,2371.0,2371.0,2165141.95051862,2387.0,1300.0,2,0.0028476794963588365
2026-02-02,delta_theta,medium,True,True,True,True,executed,242.9600067138672,0.03578000068664551,2,False,False,False,2026-02-11|245.0|call,2026-02-11,245.0,9,1.6707012855683416,0.3893244159101076,0.06200588710674689,14.630653277021809,-51.41918743294182,-1000.0,0.0,2026-03-03|245.0|call,theta,947.1167549307793,-2092.4679488290803,488071.04198419,1371241.774152901,1611.9988885962457,1612.0,-35472.1835233683,-35500.0,-10700.0,-35500.0,-27.81647663169133,-492.4626194491075,2920635.456942282,-3.5451313499361277,0.0,0.0,0.0,84926.82690565742,-2599672.071838379,-2514745.2449327214,-10432954.113917015,-1481.3139101575077,-10434435.427827174,2596.0,2596.0,491110.6266879499,1984.0,10700.0,2,0.0007863243284897298
2026-02-03,delta_theta,medium,True,True,True,True,executed,238.6199951171875,0.03589999914169312,2,False,False,False,2026-02-11|245.0|call,2026-02-11,245.0,8,0.5727665053014732,0.17093235005255852,0.040065941377599515,8.970961023603827,-38.16051047430806,-1000.0,0.0,2026-03-06|235.0|call,theta,273.7896070097049,853.7702633882104,2951537.1597087886,-1169785.2567950063,1162.976144734614,1163.0,-58020.362749666696,-58000.0,-22500.0,-58000.0,20.362749666703166,-567.6657137382008,2111264.505463558,-78.2758192201145,0.0,0.0,0.0,460528.35051935096,-5368949.890136719,-4908421.539617368,-15342856.967444543,-2185.748222072934,-15345042.715666616,2775.0,2775.0,2952664.7195791868,2612.0,22500.0,2,0.006541745448568866
2026-02-04,delta_theta,medium,True,True,True,True,executed,232.99000549316406,0.0359500002861023,2,False,False,False,2026-02-11|245.0|call,2026-02-11,245.0,7,0.06580558212920273,0.028608020542773952,0.010842646031889442,2.110477423203711,-10.52478709213441,-1000.0,0.0,2026-03-04|235.0|call,theta,-6344.159909702175,2621.1796673425933,2878585.1845676485,-2898377.7907558465,301.02150075731043,301.0,-11146.953296604963,-11100.0,46900.0,-11100.0,46.953296604962816,-91.51212310282403,560933.017187924,75.17432889109477,0.0,0.0,0.0,-381861.71174135065,10927231.257629395,10545369.545888044,-4799673.169778572,-684.7152850267349,-4800357.885063599,1464.0,1464.0,2887550.5241446933,2163.0,46900.0,2,0.007855791786300099
2026-02-05,delta_theta,medium,True,True,True,True,executed,222.69000244140625,0.03578000068664551,2,False,False,False,2026-02-11|245.0|call,2026-02-11,245.0,6,0.0007028904725649987,0.00042923913543118486,0.00024440997626695195,0.04405149512597614,-0.29964210534545926,-1000.0,0.0,2026-03-07|225.0|call,theta,-4949.730852263005,616.0107599748521,514705.47474106913,-793043.2226803352,8.044923007021294,8.0,-329.4846571901574,-300.0,10800.0,-300.0,29.484657190157407,-1.6345712109142632,15894.473426434652,167.3207362029607,0.0,0.0,0.0,-41491.611290906876,2405052.0263671875,2363560.4150762805,-2436797.4699873184,-345.986568053025,-2437143.4565553716,309.0,309.0,520271.216353307,1301.0,10800.0,2,0.028865573773121864
2026-02-06,delta_theta,medium,True,True,True,True,executed,210.32000732421875,0.03589999914169312,2,False,False,False,2026-02-11|245.0|call,2026-02-11,245.0,5,2.6583212737215253e-10,3.340301557685995e-10,4.086256442648676e-10,5.203124221981574e-08,-4.0159011720480424e-07,-1000.0,0.0,2026-03-08|210.0|call,theta,-186.91123926193023,14.553261645992029,10625.614284655914,-14720.331566552626,1.1967793234586222e-05,0.0,3.340301557685995e-05,0.0,300.0,0.0,-3.340301557685995e-05,-4.086256442648676e-05,-0.005203124221981574,0.04015901172048043,0.0,0.0,0.0,-693.261003193706,63096.002197265625,62402.74119407192,-2374740.7153613,-338.3063081079936,-2375079.021669408,8.0,8.0,10827.078785563837,1008.0,300.0,1,1.612747338127134e-09
2026-02-09,delta_theta,medium,True,True,True,False,already_within_tolerance,208.72000122070312,0.035929999351501464,2,False,False,False,2026-02-11|245.0|call,2026-02-11,245.0,2,1.4486313595389313e-34,6.426857331615716e-34,2.8294708956839422e-33,1.2079862641454173e-31,-1.97626721175861e-30,-1000.0,0.0,2026-03-11|210.0|call,theta,-6.426857331615715e-29,-2.8294708956839424e-28,-1.2079862641454173e-26,1.9762672117586099e-25,6.877619383589757e-29,0.0,6.426857331615715e-29,0.0,0.0,0.0,-6.426857331615715e-29,-2.8294708956839424e-28,-1.2079862641454173e-26,1.9762672117586099e-25,0.0,0.0,0.0,0.0,0.0,0.0,-2375079.021669408,-338.63725281089904,-2375417.6589222187,0.0,0.0,1.2427078304338724e-26,1000.0,0.0,0,3.9056325053171013e-56
2026-02-10,delta_theta,medium,True,True,True,False,already_within_tolerance,206.9600067138672,0.03589999914169312,2,False,False,False,2026-02-11|245.0|call,2026-02-11,245.0,1,2.7094443352648896e-70,2.411710493380372e-69,2.138707494730944e-68,4.6029211570010633e-67,-1.5424216184486576e-65,-1000.0,0.0,2026-03-12|205.0|call,theta,-2.411710493380372e-64,-2.1387074947309438e-63,-4.602921157001063e-62,1.5424216184486577e-60,5.304476439995518e-64,0.0,2.411710493380372e-64,0.0,0.0,0.0,-2.411710493380372e-64,-2.1387074947309438e-63,-4.602921157001063e-62,1.5424216184486577e-60,0.0,0.0,0.0,0.0,0.0,0.0,-2375417.6589222187,-338.4027457002791,-2375756.061667919,0.0,0.0,4.8409090114079615e-62,1000.0,0.0,0,2.379064507221251e-126
2026-02-11,delta_theta,medium,True,True,True,True,executed,204.0800018310547,0.035999999046325684,3,True,True,True,2026-03-13|205.0|call,2026-03-13,205.0,30,3.9727744182241764,0.49798987069762257,0.03857976513599096,23.340985965293413,-28.610879567412603,-1000.0,-1000.0,2026-03-17|205.0|call,theta,-49798.987069762254,-3857.9765135990956,-2334098.5965293413,2861087.9567412604,1054.042441788404,1054.0,-3145.952956438632,-3100.0,-3100.0,-3100.0,45.9529564386321,-44.01148358607179,284909.15620771097,115.20379526633769,-397277.44182241766,0.0,0.0,451569.30764299433,-632648.0056762695,-578356.1398556929,-2954112.2015236123,-422.0160176094806,-2954534.2175412215,1054.0,1054.0,2387755.5601127027,1000.0,3100.0,1,0.015383588649219071
2026-02-12,delta_theta,medium,True,True,True,True,executed,199.60000610351562,0.035980000495910644,3,False,False,False,2026-03-13|205.0|call,2026-03-13,205.0,29,2.7391965999403283,0.354379586343912,0.03152268974987431,20.932780070167098,-30.082077699391274,-1000.0,0.0,2026-03-06|200.0|call,theta,157.1451723076243,-4.345441516017672,289025.59002666804,-26116.978823448997,808.9665970878559,809.0,-5940.069913169638,-5900.0,-2800.0,-5900.0,40.06991316963831,18.3590199140981,-512377.7978036781,-124.21143247699365,0.0,0.0,0.0,6258.690168787551,-558880.0170898438,-552621.3269210563,-3507155.5444622776,-500.7438818610656,-3507656.288344139,1863.0,1863.0,289187.0806404917,2054.0,2800.0,2,0.017034077899409104
2026-02-13,delta_theta,medium,True,True,True,True,executed,198.7899932861328,0.035929999351501464,3,False,False,False,2026-03-13|205.0|call,2026-03-13,205.0,28,2.341668626815064,0.32349329090877577,0.03140682029390832,19.778663693484905,-29.00703809331148,-1000.0,0.0,2026-03-19|200.0|call,theta,378.92862455340946,146.1775216603951,-441397.59924685024,-110259.48158029001,959.916316949925,960.0,-15206.285235217827,-15200.0,-9300.0,-15200.0,6.285235217823356,-86.71343188574838,345617.2086292452,-252.87594120763242,0.0,0.0,0.0,169458.3149832739,-1848746.9375610352,-1679288.6225777613,-5186944.9109219,-739.5512987527685,-5187684.462220652,1769.0,1769.0,441922.70539306407,1809.0,9300.0,2,0.06398574582338933
2026-02-17,delta_theta,medium,True,True,True,True,executed,201.14999389648438,0.035929999351501464,3,False,False,False,2026-03-13|205.0|call,2026-03-13,205.0,24,2.7518071122360652,0.38519784435025356,0.03641176466673529,19.71934660047049,-33.20872892529534,-1000.0,0.0,2026-03-10|200.0|call,theta,1069.4872921209244,-425.13092561859094,201862.7202617745,256377.1004456496,890.9855422102779,891.0,-12565.177277815019,-12600.0,2600.0,-12600.0,-34.8227221849811,-64.47466241711709,-285973.3101515039,-53.886937216389924,0.0,0.0,0.0,-115381.77519787115,522989.9841308594,407608.20893298823,-4780076.253287664,-681.5402249236242,-4780757.793512587,1851.0,1851.0,203357.338479514,1960.0,2600.0,2,0.004116423982935524
2026-02-18,delta_theta,medium,True,True,True,True,executed,204.7899932861328,0.03602999925613403,3,False,False,False,2026-03-13|205.0|call,2026-03-13,205.0,23,4.139377241346864,0.5199048836454073,0.03960510921639523,20.483080056224075,-35.49396102573282,-1000.0,0.0,2026-03-23|205.0|call,theta,-531.1303908725167,-774.9666815620931,-607923.9400122676,512642.75711899064,1169.9575092588666,1170.0,-9649.80192033523,-9600.0,3000.0,-9600.0,49.801920335230534,-111.28100982368278,819372.9201683016,-128.90764816757292,0.0,0.0,0.0,-20843.39538233052,614369.9798583984,593526.5844760679,-4187231.2090365198,-598.6743545509802,-4187829.8833910706,2061.0,2061.0,609230.0370847022,1891.0,3000.0,2,0.019097413025171414
2026-02-19,delta_theta,medium,True,True,True,True,executed,204.86000061035156,0.0359500002861023,3,False,False,False,2026-03-13|205.0|call,2026-03-13,205.0,22,4.1968035570044435,0.5218201252655409,0.039272277520830734,20.034656056213965,-37.20984521573615,-1000.0,0.0,2026-03-24|205.0|call,theta,36.2832739144651,-136.70189190912288,820649.09337242,25952.840243980754,1193.994417371753,1194.0,-10973.219145355899,-11000.0,-1400.0,-11000.0,-26.780854644101055,-119.80284712189132,922960.2768555032,-17.39779767394066,0.0,0.0,0.0,22838.193096484523,-286804.0008544922,-263965.80775800766,-4451795.691149078,-635.087525279676,-4452430.778674358,2364.0,2364.0,820822.0785382435,2170.0,1400.0,2,0.001019897539371844
2026-02-20,delta_theta,medium,True,True,True,True,executed,210.11000061035156,0.0359500002861023,3,False,False,False,2026-03-13|205.0|call,2026-03-13,205.0,21,7.1912272652537865,0.7269953578688919,0.03443298735953107,16.75585342022458,-33.13138171628339,-1000.0,0.0,2026-03-15|210.0|call,theta,-474.4583682112716,39.456117312936385,918606.041195778,-127940.3589649126,931.9948974747479,932.0,23044.668667417005,23000.0,34000.0,23000.0,-44.668667417005054,246.9818747410627,278848.7897787937,-18.13890959089622,0.0,0.0,0.0,-570791.9077416579,7143740.020751953,6572948.113010295,2120517.334335937,302.51031260341995,2120819.8446485405,2126.0,2126.0,919119.9556813021,2194.0,34000.0,2,0.0023243098899577157
2026-02-23,delta_theta,medium,True,True,True,True,executed,205.27000427246094,0.03588000059127808,3,False,False,False,2026-03-13|205.0|call,2026-03-13,205.0,18,4.1209101207988255,0.5357250352772555,0.0416871532233102,18.112541056998904,-42.196481261315334,-1000.0,0.0,2026-03-26|205.0|call,theta,1628.3573797833305,-774.2571024451954,-160391.20086782752,816916.4011986316,1271.978488954641,1272.0,-15186.956933477712,-15200.0,-38200.0,-15200.0,-13.043066522295703,-155.2213332669935,1208729.326819121,-71.36051672883332,0.0,0.0,0.0,482824.6242819746,-7841314.163208008,-7358489.538926033,-5237669.694277493,-745.7444116174435,-5238415.438689111,2204.0,2204.0,162793.81535005604,1932.0,38200.0,2,0.00526244493211113
2026-02-24,delta_theta,medium,True,True,True,True,executed,208.55999755859375,0.03588000059127808,3,False,False,False,2026-03-13|205.0|call,2026-03-13,205.0,17,5.769520931616398,0.6804633426793296,0.040637182445060836,16.086302502421884,-38.62806846327109,-1000.0,0.0,2026-03-20|210.0|call,theta,-528.9129778580827,-55.10159592481614,1207605.8391381146,-90783.67562596686,1102.0124246648381,1102.0,15809.442200498917,15800.0,31000.0,15800.0,-9.442200498917373,133.77231320465762,737540.3350999875,43.55130607029423,0.0,0.0,0.0,-482154.30549782596,6465359.924316406,5983205.61881858,744790.1801294694,106.0439369183471,744896.2240663877,2374.0,2374.0,1208189.8537118975,2272.0,31000.0,2,0.001985871410690203
2026-02-25,delta_theta,medium,True,True,True,True,executed,210.63999938964844,0.03588000059127808,3,False,False,False,2026-03-13|205.0|call,2026-03-13,205.0,16,6.962888750588377,0.7829588098438102,0.03708354092796866,12.956786724310152,-32.21654824556854,-1000.0,0.0,2026-04-03|210.0|call,theta,-1237.8999947648772,892.1900396400929,1006089.156327226,-492504.33956025355,1171.0384569565756,1171.0,12983.832083611116,13000.0,-2800.0,13000.0,16.167916388883896,122.65856895428624,1804455.7824826327,105.7992920326069,0.0,0.0,0.0,168518.97140541574,-589791.9982910156,-421273.0268855999,323623.19718078786,46.07777978649989,323669.27496057434,2273.0,2273.0,1008219.246361631,2102.0,2800.0,2,0.01145489171495878
2026-02-26,delta_theta,medium,True,True,True,True,executed,207.9199981689453,0.03588000059127808,3,False,False,False,2026-03-13|205.0|call,2026-03-13,205.0,15,4.974134218402895,0.6676407822067733,0.04636611801237389,15.307915571842708,-39.413076021780654,-1000.0,0.0,2026-04-03|210.0|call,theta,1067.6709962621753,-828.3229697437141,1510020.027958196,663385.986432659,1407.9870549622622,1408.0,834.8699393358838,800.0,-12200.0,800.0,-34.86993933588383,-57.559132797513485,2125453.286437073,-36.23639540374279,0.0,0.0,0.0,100802.99752083363,-2536623.977661133,-2435820.980140299,-2112151.705179725,-300.73017631237116,-2112452.435356037,237.0,237.0,1511916.0219242019,2171.0,12200.0,1,0.0025289890211446097
2026-02-27,delta_theta,medium,True,True,True,True,executed,210.0,0.03578000068664551,3,False,False,False,2026-03-13|205.0|call,2026-03-13,205.0,14,6.523782659011346,0.7499520872219412,0.038912516992032915,13.070822468986217,-39.23745733733806,-1000.0,0.0,2026-03-25|210.0|call,theta,1057.1227323574276,433.9339733593233,2332027.3342594868,-389309.35605728254,1126.0105779026749,1126.0,15346.272498331207,15300.0,14500.0,15300.0,-46.272498331207316,139.52609471454525,1203641.0466350003,36.86022254778072,0.0,0.0,0.0,-247962.4417693424,3045000.0,2797037.5582306576,684585.1228746204,97.20022288302071,684682.3230975034,2534.0,2534.0,2333518.3909652033,2408.0,14500.0,2,0.003499820108083506
2026-03-02,delta_theta,medium,True,True,True,True,executed,208.38999938964844,0.03589999914169312,3,False,False,False,2026-03-13|205.0|call,2026-03-13,205.0,11,5.193945458825937,0.6880141739954585,0.045802378751376806,12.798261814195877,-50.29539043378964,-1000.0,0.0,2026-04-04|210.0|call,theta,-528.2409051023933,-583.7779197226673,1063591.0480479398,664691.732370777,1516.0153456037021,1516.0,-4794.284782151182,-4800.0,-20100.0,-4800.0,-5.7152178488177015,-96.69822191047388,2507285.360327532,50.910640969872475,0.0,0.0,0.0,304945.6958189066,-4188638.9877319336,-3883693.291913027,-3199010.9688155237,-455.7321072807309,-3199466.7009228044,2642.0,2642.0,1064703.0668727648,2126.0,20100.0,2,0.002624557079022702
2026-03-03,delta_theta,medium,True,True,True,True,executed,208.72999572753906,0.0359500002861023,3,False,False,False,2026-03-13|205.0|call,2026-03-13,205.0,10,5.546227410731632,0.6946170391563997,0.043226004457351475,12.108604472043421,-56.87250280104792,-1000.0,0.0,2026-04-02|210.0|call,theta,1135.1479680762131,-181.55052020839048,2526913.559384168,114300.85029061325,1503.996152813574,1504.0,-5011.677498998848,-5000.0,-200.0,-5000.0,11.677498998848023,-76.62178076731925,2379393.051708966,-14.547851094976068,0.0,0.0,0.0,-38011.259835142526,-41745.99914550781,-79757.25898065034,-3279223.959903455,-467.80992974889966,-3279691.769833204,3020.0,3020.0,2528230.257872453,2516.0,200.0,2,0.00034800395434969296
2026-03-04,delta_theta,medium,True,True,True,True,executed,216.82000732421875,0.0359500002861023,3,False,False,False,2026-03-13|205.0|call,2026-03-13,205.0,9,12.129202755402446,0.9573407172324013,0.012529519717131392,3.091060765239853,-20.366021889250845,-1000.0,0.0,2026-04-07|215.0|call,theta,8856.551474164371,2568.639952828361,2737632.9063299843,-2857895.1741021546,604.0132722939303,604.0,60413.28842166036,60400.0,65400.0,60400.0,-13.288421660363383,422.9440133128619,1249304.4230505445,44.75130615569651,0.0,0.0,0.0,-1033592.5598683448,14180028.479003906,13146435.919135561,9866744.149302358,1407.5772023425316,9868151.7265047,2108.0,2108.0,2749058.097756977,2504.0,65400.0,2,0.0021792615528644947
2026-03-05,delta_theta,medium,True,True,True,True,executed,218.94000244140625,0.03588000059127808,3,False,False,False,2026-03-13|205.0|call,2026-03-13,205.0,8,14.189107291342964,0.9709745580212278,0.008527851274443481,2.145826314858968,-18.84243009241842,-1000.0,0.0,2026-04-08|220.0|call,theta,1396.6947381379505,595.3909235384448,1285799.0757890856,-379558.7978744828,498.01758500363314,498.0,71881.82796492857,71900.0,11500.0,71900.0,18.172035071434948,395.2627017207484,1112820.2104084115,66.53263089689426,0.0,0.0,0.0,-223302.52155322296,2517810.028076172,2294507.506522949,12162659.233027648,1731.7310336212136,12164390.96406127,1102.0,1102.0,1287791.161450762,1604.0,11500.0,2,0.004756813832699831
2026-03-06,delta_theta,high,True,True,True,True,executed,213.2100067138672,0.03569999933242798,3,False,False,False,2026-03-13|205.0|call,2026-03-13,205.0,7,9.090766410907179,0.8410807046152412,0.02782563192901145,7.152310951423881,-61.05584325160609,-1000.0,0.0,2026-04-04|210.0|call,theta,7410.598217757037,-1779.617472109892,513168.8265647349,3940772.778394517,1285.9881837446783,1286.0,6743.881591950034,6700.0,-65200.0,6700.0,-43.88159195003391,6.240364264072923,2267523.6578627485,-56.10093792900443,0.0,0.0,0.0,918023.0191240335,-13901292.43774414,-12983269.418620108,-818878.4545588382,-116.00777889321499,-818994.4623377314,1784.0,1784.0,522359.04225460184,1498.0,65200.0,2,0.0050729093485832885
2026-03-09,delta_theta,high,True,True,True,True,executed,213.49000549316406,0.035929999351501464,3,False,False,False,2026-03-13|205.0|call,2026-03-13,205.0,4,8.71999153927274,0.9396888175981308,0.02104107372025574,2.6731014957181745,-37.91489060297987,-1000.0,0.0,2026-04-12|215.0|call,theta,-7169.302622206684,1246.8276194012424,2516217.9604833852,-1784939.278563438,964.9737759234035,965.0,46039.60034200487,46000.0,39300.0,46000.0,-39.6003420048728,204.5073042594181,2241067.272320889,-103.03730734717101,0.0,0.0,0.0,-422747.3512198193,8390157.215881348,7967409.864661529,7148415.402323797,1019.2165109910997,7149434.618834788,2251.0,2251.0,2524634.090724993,2286.0,39300.0,2,0.012184873792258273
2026-03-10,delta_theta,medium,True,True,True,True,executed,214.3300018310547,0.0359500002861023,3,False,False,False,2026-03-13|205.0|call,2026-03-13,205.0,3,9.432064210270141,0.9771740800936375,0.011205292846284154,1.0520475808981078,-23.104771000981284,-1000.0,0.0,2026-04-03|215.0|call,theta,-1955.729758516638,1268.9003936712604,2373905.8429224347,-1475613.1835937267,510.9917371917624,511.0,71758.66253439282,71800.0,25800.0,71800.0,41.33746560718282,369.2626228692686,1014970.0816767651,-37.360739569645375,0.0,0.0,0.0,-346112.3957144902,5529714.047241211,5183601.651526721,12333036.27036151,1759.4153073333582,12334795.685668843,1476.0,1476.0,2377130.4730746225,1965.0,25800.0,2,0.0031046109240158884
2026-03-11,delta_theta,medium,True,True,True,True,executed,212.64999389648438,0.035999999046325684,3,False,False,False,2026-03-13|205.0|call,2026-03-13,205.0,2,7.716816030602985,0.981027327849691,0.012214407155967253,0.7287669663402938,-23.245249561535555,-1000.0,0.0,2026-04-14|215.0|call,theta,-3049.6399553871306,344.00384810463174,1008421.4578924085,74629.44042632729,625.0241839745946,625.0,68487.88265953647,68500.0,-3300.0,68500.0,12.117340463533765,353.1608969113263,1541902.949625846,89.94252370623872,0.0,0.0,0.0,126516.89552166103,-701744.9798583984,-575228.0843367374,11759567.601332106,1679.9381842585644,11761247.539516365,1136.0,1136.0,1011815.1016959002,1511.0,3300.0,2,0.008236487510556507
2026-03-12,delta_theta,high,True,True,True,True,executed,209.52999877929688,0.036050000190734864,3,False,False,False,2026-03-13|205.0|call,2026-03-13,205.0,1,4.625532199532529,0.9410060883753666,0.0397664447647147,1.2892551723456105,-70.36091095374319,-1000.0,0.0,2026-04-14|210.0|call,theta,-48.4328800772746,-2576.8711764461623,1400771.4668307982,4524948.315484658,1690.012832151857,1690.0,5995.673531911991,6000.0,-62500.0,6000.0,4.326468088009278,-67.89937595554738,4112698.0217161616,53.424558500759304,0.0,0.0,0.0,874194.2080715895,-13095624.923706055,-12221430.715634465,-460183.17611810006,-65.83176026520033,-460249.0078783653,2315.0,2315.0,1403396.7708873216,1625.0,62500.0,2,0.002872901777117616
2026-03-13,delta_theta,high,True,True,True,True,executed,207.6699981689453,0.03602999925613403,4,True,True,True,2026-04-12|210.0|call,2026-04-12,210.0,30,5.685904389715205,0.47381460154656924,0.024508955164717086,23.700699021594794,-42.673940175262715,-1000.0,-1000.0,2026-04-12|205.0|call,theta,-47381.460154656925,-2450.8955164717086,-2370069.9021594794,4267394.017526272,1005.0301879059668,1005.0,-12490.298843547956,-12500.0,-12500.0,-12500.0,-9.701156452043506,-55.13045321406025,-52077.23762535071,128.17892524506897,-568590.4389715205,-733710.9202262885,-1246019.9890136719,824176.084076401,-2595874.9771118164,-4320020.241246896,-4780269.249125261,-683.4646725797759,-4780952.71379784,1005.0,1005.0,2419902.257830608,1000.0,12500.0,1,0.016523949313488002
2026-03-16,delta_theta,medium,True,True,True,True,executed,211.74000549316406,0.036050000190734864,4,False,False,False,2026-04-12|210.0|call,2026-04-12,210.0,27,6.605667178171373,0.5802543823897355,0.02883025365480112,22.508167888159747,-40.00519173563672,-1000.0,0.0,2026-04-13|210.0|call,theta,1576.691455052991,-394.4606335029612,-293949.998162369,349384.44298174884,1016.0273255404534,1016.0,-887.6959444144231,-900.0,11600.0,-900.0,-12.304055585576862,-7.207265589308463,78459.1055212426,107.59193750377744,0.0,0.0,0.0,-299038.85403200844,2456184.063720703,2157145.2096886947,-2623807.5041091456,-375.35024215708836,-2624182.8543513026,2021.0,2021.0,295921.150250925,2005.0,11600.0,2,0.011727414799669718
2026-03-17,delta_theta,medium,True,True,True,True,executed,215.1999969482422,0.036050000190734864,4,False,False,False,2026-04-12|210.0|call,2026-04-12,210.0,26,8.461464172175653,0.6844359339171234,0.0275115345501519,20.41891864610497,-37.25074089032125,-1000.0,0.0,2026-04-13|215.0|call,theta,-36.28397952580417,-0.9723818410648164,78648.35922537418,-7321.637812837493,953.015729690397,953.0,17393.176086409956,17400.0,18300.0,17400.0,6.823913590043958,143.57534362107072,174461.36655969266,61.48299582209438,0.0,0.0,0.0,-336118.0590149611,3938159.944152832,3602041.885137871,977859.0307865683,139.88816764431587,977998.9189542126,1969.0,1969.0,78685.61558674106,2016.0,18300.0,2,0.003826724571944062
2026-03-18,delta_theta,high,True,True,True,True,executed,209.8699951171875,0.03609999895095825,4,False,False,False,2026-04-12|210.0|call,2026-04-12,210.0,25,5.678207497022214,0.5243396314747312,0.028947712393406932,21.871305415001864,-43.753778071963985,-1000.0,0.0,2026-04-17|210.0|call,theta,1861.4091337641003,-313.05079614064243,-143333.2504146546,488857.3373730583,1084.9849813031103,1085.0,-4783.360334845442,-4800.0,-22200.0,-4800.0,-16.639665154558315,-34.733028395869496,411127.4379978245,-60.56532965507358,0.0,0.0,0.0,327114.8927968841,-4659113.8916015625,-4331998.998804678,-3354000.0798504655,-480.47380700045915,-3354480.553657466,2038.0,2038.0,145507.71034455937,1953.0,22200.0,2,0.003945037612683557
2026-03-19,delta_theta,medium,True,True,True,True,executed,208.75999450683594,0.036119999885559084,4,False,False,False,2026-04-12|210.0|call,2026-04-12,210.0,24,4.780772969347964,0.4893471700536537,0.030983826154126072,21.34821958067121,-42.54975145237464,-1000.0,0.0,2026-04-10|210.0|call,theta,39.55849431563547,-45.468080946830014,412086.9780366416,8772.728244745173,962.0671038189804,962.0,2139.7402392286895,2100.0,6900.0,2100.0,-39.74023922868946,16.8355099067644,-168991.13116870308,296.7829175107181,0.0,0.0,0.0,-143867.20116819814,1440443.962097168,1296576.7609289698,-2057903.7927284962,-294.9662093565273,-2058198.7589378527,2047.0,2047.0,412172.0046119041,2085.0,6900.0,2,0.08965938674012719
2026-03-20,delta_theta,high,True,True,True,True,executed,205.3699951171875,0.036180000305175784,4,False,False,False,2026-04-12|210.0|call,2026-04-12,210.0,23,3.7514142526756586,0.39633177563568533,0.027809154836825146,19.868332677933505,-45.18914999615844,-1000.0,0.0,2026-04-25|205.0|call,theta,-97.14662844377744,7.112752553683549,-169756.99709794414,11683.133941571228,1170.9963270059218,1171.0,-23853.07776390438,-23900.0,-26000.0,-23900.0,-46.922236095619155,-98.68248197519188,1009397.3763742687,-14.17421015817672,0.0,0.0,0.0,536562.4736015983,-5339619.873046875,-4803057.399445277,-6861256.158383129,-985.0803567626622,-6862241.238739892,2133.0,2133.0,169861.2564789416,1962.0,26000.0,2,0.0024026044738211854
2026-03-23,delta_theta,high,True,True,True,True,executed,210.13999938964844,0.036119999885559084,4,False,False,False,2026-04-12|210.0|call,2026-04-12,210.0,20,5.385966093313485,0.5294461791658056,0.03105423007549151,19.57051186041192,-50.33575689403586,-1000.0,0.0,2026-04-30|210.0|call,theta,-392.42135513658286,-510.5313012531451,775258.2636614435,509796.584075965,1334.020859857996,1334.0,-18783.60991333983,-18800.0,5100.0,-18800.0,-16.390086660161614,-126.48706350317843,1635274.945075319,78.70916958805174,0.0,0.0,0.0,-147699.705819992,1071713.996887207,924014.291067215,-5938226.947672677,-851.1458598030197,-5939078.09353248,2505.0,2505.0,776161.2163178332,2171.0,5100.0,2,0.0064637683179682975
2026-03-24,delta_theta,high,True,True,True,True,executed,207.24000549316406,0.03619999885559082,4,False,False,False,2026-04-12|210.0|call,2026-04-12,210.0,19,4.012556642379749,0.4388319390351082,0.030961377308061807,18.640980696425675,-51.365943807335015,-1000.0,0.0,2026-04-24|210.0|call,theta,426.3860536570064,-129.46854525026902,1639417.587378373,5651.326381552033,1237.0061691453416,1237.0,-13565.721291348491,-13600.0,5200.0,-13600.0,-34.27870865150908,-89.39427311438612,1104532.0770615563,25.617008294910192,0.0,0.0,0.0,-143346.86318057182,1077648.0285644531,934301.1653838813,-5004776.928148599,-718.9401550455026,-5005495.8683036445,2571.0,2571.0,1639973.4419772802,2334.0,5200.0,2,0.0018312609807965411
2026-03-25,delta_theta,high,True,True,True,True,executed,211.7100067138672,0.03619999885559082,4,False,False,False,2026-04-12|210.0|call,2026-04-12,210.0,18,5.829313399737188,0.5809971336632914,0.032897511437017066,18.36813236037671,-51.28467264415323,-1000.0,0.0,2026-04-30|210.0|call,theta,-593.6060960194445,-144.1517337024975,1105609.7822979724,71397.92812615074,1358.9513078373043,1359.0,-19882.674606321852,-19900.0,-6300.0,-19900.0,-17.325393678154796,-140.39635200123485,1706048.3691645253,-183.75651944149286,0.0,0.0,0.0,179222.11282803735,-1333773.0422973633,-1154550.929469326,-6160046.79777297,-884.895583451458,-6160931.693356422,2596.0,2596.0,1106347.5401276944,2237.0,6300.0,2,0.034066627703354786
2026-03-26,delta_theta,high,True,True,True,True,executed,207.5399932861328,0.03619999885559082,4,False,False,False,2026-04-12|210.0|call,2026-04-12,210.0,17,3.935146820545242,0.44380371592291606,0.032206658077787706,17.6910013494107,-55.19303329849745,-1000.0,0.0,2026-04-20|210.0|call,theta,711.6132085145146,-167.29821417743688,1710039.6363818522,57126.88808325678,1185.0054668590863,1185.0,-10460.684424153573,-10500.0,9400.0,-10500.0,-39.31557584642724,-67.39762989438714,787480.965274052,25.462543762288988,0.0,0.0,0.0,-252019.37066445837,1950875.9368896484,1698856.5662251902,-4462075.127131231,-640.9806130782176,-4462716.107744309,2544.0,2544.0,1710918.5478045442,2359.0,9400.0,2,0.002194055638982655
2026-03-27,delta_theta,high,True,True,True,True,executed,199.33999633789062,0.03607000112533569,4,False,False,False,2026-04-12|210.0|call,2026-04-12,210.0,16,1.6994976686325387,0.23055149605274244,0.023245689640747517,12.689959395522449,-46.95973682116535,-1000.0,0.0,2026-05-02|200.0|call,theta,-104.32470440716133,165.83867027409178,778020.8860923874,-429827.33449219447,1095.991636311951,1096.0,-33995.17955019587,-34000.0,-23500.0,-34000.0,-4.820449804130476,-85.31185269854768,1464662.1453105977,-35.83572872541845,0.0,0.0,0.0,534279.8276671178,-4684489.91394043,-4150210.0862733116,-8612926.19401762,-1232.810545677178,-8614159.004563298,2281.0,2281.0,778291.0494670686,2185.0,23500.0,2,0.0013074361895959229
2026-03-30,delta_theta,high,True,True,True,True,executed,200.9499969482422,0.035980000495910644,4,False,False,False,2026-04-12|210.0|call,2026-04-12,210.0,13,1.6002196871923076,0.239643050330952,0.026617632188194632,11.779961880238089,-52.56261671991711,-1000.0,0.0,2026-04-20|200.0|call,theta,2622.884282874271,-324.38266909841104,1440745.7795728613,406166.4694586899,966.9591342675468,967.0,-29370.543296704658,-29400.0,4600.0,-29400.0,-29.456703295341867,-62.86614997204288,665922.5990735111,-222.14070437848568,0.0,0.0,0.0,-263738.7043781327,924369.9859619141,660631.2815837814,-7953527.722979517,-1135.5870294327067,-7954663.31000895,2063.0,2063.0,1443693.046524834,2096.0,4600.0,2,0.050214189910799574
2026-03-31,delta_theta,high,True,True,True,True,executed,208.27000427246094,0.035999999046325684,4,False,False,False,2026-04-12|210.0|call,2026-04-12,210.0,12,3.09956293538238,0.44709452993528653,0.04171924156019223,14.932741580183079,-60.24160647567963,-1000.0,0.0,2026-04-30|205.0|call,theta,472.62417103651387,-1812.6744030732575,-66216.8882585878,2187042.3440182116,1524.0749679653068,1524.0,-49147.827934062676,-49100.0,-19700.0,-49100.0,47.82793406267592,-328.7860977665632,1982777.2531834603,296.3233934827149,0.0,0.0,0.0,235921.53153953794,-4102919.0841674805,-3866997.5526279425,-11821660.862636892,-1688.808649924261,-11823349.671286816,2491.0,2491.0,68502.18683269757,1967.0,19700.0,2,0.09009506480181557
2026-04-01,delta_theta,medium,True,True,True,True,executed,210.57000732421875,0.036050000190734864,4,False,False,False,2026-04-12|210.0|call,2026-04-12,210.0,11,3.9555754412707813,0.5441903078754763,0.04456642800470868,14.493764548130304,-62.51209556384314,-1000.0,0.0,2026-04-24|210.0|call,theta,-276.6672928669286,-731.0152676148277,1796137.9528902974,468423.36861856095,1400.0312142731773,1400.0,-21811.2641377369,-21800.0,27300.0,-21800.0,11.264137736900011,-168.94563187936183,1484479.376651526,139.37329453229904,0.0,0.0,0.0,-629957.9228087206,5748561.199951172,5118603.277142451,-6704746.394144365,-959.1512253481478,-6705705.545369713,2924.0,2924.0,1797145.6354507792,2524.0,27300.0,2,0.019551796027742836
2026-04-02,delta_theta,medium,True,True,True,True,executed,209.77000427246094,0.03607000112533569,4,False,False,False,2026-04-12|210.0|call,2026-04-12,210.0,10,3.264149602023906,0.5067102115305446,0.04858328756181459,13.849866306652832,-63.48485553106027,-1000.0,0.0,2026-04-29|210.0|call,theta,190.36078209370316,-306.6204602816124,1488128.1173177678,151703.44224654976,1571.9629956040505,1572.0,-31481.275974296877,-31500.0,-9700.0,-31500.0,-18.724025703122607,-256.7952565906771,2187281.0572395194,-149.44491298031062,0.0,0.0,0.0,178651.5069366704,-2034769.041442871,-1856117.5345062008,-8561823.079875913,-1225.4959052621002,-8563048.575781174,2972.0,2972.0,1488625.098560143,2400.0,9700.0,2,0.02268437115422381
2026-04-06,delta_theta,medium,True,True,True,True,executed,212.7899932861328,0.03622999906539917,4,False,False,False,2026-04-12|210.0|call,2026-04-12,210.0,6,4.303933533432144,0.6788252025929891,0.05479530276803402,9.771373693907083,-76.28374414308719,-1000.0,0.0,2026-05-09|215.0|call,theta,-3133.1491828643775,-820.7375549935377,2239207.890430333,750557.7974074138,2024.9551865916771,2025.0,-28507.14016657138,-28500.0,3000.0,-28500.0,7.140166571378359,-286.99124109040986,4182389.654952402,-168.8202582122758,0.0,0.0,0.0,24947.055524541298,638369.9798583984,663317.0353829397,-7899731.5403982345,-1135.7431203394142,-7900867.283518574,3597.0,3597.0,2243161.777168191,2572.0,3000.0,2,0.028551261561526507
2026-04-07,delta_theta,high,True,True,True,True,executed,213.77000427246094,0.03615000009536743,4,False,False,False,2026-04-12|210.0|call,2026-04-12,210.0,5,4.923691594660056,0.7343919983890368,0.05126589317199483,8.20464120556947,-82.05915888393693,-1000.0,0.0,2026-05-04|215.0|call,theta,-309.3870744402084,-188.04861384755623,4292887.008960944,-70209.71680822596,1861.9815850607763,1862.0,-19022.9326486644,-19000.0,9500.0,-19000.0,22.932648664398585,-173.53404778598997,3498264.812383795,-81.15624964889139,0.0,0.0,0.0,-212467.02457147208,2030815.040588379,1818348.0160169068,-6082519.267501667,-872.5518734137282,-6083391.819375081,3887.0,3887.0,4293384.444649232,3025.0,9500.0,2,0.0071122432318379255
2026-04-08,delta_theta,medium,True,True,True,True,executed,221.25,0.035999999046325684,4,False,False,False,2026-04-12|210.0|call,2026-04-12,210.0,4,11.346346631302538,0.991716518473161,0.004633738965077323,0.5234648088318995,-12.519912057153336,-1000.0,0.0,2026-05-10|220.0|call,theta,15737.166610394255,4553.698704426442,3654224.626380704,-5266316.092093088,355.0090241381613,355.0,78990.8734214481,79000.0,98000.0,79000.0,9.126578551909915,546.4746017449388,861745.179629033,31.824942040722817,0.0,0.0,0.0,-1452832.4251518592,21682500.0,20229667.57484814,14146275.75547306,2020.8964829606762,14148296.651956022,2217.0,2217.0,3674515.4916955247,2862.0,98000.0,2,0.0010961213719595485
2026-04-09,delta_theta,medium,True,True,True,True,executed,233.64999389648438,0.03588000059127808,4,False,False,False,2026-04-12|210.0|call,2026-04-12,210.0,3,23.711914630520397,0.9999999988199748,1.724812768084037e-09,1.5322687592867207e-07,-7.532580243783135,-1000.0,0.0,2026-05-07|235.0|call,theta,9853.562076851544,558.2398917073457,513772.4010694217,-86373.141511783,205.0174537209993,205.0,89984.43260968887,90000.0,11000.0,90000.0,15.567390311136478,647.5346969334893,529034.2566503814,64.12700557615608,0.0,0.0,0.0,-444319.4455242258,2570149.932861328,2125830.487337102,16274127.139293123,2317.1257594459203,16276444.265052568,560.0,560.0,524184.2030379806,1355.0,11000.0,2,0.004354616485263619
2026-04-10,delta_theta,medium,True,True,True,True,executed,238.3800048828125,0.035929999351501464,4,False,False,False,2026-04-12|210.0|call,2026-04-12,210.0,2,28.421344922076344,1.0,2.7790187969503584e-18,1.697868339252467e-16,-7.543814516231369,-1000.0,0.0,2026-05-11|235.0|call,theta,3048.0290315428283,615.2785607918237,498892.2637906151,-2542.981606980902,215.98017646679304,216.0,86358.31854526652,86400.0,-3600.0,86400.0,41.68145473347249,606.800658727776,565789.6896303124,-69.24017750890926,0.0,0.0,0.0,16585.211080419627,-858168.017578125,-841582.8064977054,15434861.458554862,2200.6927071285363,15437062.15126199,421.0,421.0,502555.5713829497,1205.0,3600.0,2,0.00653154585016378
2025-12-12,delta_gamma_vega,medium,True,True,True,True,executed,226.19000244140625,0.03525000095367432,1,True,False,False,2026-01-11|225.0|call,2026-01-11,225.0,30,5.048122778292949,0.5805940131378168,0.038224879253191124,25.340359254575176,-28.753457766017846,-1000.0,-1000.0,2025-12-19|225.0|call (+329) | 2026-02-27|225.0|call (+528),delta_gamma_vega,-58059.40131378168,-3822.4879253191125,-2534035.9254575176,2875345.7766017844,,,7123.188077302206,7100.0,7100.0,7100.0,-9.776328483323596,0.011084104713745546,1234.000938829966,73838.52765516948,-504812.27782929497,0.0,0.0,516431.6456898551,1605949.0173339844,1617568.3851945444,1617568.3851945444,226.26701238389333,1617794.6522069282,857.0,857.0,2595917.8146966184,1000.0,7100.0,2,47.848734693942355
2025-12-15,delta_gamma_vega,medium,True,True,True,True,executed,222.5399932861328,0.03538000106811524,1,False,False,False,2026-01-11|225.0|call,2026-01-11,225.0,27,3.14242819246833,0.43495427911047535,0.03933142862284237,23.8247983947453,-29.940943870017797,-1000.0,0.0,2025-12-24|225.0|call (+446) | 2026-03-01|220.0|call (+463),delta_gamma_vega,-1379.4162190301467,183.1046705264573,-18503.954535319936,-28641.39151089685,,,-569.6818564873502,-500.0,-7600.0,-500.0,26.273144201106334,-1.3408035567360912,-2805.7979583039414,17223.016563170473,0.0,0.0,0.0,124015.86985362704,-1691303.9489746094,-1567288.0791209824,50506.5730859458,7.090962737014297,50513.66404868281,1766.0,1766.0,20066.47542487654,1857.0,7600.0,4,47.47159376801179
2025-12-16,delta_gamma_vega,medium,True,True,True,True,executed,222.55999755859375,0.03545000076293945,1,False,False,False,2026-01-11|225.0|call,2026-01-11,225.0,26,3.0625373139032632,0.4332369538309996,0.0401140619383698,23.364608264535818,-30.382490743152413,-1000.0,0.0,2025-12-24|225.0|call (+434) | 2026-03-02|220.0|call (+465),delta_gamma_vega,-193.24835135062312,78.4249043452678,-7930.106354687363,-32262.176982805133,,,-69.24873384593957,-0.0,500.0,-0.0,15.591060156279127,-6.0197551878914055,-2705.7588481230196,25793.523237333167,0.0,0.0,0.0,2983.5226114255233,111279.99877929688,114263.5213907224,164777.1854394052,23.179965672785436,164800.365405078,940.0,940.0,8201.779610383253,1909.0,500.0,3,47.03148836555491
2025-12-17,delta_gamma_vega,medium,True,True,True,True,executed,221.27000427246094,0.035429999828338624,1,False,False,False,2026-01-11|225.0|call,2026-01-11,225.0,25,2.7142293085765345,0.38750363925483566,0.0374208261101117,22.17764080397053,-31.553689174339013,-1000.0,0.0,2025-12-24|220.0|call (+388) | 2026-03-04|220.0|call (+443),delta_gamma_vega,-595.688690647079,-114.06770065771877,35181.88190957997,118297.11177289952,,,-10646.815850143674,-10600.0,-10600.0,-10600.0,2.889467549695837,-3.817989053363249,-1673.2996665826067,-34898.970326646115,0.0,0.0,0.0,63468.04733129982,-2345462.045288086,-2281993.9979567863,-2117193.6325517083,-297.66734142010574,-2117491.299893128,1730.0,1730.0,35891.63830088477,1899.0,10600.0,4,48.13505376640149
2025-12-18,delta_gamma_vega,medium,True,True,True,True,executed,226.75999450683594,0.03522000074386597,1,False,False,False,2026-01-11|225.0|call,2026-01-11,225.0,24,5.139055925028828,0.6007553120117941,0.03936902523322273,22.453402379152635,-33.418090424900264,-1000.0,0.0,2025-12-25|225.0|call (+423) | 2026-03-05|225.0|call (+433),delta_gamma_vega,-3877.1132820050043,-1950.9423991567246,-486246.84232405527,1360369.7799887923,,,7059.292951177595,7100.0,17700.0,7100.0,30.190364356927603,-0.30709932384309013,-773.231390847126,75564.79836468177,0.0,0.0,0.0,-282882.2400815283,4013651.902770996,3730769.662689468,1613278.3627963397,225.47486165773793,1613503.8376579974,1687.0,1687.0,492074.898005217,1831.0,17700.0,4,47.820221731031474
2025-12-19,delta_gamma_vega,low,True,True,True,True,executed,227.35000610351562,0.03522000074386597,1,False,False,False,2026-01-11|225.0|call,2026-01-11,225.0,23,4.988063029520646,0.6389067541641391,0.044000768327489996,21.373395067215146,-30.23301632402786,-1000.0,0.0,2025-12-29|225.0|call (+555) | 2026-03-05|225.0|call (+351),delta_gamma_vega,354.1662306880462,-50.71124642476434,-5871.592293252004,100298.71297254402,,,4437.101958252129,4400.0,-2700.0,4400.0,-32.01635461882688,1.3570589280619743,-632.4459735625423,46422.99918999325,0.0,0.0,0.0,1358.2536834701023,-613845.0164794922,-612486.7627960221,1001017.0748619753,139.9040560367512,1001156.978918012,1060.0,1060.0,6276.469770364814,1856.0,2700.0,3,48.51530546853215
2025-12-22,delta_gamma_vega,low,True,True,True,True,executed,228.42999267578125,0.03528000116348266,1,False,False,False,2026-01-11|225.0|call,2026-01-11,225.0,20,5.301416341534264,0.7033349715205598,0.04593312442269197,18.49724595718397,-29.25380256505204,-1000.0,0.0,2025-12-29|230.0|call (+435) | 2026-03-09|230.0|call (+317),delta_gamma_vega,951.0682950783594,-143.04659165458474,-20186.406896095723,114084.30332998419,,,37487.87590252364,37500.0,33100.0,37500.0,-0.009077617522052606,-1.1816046670872993,-826.6978088202886,318107.9855564304,0.0,0.0,0.0,-288102.433622555,7561032.757568359,7272930.3239458045,8274087.302863817,1158.3722606023516,8275245.675124419,1658.0,1658.0,21280.521782828666,1906.0,33100.0,4,53.81259204306731
2025-12-23,delta_gamma_vega,low,True,True,True,True,executed,232.13999938964844,0.03546999931335449,1,False,False,False,2026-01-11|225.0|call,2026-01-11,225.0,19,8.13021832554665,0.8524729331231952,0.030953185753020147,12.21256379634211,-23.2298610240099,-1000.0,0.0,2025-12-30|230.0|call (+330) | 2026-03-10|230.0|call (+209),delta_gamma_vega,2730.7342150527875,1299.801376119814,504473.5029629882,-376580.8705157018,,,49295.12365967267,49300.0,11800.0,49300.0,8.680548644781084,0.8216078776255245,-227.7622765803244,416806.9673867175,0.0,0.0,0.0,-113499.91443432501,2739251.9927978516,2625752.0783635266,10900997.753487945,1534.3586620281596,10902532.112149972,1291.0,1291.0,508504.0385541608,1752.0,11800.0,4,50.96147063513072
2025-12-24,delta_gamma_vega,low,True,True,True,True,executed,232.3800048828125,0.035550000667572024,1,False,False,False,2026-01-11|225.0|call,2026-01-11,225.0,18,8.215650526641866,0.8744123934504451,0.029579474928131854,10.657832071870521,-21.551991779583517,-1000.0,0.0,2026-01-01|230.0|call (+341) | 2026-03-09|230.0|call (+167),delta_gamma_vega,-678.5591081624461,279.44658678826204,94358.08632147755,285619.9128387124,,,52611.349606829135,52600.0,3300.0,52600.0,-28.79534024813438,-2.2083107037331047,37.129901922889985,441019.5158195709,0.0,0.0,0.0,-22881.801991413115,766854.0161132812,743972.2141218681,11646504.326271841,1642.9890340231923,11648147.315305864,1047.0,1047.0,95316.09201642826,1539.0,3300.0,4,51.02693006848311
2025-12-26,delta_gamma_vega,low,True,True,True,True,executed,232.52000427246094,0.035429999828338624,1,False,False,False,2026-01-11|225.0|call,2026-01-11,225.0,16,8.232010678122691,0.8885888302184435,0.028557938984187743,9.2380675393577,-21.411070239431645,-1000.0,0.0,2026-01-05|230.0|call (+392) | 2026-03-12|230.0|call (+100),delta_gamma_vega,-239.29665036232836,284.84123664179054,57325.94509483047,300957.62518302235,,,54894.42337545882,54900.0,2300.0,54900.0,-23.32191161359242,-0.9325727965328952,-2080.384742136812,454477.57348735735,0.0,0.0,0.0,-17410.23374250991,534796.0098266602,517385.77608415025,12165533.091390016,1710.4160132523655,12167243.507403268,1000.0,1000.0,57850.082981834596,1508.0,2300.0,4,51.245015458327984
2025-12-29,delta_gamma_vega,low,True,True,True,True,executed,232.07000732421875,0.03538000106811524,1,False,False,False,2026-01-11|225.0|call,2026-01-11,225.0,13,7.697240342302081,0.8874882709242655,0.030685411960888514,8.369586683669066,-23.72184618607103,-1000.0,0.0,2026-01-06|230.0|call (+385) | 2026-03-12|230.0|call (+92),delta_gamma_vega,-576.523442760551,233.13415054914782,3621.554346417077,339318.4502014228,,,56819.62739225751,56800.0,1900.0,56800.0,-17.407291044456542,0.1803438786458571,81.96366314857733,472585.3619256007,0.0,0.0,0.0,-3660.3738258461744,440933.0139160156,437272.64009016944,12604516.147493437,1769.6341061960063,12606285.781599633,785.0,785.0,4431.211939726776,1492.0,1900.0,3,51.35195576060384
2025-12-30,delta_gamma_vega,low,True,True,True,True,executed,232.52999877929688,0.03539999961853027,1,False,False,False,2026-01-11|225.0|call,2026-01-11,225.0,12,8.056813528461987,0.9070741318234465,0.027485171515750875,7.011039194192937,-22.48178393490493,-1000.0,0.0,2026-01-08|230.0|call (+395) | 2026-03-16|230.0|call (+50),delta_gamma_vega,-242.79305370116708,287.8117947851496,73239.11634741694,315365.7747560787,,,59688.22708666532,59700.0,2900.0,59700.0,-39.36240404445016,-3.617298677573473,-1945.775736227777,494417.6102598977,0.0,0.0,0.0,-20488.855079677407,674336.9964599609,653848.1413802835,13260133.922979917,1862.733078631545,13261996.656058548,922.0,922.0,73769.72119590326,1477.0,2900.0,4,51.275505818981024
2025-12-31,delta_gamma_vega,low,True,True,True,True,executed,230.82000732421875,0.03546999931335449,1,False,False,False,2026-01-11|225.0|call,2026-01-11,225.0,11,6.527681094865073,0.8507450510769481,0.038848721970342656,9.3117686448059,-29.796420117918455,-1000.0,0.0,2026-01-07|230.0|call (+444) | 2026-03-18|230.0|call (+91),delta_gamma_vega,524.0003953533155,-712.8543226987225,-199414.09682338915,918070.6829051032,,,53784.73050488318,53800.0,-5900.0,53800.0,-9.369841085724147,-3.6574319946399783,-424.94175660185283,461994.26485756703,0.0,0.0,0.0,38446.06791864917,-1361838.0432128906,-1323391.9752942414,11938604.680764306,1680.4059517028597,11940285.08671601,980.0,980.0,200650.95154144117,1445.0,5900.0,4,52.20151578569053
2026-01-02,delta_gamma_vega,low,True,True,True,True,executed,226.5,0.03532999992370606,1,False,False,False,2026-01-11|225.0|call,2026-01-11,225.0,9,2.9933091875612945,0.6345576362453615,0.07348092029645537,13.374094719794074,-43.99224337708181,-1000.0,0.0,2026-01-09|225.0|call (+866) | 2026-03-19|225.0|call (+82),delta_gamma_vega,3061.37689525494,-3937.961878672204,-645584.7000467435,2484216.767305139,,,2508.4234699479002,2500.0,-51300.0,2500.0,-18.203990026960128,-1.4050662291797948,-83.1947807680117,26868.833680350217,0.0,0.0,0.0,235501.34507978236,-11619450.0,-11383948.654920219,556336.4317957908,77.99748449563566,556414.4292802864,1483.0,1483.0,652584.0388206707,1535.0,51300.0,4,49.19202923580902
2026-01-05,delta_gamma_vega,low,True,True,True,True,executed,233.05999755859375,0.03515000104904175,1,False,False,False,2026-01-11|225.0|call,2026-01-11,225.0,6,8.241182782684461,0.9703764226714584,0.015157380191568997,2.0119837299627754,-16.757632452680934,-1000.0,0.0,2026-01-13|235.0|call (+210) | 2026-03-23|235.0|put (-17),delta_gamma_vega,-2776.1410259516397,-669.333679007048,134330.44314391018,440688.47848518717,,,88427.01545748857,88400.0,85900.0,88400.0,-41.00994230254173,-2.3987539239599514,-295.43629199395946,710380.1350100986,0.0,0.0,0.0,-790806.435133003,20019853.790283203,19229047.3551502,19785461.784430485,2759.7579463432817,19788221.542376827,1175.0,1175.0,137775.91784886888,1948.0,85900.0,4,53.33931475952231
2026-01-06,delta_gamma_vega,low,True,True,True,True,executed,240.92999267578125,0.03519999980926514,1,False,False,False,2026-01-11|225.0|call,2026-01-11,225.0,5,16.0384935665748,0.9999644574567274,3.564828170986747e-05,0.004208983044528572,-7.9386905833345045,-1000.0,0.0,2026-01-14|240.0|put (+0) | 2026-03-24|240.0|put (+0),delta_gamma_vega,7778.784742213178,724.855194457226,58869.70906136642,179350.16925560875,,,100014.25166945846,100000.0,11600.0,100000.0,3.5542543272604235,-3.5648281709867473,-420.8983044528572,793869.0583334505,0.0,0.0,0.0,-127161.08923331292,2794787.9150390625,2667626.8258057497,22455848.368182577,3136.6899137972755,22458985.058096375,227.0,227.0,67373.34899803682,1227.0,11600.0,2,52.01356083407316
2026-01-07,delta_gamma_vega,medium,True,True,True,False,solver_returned_no_trade,241.55999755859375,0.03515000104904175,1,False,False,False,2026-01-11|225.0|call,2026-01-11,225.0,4,16.646656230704792,0.999994939092464,5.976275951251517e-06,0.0005915475597781066,-7.909838884964341,-1000.0,0.0,2026-01-15|240.0|put (+0) | 2026-03-25|240.0|put (+0),delta_gamma_vega,0.5060907536098966,-0.5976275951251516,-59.15475597781066,790983.8884964341,,,100002.25547291248,100000.0,0.0,100000.0,0.5060907536098966,-0.5976275951251516,-59.15475597781066,790983.8884964341,0.0,0.0,0.0,0.0,0.0,0.0,22458985.058096375,3132.672017271828,22462117.730113648,0.0,0.0,60.25847432654571,1000.0,0.0,0,51.35760981910548
2026-01-08,delta_gamma_vega,medium,True,True,True,False,solver_returned_no_trade,246.2899932861328,0.035069999694824217,1,False,False,False,2026-01-11|225.0|call,2026-01-11,225.0,3,21.35483941877129,0.99999999992806,1.3532758885131946e-10,1.0538876362321726e-08,-7.888475877005549,-1000.0,0.0,2026-01-16|245.0|put (+0) | 2026-03-24|245.0|put (+0),delta_gamma_vega,7.194001227617264e-06,-1.3532758885131946e-05,-0.0010538876362321725,788847.5877005549,,,100000.00005705767,100000.0,0.0,100000.0,7.194001227617264e-06,-1.3532758885131946e-05,-0.0010538876362321725,788847.5877005549,0.0,0.0,0.0,0.0,0.0,0.0,22462117.730113648,3125.978023572188,22465243.70813722,0.0,0.0,0.0010746143963449217,1000.0,0.0,0,50.000001110862534
2026-01-09,delta_gamma_vega,low,True,True,True,False,solver_returned_no_trade,247.3800048828125,0.03513000011444092,1,False,False,False,2026-01-11|225.0|call,2026-01-11,225.0,2,22.423311673593673,1.0,3.0068217311079903e-18,1.4769715239461546e-16,-7.90272865818411,-1000.0,0.0,2026-01-19|245.0|call (+0) | 2026-03-25|245.0|call (+0),delta_gamma_vega,0.0,-3.0068217311079903e-13,-1.4769715239461548e-11,790272.865818411,,,100000.0,100000.0,0.0,100000.0,0.0,-3.0068217311079903e-13,-1.4769715239461548e-11,790272.865818411,0.0,0.0,0.0,0.0,0.0,0.0,22465243.70813722,3131.7619604674746,22468375.47009769,0.0,0.0,1.5070397412572347e-11,1000.0,0.0,0,50.0
2026-01-12,delta_gamma_vega,medium,True,True,True,True,executed,246.47000122070312,0.03532999992370606,2,True,True,True,2026-02-11|245.0|call,2026-02-11,245.0,30,5.429561123376942,0.5895303794865926,0.03633098687727738,27.476676714295134,-30.260080116517422,-1000.0,-1000.0,2026-01-19|245.0|call (+332) | 2026-03-30|245.0|call (+527),delta_gamma_vega,-58953.03794865926,-3633.098687727738,-2747667.6714295135,3026008.0116517423,,,6985.095246568479,7000.0,7000.0,7000.0,16.699598250921554,-0.2852896498852715,375.6514873248525,78868.99024411687,-542956.1123376942,0.0,-24647000.122070312,554252.7126781072,1725290.0085449219,-22910413.513184976,-442038.043087285,-61.973031859321246,-442100.01611914433,859.0,859.0,2810253.8080659006,1000.0,7000.0,2,47.87192266274717
2026-01-13,delta_gamma_vega,medium,True,True,True,True,executed,242.60000610351562,0.03559999942779541,2,False,False,False,2026-02-11|245.0|call,2026-02-11,245.0,29,3.584449953693877,0.44718501359089824,0.03609511747516977,27.04115347161145,-30.997938432608787,-1000.0,0.0,2026-01-22|245.0|call (+409) | 2026-03-30|240.0|call (+499),delta_gamma_vega,-398.74947094583695,-4.422264679150885,-3799.6272280300036,88789.91156616039,,,-698.4974625101131,-700.0,-7700.0,-700.0,-30.028389706465532,-3.876211506911204,-1341.400819726754,18568.825330587802,0.0,0.0,0.0,137356.42888734688,-1868020.0469970703,-1730663.6181097236,-2172763.634228868,-306.9459687908031,-2173070.580197659,1767.0,1767.0,4202.798963654992,1859.0,7700.0,4,47.4676994056873
2026-01-14,delta_gamma_vega,medium,True,True,True,True,executed,236.64999389648438,0.03559999942779541,2,False,False,False,2026-02-11|245.0|call,2026-02-11,245.0,28,1.6585314371335471,0.2550750924743519,0.02897409873548472,21.050361952833427,-25.292455963490738,-1000.0,0.0,2026-01-21|235.0|put (+284) | 2026-03-27|235.0|call (+429),delta_gamma_vega,1358.3535470373026,-699.6864315661871,256036.7480124419,553464.4066830026,,,10605.044591817626,10600.0,11300.0,10600.0,-23.305945768883248,0.3806282604864464,-787.6266153904144,150442.49543480726,0.0,0.0,0.0,82288.45129232091,2674144.9310302734,2756433.3823225945,583362.8021249357,82.41156913430491,583445.21369407,1621.0,1621.0,258094.7879910454,1908.0,11300.0,4,44.57361507430888
2026-01-15,delta_gamma_vega,medium,True,True,True,True,executed,238.17999267578125,0.03565000057220459,2,False,False,False,2026-02-11|245.0|call,2026-02-11,245.0,27,1.7950802088770814,0.284983313837035,0.03284589590014979,21.992219008480813,-26.073645046766273,-1000.0,0.0,2026-01-22|240.0|call (+319) | 2026-04-02|240.0|call (+412),delta_gamma_vega,2164.687536120786,-483.3849490549078,-222929.74491433776,458448.36274109595,,,-4820.843275418874,-4800.0,-15400.0,-4800.0,-20.49324562237598,-6.293670743507278,-1963.3835668605752,13812.092035020469,0.0,0.0,0.0,-88753.96797683241,-3667971.8872070312,-3756725.8551838635,-3173280.6414897935,-448.91847890824164,-3173729.5599687016,1444.0,1444.0,225577.81739951344,1713.0,15400.0,4,43.40565590223657
2026-01-16,delta_gamma_vega,medium,True,True,True,True,executed,239.1199951171875,0.035569999217987064,2,False,False,False,2026-02-11|245.0|call,2026-02-11,245.0,26,2.0001458638733993,0.3121226726046157,0.03476017621956814,22.582013194719327,-27.86614731405701,-1000.0,0.0,2026-01-23|240.0|call (+333) | 2026-04-03|240.0|call (+417),delta_gamma_vega,153.34510808074265,77.25779349925688,-85476.12991953106,-39973.29711865785,,,-6110.7268612978605,-6100.0,-1300.0,-6100.0,-17.483531138124818,-2.1656687818431237,-1896.5275654701982,3235.893521280377,0.0,0.0,0.0,13858.689231495606,-310855.99365234375,-296997.30442084814,-3470726.86438955,-489.8958406832658,-3471216.7602302334,1481.0,1481.0,85706.73282111106,1731.0,1300.0,4,44.339382361285246
2026-01-20,delta_gamma_vega,medium,True,True,True,True,executed,231.0,0.03572000026702881,2,False,False,False,2026-02-11|245.0|call,2026-02-11,245.0,22,0.763617658599518,0.13390769706582673,0.018683211382439585,12.244790927258224,-21.776079701051085,-1000.0,0.0,2026-02-02|230.0|call (+351) | 2026-04-05|230.0|put (+151),delta_gamma_vega,-2803.2491129388363,-755.7831703503791,454385.71246112767,813486.0418685422,,,-28.865952190380995,0.0,6100.0,0.0,-17.696770117093365,-3.406867959828844,-1092.93428414769,81574.57374883894,0.0,0.0,0.0,25735.442293655768,1409100.0,1434835.4422936558,-2036381.3179365776,-288.6489730970914,-2036669.9669096747,1252.0,1252.0,457944.7447444169,1750.0,6100.0,4,35.094552689796956
2026-01-21,delta_gamma_vega,medium,True,True,True,True,executed,231.30999755859375,0.03588000059127808,2,False,False,False,2026-02-11|245.0|call,2026-02-11,245.0,21,0.40002442028820795,0.09194898396983792,0.017362859621278336,9.154208096044774,-14.374149408980065,-1000.0,0.0,2026-01-31|230.0|call (+240) | 2026-04-08|230.0|put (+135),delta_gamma_vega,5375.987878065522,526.099108465789,269313.280653603,-392132.5425559906,,,397.1081610959827,400.0,400.0,400.0,-29.614992539974082,-2.8583046951404185,-473.06460248469375,56628.30776921971,0.0,0.0,0.0,-54589.707764184815,92523.9990234375,37934.291259252685,-1998735.675650422,-284.58189374661004,-1999020.2575441685,877.0,877.0,275215.36764013435,1502.0,400.0,4,31.382619848215125
2026-01-22,delta_gamma_vega,medium,True,True,True,True,executed,234.33999633789062,0.03588000059127808,2,False,False,False,2026-02-11|245.0|call,2026-02-11,245.0,20,0.5480925482541608,0.12871839602944918,0.024268532783345172,11.524872764920516,-17.659693107521417,-1000.0,0.0,2026-02-04|235.0|call (+371) | 2026-04-09|235.0|put (+116),delta_gamma_vega,1864.1077255602013,-933.7581350701283,-366913.74087844533,649234.7777200801,,,207.21032103378002,200.0,-200.0,200.0,-9.872713744026441,-3.9512439037632703,-2856.0781483890605,53037.456129024096,0.0,0.0,0.0,-13164.576328194802,-46867.999267578125,-60032.57559577293,-2059052.8331399413,-293.1699082164044,-2059346.0030481578,862.0,862.0,369711.6067390757,1375.0,200.0,4,34.693294132900455
2026-01-23,delta_gamma_vega,medium,True,True,True,True,executed,239.16000366210938,0.03582000017166138,2,False,False,False,2026-02-11|245.0|call,2026-02-11,245.0,19,1.4892445889325217,0.27878075630459603,0.038164115906158994,18.329157847742792,-30.73377165321913,-1000.0,0.0,2026-01-31|240.0|call (+456) | 2026-04-10|240.0|call (+273),delta_gamma_vega,-4162.1631561309,-1861.6499349382377,-844846.9878699086,1435147.1393691325,,,-7710.024167212752,-7700.0,-7900.0,-7700.0,-14.146041519241408,-3.369541883960096,-892.9943356183358,-9685.440528888139,0.0,0.0,0.0,40218.987383533386,-1889364.028930664,-1849145.0415471308,-3908491.0445952886,-555.5640868584928,-3909046.608682147,1216.0,1216.0,850870.8009609777,1487.0,7900.0,4,44.191297754185264
2026-01-26,delta_gamma_vega,medium,True,True,True,True,executed,238.4199981689453,0.03575000047683716,2,False,False,False,2026-02-11|245.0|call,2026-02-11,245.0,16,1.059537151271293,0.229530736383592,0.03754976730630737,15.14014700841024,-29.86219364536475,-1000.0,0.0,2026-02-07|240.0|call (+621) | 2026-04-13|240.0|put (+104),delta_gamma_vega,604.8011995313482,745.9678882687144,136571.45750370505,-555465.4589875089,,,1157.497605092929,1100.0,8800.0,1100.0,-37.559405020138,-5.241723850068382,-4983.426069608075,56171.88493233919,0.0,0.0,0.0,-37591.50565949583,2098095.9838867188,2060504.4782272228,-1848542.1304549244,-262.2435795445124,-1848804.374034469,1454.0,1454.0,137922.2265915051,1729.0,8800.0,4,42.15499582982051
2026-01-27,delta_gamma_vega,medium,True,True,True,True,executed,244.67999267578125,0.03569999933242798,2,False,False,False,2026-02-11|245.0|call,2026-02-11,245.0,15,3.2341300467926857,0.5085084634909847,0.04949403443086724,19.783764531868826,-43.43221360223605,-1000.0,0.0,2026-02-04|245.0|call (+654) | 2026-04-14|245.0|call (+232),delta_gamma_vega,-5632.818737839983,-2010.5219459583332,-745679.5156235849,1628802.6527219736,,,5679.28731576485,5700.0,4600.0,5700.0,-3.7651552046172583,-3.579175985097322,-596.8622418714222,67848.61828594777,0.0,0.0,0.0,-73762.23447558837,1125527.9663085938,1051765.7318330053,-797038.6422014637,-112.91380553377603,-797151.5560069975,1611.0,1611.0,753322.8563073832,1725.0,4600.0,4,48.306722350912054
2026-01-28,delta_gamma_vega,medium,True,True,True,True,executed,243.00999450683594,0.03582000017166138,2,False,False,False,2026-02-11|245.0|call,2026-02-11,245.0,14,2.342813752996321,0.4219582758292515,0.05052886158687494,18.622339876817385,-43.0875452278512,-1000.0,0.0,2026-02-05|245.0|call (+704) | 2026-04-14|245.0|call (+202),delta_gamma_vega,-183.1411087129327,-5.200451250027697,-2598.4668919418473,72301.37597980787,,,4802.522276979245,4800.0,-900.0,4800.0,-35.537791631477376,-4.476629941016313,-1638.1682243688265,59568.5266804212,0.0,0.0,0.0,-4012.902122570493,-218708.99505615234,-222721.89717872284,-1019873.4531857204,-144.9677272547039,-1020018.4209129751,1388.0,1388.0,2786.8084519048075,1886.0,900.0,3,48.64113158918914
2026-01-29,delta_gamma_vega,medium,True,True,True,True,executed,241.72999572753906,0.035799999237060544,2,False,False,False,2026-02-11|245.0|call,2026-02-11,245.0,13,1.8233717684944963,0.3566711292695868,0.04861220944428223,17.012155288438933,-43.18018051648535,-1000.0,0.0,2026-02-06|240.0|call (+711) | 2026-04-11|240.0|put (+177),delta_gamma_vega,-298.5758574357078,-99.02230972891442,-5423.480559482356,140632.86180953676,,,-1960.9324058536404,-1900.0,-6700.0,-1900.0,12.844618474671734,-6.110473116685,-2091.1644573084777,20692.688893401733,0.0,0.0,0.0,136627.03466571213,-1619590.9713745117,-1482963.9367087996,-2502982.3576217745,-355.58240671918867,-2503337.9400284938,1794.0,1794.0,5821.078726646978,1906.0,6700.0,4,47.271192536647675
2026-01-30,delta_gamma_vega,medium,True,True,True,True,executed,239.3000030517578,0.03572000026702881,2,False,False,False,2026-02-11|245.0|call,2026-02-11,245.0,12,1.076457300026263,0.24430926118156454,0.04153940790323772,13.619473349784112,-38.12168337034295,-1000.0,0.0,2026-02-07|240.0|call (+601) | 2026-04-17|240.0|put (+117),delta_gamma_vega,-1305.4875561958834,1168.9571807685766,317123.72523321596,-942299.0869585453,,,1492.816024554496,1500.0,3400.0,1500.0,24.91256079165487,-4.266235547728712,-4056.6874993548845,73014.81127121378,0.0,0.0,0.0,-50884.511218087166,813620.0103759766,762735.4991578894,-1740602.4408706045,-246.72349068527376,-1740849.1643612897,1606.0,1606.0,319598.16997018043,1888.0,3400.0,4,42.03036862689445
2026-02-02,delta_gamma_vega,medium,True,True,True,True,executed,242.9600067138672,0.03578000068664551,2,False,False,False,2026-02-11|245.0|call,2026-02-11,245.0,9,1.6707012855683416,0.3893244159101076,0.06200588710674689,14.630653277021809,-51.41918743294182,-1000.0,0.0,2026-02-10|245.0|call (+934) | 2026-04-18|240.0|call (+43),delta_gamma_vega,3321.407773764735,-1826.5862863351845,-434598.28696632106,1408819.999626268,,,683.7049763211367,700.0,-800.0,700.0,-32.39985231956871,-4.806693750501452,-2580.820180443552,14058.939862126805,0.0,0.0,0.0,-100699.36167159991,-194368.00537109375,-295067.36704269366,-2035916.5314039835,-289.0678368713789,-2036205.5992408548,1695.0,1695.0,439746.281026421,1718.0,800.0,4,49.54817888369233
2026-02-03,delta_gamma_vega,medium,True,True,True,True,executed,238.6199951171875,0.03589999914169312,2,False,False,False,2026-02-11|245.0|call,2026-02-11,245.0,8,0.5727665053014732,0.17093235005255852,0.040065941377599515,8.970961023603827,-38.16051047430806,-1000.0,0.0,2026-02-11|240.0|call (+642) | 2026-04-21|240.0|put (+1),delta_gamma_vega,170.92791369024098,-190.86194224866867,16797.69092621014,182539.66002408444,,,-10469.428940438662,-10500.0,-11200.0,-10500.0,-11.135561486014126,-0.7656749789567097,-1754.717662234556,-41813.53815272414,0.0,0.0,0.0,49068.75628688867,-2672543.9453125,-2623475.189025611,-4659680.788266466,-663.819588489405,-4660344.607854956,1620.0,1620.0,17159.48078214905,1977.0,11200.0,4,42.45284057344483
2026-02-04,delta_gamma_vega,medium,True,True,True,True,executed,232.99000549316406,0.0359500002861023,2,False,False,False,2026-02-11|245.0|call,2026-02-11,245.0,7,0.06580558212920273,0.028608020542773952,0.010842646031889442,2.110477423203711,-10.52478709213441,-1000.0,0.0,2026-02-12|235.0|call (+182) | 2026-04-22|235.0|call (-7),delta_gamma_vega,-4879.436763486132,1218.9246544619277,238302.1759964128,-1176418.7445756735,,,-3929.378147853762,-3900.0,6600.0,-3900.0,33.0782535105584,-0.23475550726830718,469.79200224137094,-7741.359356699773,0.0,0.0,0.0,-445.77176642045015,1537734.0362548828,1537288.2644884624,-3123056.3433664935,-445.53125570452,-3123501.874622198,832.0,832.0,244400.53741436088,1643.0,6600.0,4,26.845591523455088
2026-02-05,delta_gamma_vega,medium,True,True,True,True,executed,222.69000244140625,0.03578000068664551,2,False,False,False,2026-02-11|245.0|call,2026-02-11,245.0,6,0.0007028904725649987,0.00042923913543118486,0.00024440997626695195,0.04405149512597614,-0.29964210534545926,-1000.0,0.0,2026-02-16|220.0|put (+6) | 2026-04-23|225.0|put (-1),delta_gamma_vega,-3438.0784425526876,201.45207924057598,18731.46432364424,-241045.1623252202,,,203.20459538633392,200.0,4100.0,200.0,-7.098039431427964,0.49459800010127175,154.32887576984194,2391.0840583475438,0.0,0.0,0.0,1753.9348361354744,913029.0100097656,914782.9448459011,-2208718.929776297,-313.6030350158843,-2209032.532811313,196.0,196.0,22370.994845437504,1189.0,4100.0,4,20.2723133608093
2026-02-06,delta_gamma_vega,medium,True,True,True,True,executed,210.32000732421875,0.03589999914169312,2,False,False,False,2026-02-11|245.0|call,2026-02-11,245.0,5,2.6583212737215253e-10,3.340301557685995e-10,4.086256442648676e-10,5.203124221981574e-08,-4.0159011720480424e-07,-1000.0,0.0,2026-02-14|210.0|call (+0) | 2026-04-23|210.0|call (+0),delta_gamma_vega,-268.45284831749774,13.082258196461222,412.3879227039324,-8310.046407820775,,,-0.00028137310134917647,0.0,-200.0,0.0,-3.340301557685995e-05,-4.086256442648676e-05,-0.005203124221981574,0.04015901172048043,0.0,0.0,0.0,-4238.7153252991375,-42064.00146484375,-46302.71679014289,-2255335.249601456,-321.2957679560417,-2255656.545369412,7.0,7.0,693.9230292178913,1007.0,200.0,2,20.0000270741741
2026-02-09,delta_gamma_vega,medium,True,True,True,False,already_within_tolerance,208.72000122070312,0.035929999351501464,2,False,False,False,2026-02-11|245.0|call,2026-02-11,245.0,2,1.4486313595389313e-34,6.426857331615716e-34,2.8294708956839422e-33,1.2079862641454173e-31,-1.97626721175861e-30,-1000.0,0.0,2026-02-19|210.0|call (+0) | 2026-04-25|210.0|call (+0),delta_gamma_vega,-6.426857331615715e-29,-2.8294708956839424e-28,-1.2079862641454173e-26,1.9762672117586099e-25,,,-1.2796679077331788e-27,0.0,0.0,0.0,-6.426857331615715e-29,-2.8294708956839424e-28,-1.2079862641454173e-26,1.9762672117586099e-25,0.0,0.0,0.0,0.0,0.0,0.0,-2255656.545369412,-321.61007227116266,-2255978.155441683,0.0,0.0,1.2427078304338724e-26,1000.0,0.0,0,20.0
2026-02-10,delta_gamma_vega,medium,True,True,True,False,already_within_tolerance,206.9600067138672,0.03589999914169312,2,False,False,False,2026-02-11|245.0|call,2026-02-11,245.0,1,2.7094443352648896e-70,2.411710493380372e-69,2.138707494730944e-68,4.6029211570010633e-67,-1.5424216184486576e-65,-1000.0,0.0,2026-02-20|205.0|call (+0) | 2026-04-26|205.0|call (+0),delta_gamma_vega,-2.411710493380372e-64,-2.1387074947309438e-63,-4.602921157001063e-62,1.5424216184486577e-60,,,-1.7717232933601998e-62,0.0,0.0,0.0,-2.411710493380372e-64,-2.1387074947309438e-63,-4.602921157001063e-62,1.5424216184486577e-60,0.0,0.0,0.0,0.0,0.0,0.0,-2255978.155441683,-321.3873565239478,-2256299.5427982067,0.0,0.0,4.8409090114079615e-62,1000.0,0.0,0,20.0
2026-02-11,delta_gamma_vega,medium,True,True,True,True,executed,204.0800018310547,0.035999999046325684,3,True,True,True,2026-03-13|205.0|call,2026-03-13,205.0,30,3.9727744182241764,0.49798987069762257,0.03857976513599096,23.340985965293413,-28.610879567412603,-1000.0,-1000.0,2026-02-19|205.0|call (+353) | 2026-04-29|205.0|call (+513),delta_gamma_vega,-49798.987069762254,-3857.9765135990956,-2334098.5965293413,2861087.9567412604,,,6726.1948734877515,6700.0,6700.0,6700.0,-19.60879680060316,1.071090784838816,186.23117164894938,65510.61975047598,-397277.44182241766,0.0,0.0,421407.06257334515,1367336.0122680664,1391465.6330189938,-864833.9097792129,-123.54769812413404,-864957.457477337,866.0,866.0,2387755.5601127027,1000.0,6700.0,2,47.994433682590284
2026-02-12,delta_gamma_vega,medium,True,True,True,True,executed,199.60000610351562,0.035980000495910644,3,False,False,False,2026-03-13|205.0|call,2026-03-13,205.0,29,2.7391965999403283,0.354379586343912,0.03152268974987431,20.932780070167098,-30.082077699391274,-1000.0,0.0,2026-02-20|200.0|call (+335) | 2026-04-30|200.0|call (+467),delta_gamma_vega,448.72067704749134,-455.97516597282083,11775.211105861235,453921.2925148299,,,-6312.475574762113,-6300.0,-13000.0,-6300.0,7.411137339313427,-0.7994468722500869,-66.70612612529658,19438.290254296968,0.0,0.0,0.0,134458.9887640141,-2594800.079345703,-2460341.090581689,-3325298.548059026,-474.77874368339167,-3325773.326802709,1668.0,1668.0,12679.906948881548,1866.0,13000.0,4,45.95164343322264
2026-02-13,delta_gamma_vega,medium,True,True,True,True,executed,198.7899932861328,0.035929999351501464,3,False,False,False,2026-03-13|205.0|call,2026-03-13,205.0,28,2.341668626815064,0.32349329090877577,0.03140682029390832,19.778663693484905,-29.00703809331148,-1000.0,0.0,2026-02-21|200.0|call (+340) | 2026-05-01|200.0|call (+435),delta_gamma_vega,270.02530404997015,183.12045939699044,71055.70007876493,-135389.4439308591,,,-5399.065564397126,-5400.0,900.0,-5400.0,-49.97744746740136,-4.396044311214041,-2447.937375465408,26781.450454666978,0.0,0.0,0.0,-15597.828885128241,178910.99395751953,163313.16507239128,-3162460.161730318,-450.9015538099981,-3162911.063284128,1577.0,1577.0,71508.84584221189,1802.0,900.0,4,44.89598126349258
2026-02-17,delta_gamma_vega,medium,True,True,True,True,executed,201.14999389648438,0.035929999351501464,3,False,False,False,2026-03-13|205.0|call,2026-03-13,205.0,24,2.7518071122360652,0.38519784435025356,0.03641176466673529,19.71934660047049,-33.20872892529534,-1000.0,0.0,2026-02-25|200.0|call (+432) | 2026-05-05|200.0|call (+406),delta_gamma_vega,2089.918806738333,351.86076589787217,-164866.43586793612,-277950.5760946997,,,-10458.030729046015,-10400.0,-5000.0,-10400.0,3.987844748022326,-3.719421773652016,-2352.2067424771376,-22582.242874601623,0.0,0.0,0.0,37908.40049540007,-1005749.9694824219,-967841.5689870218,-4130752.6322711497,-588.9600769790293,-4131341.5923481286,1613.0,1613.0,167308.21544057233,1775.0,5000.0,4,48.298666155429196
2026-02-18,delta_gamma_vega,medium,True,True,True,True,executed,204.7899932861328,0.03602999925613403,3,False,False,False,2026-03-13|205.0|call,2026-03-13,205.0,23,4.139377241346864,0.5199048836454073,0.03960510921639523,20.483080056224075,-35.49396102573282,-1000.0,0.0,2026-02-26|205.0|call (+459) | 2026-05-06|205.0|call (+401),delta_gamma_vega,-565.8736651934305,-1108.4647209812133,-322033.36744712945,804283.2905942105,,,7014.996167822024,7000.0,17400.0,7000.0,0.44669768362291506,0.23034676477220728,1220.7785097865853,70286.43269985751,0.0,0.0,0.0,-247068.13578813896,3563345.883178711,3316277.747390572,-815063.8449575566,-116.53472114096232,-815180.3796786976,1698.0,1698.0,323707.7058333041,1838.0,17400.0,4,47.90761797193356
2026-02-19,delta_gamma_vega,medium,True,True,True,True,executed,204.86000061035156,0.0359500002861023,3,False,False,False,2026-03-13|205.0|call,2026-03-13,205.0,22,4.1968035570044435,0.5218201252655409,0.039272277520830734,20.034656056213965,-37.20984521573615,-1000.0,0.0,2026-02-27|205.0|call (+478) | 2026-05-07|205.0|call (+382),delta_gamma_vega,-17.50772882293677,129.14702476277182,793.6379247666337,-34883.82633931027,,,6974.336236505707,7000.0,0.0,7000.0,-2.4307507063858793,-1.6561986704792844,-1621.2446888936684,72235.25716516061,0.0,0.0,0.0,-1137.8812570224545,0.0,-1137.8812570224545,-816318.26093572,-116.45492743726058,-816434.7158631573,1720.0,1720.0,940.2926783523423,1860.0,0.0,4,47.91185491850696
2026-02-20,delta_gamma_vega,medium,True,True,True,True,executed,210.11000061035156,0.0359500002861023,3,False,False,False,2026-03-13|205.0|call,2026-03-13,205.0,21,7.1912272652537865,0.7269953578688919,0.03443298735953107,16.75585342022458,-33.13138171628339,-1000.0,0.0,2026-02-28|210.0|call (+412) | 2026-05-08|210.0|call (+305),delta_gamma_vega,-662.9837064101957,-547.976773402476,15197.72373072314,507991.60623705667,,,34157.904953852456,34200.0,27200.0,34200.0,-3.7294802135584177,-4.5276936972833255,-1776.8681145310402,303242.13374783564,0.0,0.0,0.0,-344074.6274074636,5714992.0166015625,5370917.389194099,4554482.673330942,649.7367198781561,4555132.410050821,1577.0,1577.0,16408.684210535812,1860.0,27200.0,4,51.79959780906043
2026-02-23,delta_gamma_vega,medium,True,True,True,True,executed,205.27000427246094,0.03588000059127808,3,False,False,False,2026-03-13|205.0|call,2026-03-13,205.0,18,4.1209101207988255,0.5357250352772555,0.0416871532233102,18.112541056998904,-42.196481261315334,-1000.0,0.0,2026-03-03|205.0|call (+568) | 2026-05-11|205.0|call (+302),delta_gamma_vega,2090.159518929864,-1372.4273449969414,-430457.099988451,1473617.171392785,,,6497.984591177763,6500.0,-27700.0,6500.0,0.2090092049438681,0.02494352189592064,-168.87658280483447,66320.92048189044,0.0,0.0,0.0,207346.1803212784,-5685979.118347168,-5478632.93802589,-923500.5279750694,-131.48888686425042,-923632.0168619336,1587.0,1587.0,433919.6868523778,1717.0,27700.0,4,48.05017525856305
2026-02-24,delta_gamma_vega,medium,True,True,True,True,executed,208.55999755859375,0.03588000059127808,3,False,False,False,2026-03-13|205.0|call,2026-03-13,205.0,17,5.769520931616398,0.6804633426793296,0.040637182445060836,16.086302502421884,-38.62806846327109,-1000.0,0.0,2026-03-04|210.0|call (+541) | 2026-05-12|210.0|call (+250),delta_gamma_vega,-2.9583785040158546,-251.34315653792783,1380.0520910520572,270494.88467123,,,32192.397039494273,32200.0,25700.0,32200.0,-15.13203328137206,-2.261584136798092,-1142.1876496670302,268061.93284046673,0.0,0.0,0.0,-279227.38585533935,5359991.937255859,5080764.55140052,4157132.534538586,591.8964991954992,4157724.4310377818,1661.0,1661.0,1634.353626094001,1870.0,25700.0,4,53.39639057730133
2026-02-25,delta_gamma_vega,medium,True,True,True,True,executed,210.63999938964844,0.03588000059127808,3,False,False,False,2026-03-13|205.0|call,2026-03-13,205.0,16,6.962888750588377,0.7829588098438102,0.03708354092796866,12.956786724310152,-32.21654824556854,-1000.0,0.0,2026-03-05|210.0|call (+459) | 2026-05-11|210.0|call (+195),delta_gamma_vega,-1348.3158942366572,970.4363693108705,270640.35807361256,-389137.34109524335,,,41411.836583165954,41400.0,9200.0,41400.0,-1.1931165271271311,0.5646764595900322,634.0684091501171,345754.3762741369,0.0,0.0,0.0,-58888.553059729005,1937887.9943847656,1878999.4413250366,6036723.872362819,859.5145083720652,6037583.386871191,1445.0,1445.0,272959.11033716006,1791.0,9200.0,4,52.0420130484724
2026-02-26,delta_gamma_vega,medium,True,True,True,True,executed,207.9199981689453,0.03588000059127808,3,False,False,False,2026-03-13|205.0|call,2026-03-13,205.0,15,4.974134218402895,0.6676407822067733,0.04636611801237389,15.307915571842708,-39.413076021780654,-1000.0,0.0,2026-03-06|210.0|call (+626) | 2026-05-14|210.0|call (+210),delta_gamma_vega,1149.331982175605,-957.5890027154466,-306535.8436826059,1022748.0341888929,,,32697.078437502372,32700.0,-8700.0,32700.0,-20.731872458038197,-4.027858518163555,-798.3049654918723,259309.43522256106,0.0,0.0,0.0,44865.645200437066,-1808903.9840698242,-1764038.338869387,4273545.048001803,608.4714240045961,4274153.519425808,1490.0,1490.0,308642.76466749696,1654.0,8700.0,4,54.90782519318024
2026-02-27,delta_gamma_vega,medium,True,True,True,True,executed,210.0,0.03578000068664551,3,False,False,False,2026-03-13|205.0|call,2026-03-13,205.0,14,6.523782659011346,0.7499520872219412,0.038912516992032915,13.070822468986217,-39.23745733733806,-1000.0,0.0,2026-03-07|210.0|call (+543) | 2026-05-13|210.0|call (+168),delta_gamma_vega,1535.8853573201195,912.1441369623226,215005.21113982506,-492056.0677475094,,,37691.666083257755,37700.0,5000.0,37700.0,-2.6519448502240266,0.5517242858258555,-1235.0973967986647,328706.2723634471,0.0,0.0,0.0,-46920.17300251886,1050000.0,1003079.8269974812,5277233.34642329,749.2833839627536,5277982.629807252,1547.0,1547.0,217453.2406341075,1836.0,5000.0,4,52.65043451974761
2026-03-02,delta_gamma_vega,medium,True,True,True,True,executed,208.38999938964844,0.03589999914169312,3,False,False,False,2026-03-13|205.0|call,2026-03-13,205.0,11,5.193945458825937,0.6880141739954585,0.045802378751376806,12.798261814195877,-50.29539043378964,-1000.0,0.0,2026-03-10|210.0|call (+735) | 2026-05-18|210.0|call (+103),delta_gamma_vega,-1215.2748884875145,-216.64904678724037,-151721.2728386115,538592.5513144783,,,32612.78085391994,32600.0,-5100.0,32600.0,-38.05862545563377,-3.022354172633271,-968.9589280073997,269023.47374665213,0.0,0.0,0.0,19864.43169347245,-1062788.996887207,-1042924.5651937346,4235058.064613517,603.3277019231977,4235661.392315441,1549.0,1549.0,153153.19677388627,1711.0,5100.0,4,54.932580645334134
2026-03-03,delta_gamma_vega,medium,True,True,True,True,executed,208.72999572753906,0.0359500002861023,3,False,False,False,2026-03-13|205.0|call,2026-03-13,205.0,10,5.546227410731632,0.6946170391563997,0.043226004457351475,12.108604472043421,-56.87250280104792,-1000.0,0.0,2026-03-11|210.0|call (+766) | 2026-05-19|210.0|call (+72),delta_gamma_vega,927.1448104139345,155.9722795029482,17697.31057670497,90222.19516972243,,,31476.375221991915,31500.0,-1100.0,31500.0,10.915917105065546,-1.4090379426670694,-423.7193071412621,270880.89066924166,0.0,0.0,0.0,-6432.579677633228,-229602.99530029297,-236035.5749779262,3999625.817337515,570.5815447523246,4000196.398882267,1676.0,1676.0,18780.427666621854,1838.0,1100.0,4,54.59589470021134
2026-03-04,delta_gamma_vega,medium,True,True,True,True,executed,216.82000732421875,0.0359500002861023,3,False,False,False,2026-03-13|205.0|call,2026-03-13,205.0,9,12.129202755402446,0.9573407172324013,0.012529519717131392,3.091060765239853,-20.366021889250845,-1000.0,0.0,2026-03-12|215.0|call (+218) | 2026-05-18|215.0|call (+11),delta_gamma_vega,7345.409150330349,1409.9694979833412,431346.67163913645,-1290822.6763208264,,,81488.86199008163,81500.0,50000.0,81500.0,-18.34753208229654,-2.058506869922141,-1057.9494312018069,635359.5116367589,0.0,0.0,0.0,-566689.2585249634,10841000.366210938,10274311.107685974,14274507.506568242,2036.3831307345147,14276543.889698977,1067.0,1067.0,440102.05028745014,1838.0,50000.0,4,51.326917226869355
2026-03-05,delta_gamma_vega,medium,True,True,True,True,executed,218.94000244140625,0.03588000059127808,3,False,False,False,2026-03-13|205.0|call,2026-03-13,205.0,8,14.189107291342964,0.9709745580212278,0.008527851274443481,2.145826314858968,-18.84243009241842,-1000.0,0.0,2026-03-13|220.0|call (+163) | 2026-05-16|220.0|call (+1),delta_gamma_vega,848.4246248531786,184.40730616404846,48079.38845935838,374409.0567375944,,,89510.77145929376,89500.0,8000.0,89500.0,-35.316297278903676,-2.277755164558009,-962.2890003511211,698593.5815020378,0.0,0.0,0.0,-86068.96431512618,1751520.01953125,1665451.0552161238,15941994.944915101,2269.8364605147062,15944264.781375615,393.0,393.0,49112.22039037561,1229.0,8000.0,4,51.77926315462061
2026-03-06,delta_gamma_vega,high,True,True,True,True,executed,213.2100067138672,0.03569999933242798,3,False,False,False,2026-03-13|205.0|call,2026-03-13,205.0,7,9.090766410907179,0.8410807046152412,0.02782563192901145,7.152310951423881,-61.05584325160609,-1000.0,0.0,2026-03-14|215.0|call (+660) | 2026-05-22|215.0|put (-27),delta_gamma_vega,9218.050687816489,-2208.5870527087063,-564675.1665444552,4948272.541179095,,,53843.707204651655,53800.0,-35700.0,53800.0,-49.91674365642166,0.6008449731762155,881.3173647190997,477628.78504075634,0.0,0.0,0.0,142592.790533375,-7611597.239685059,-7469004.449151684,8475260.332223931,1200.6618579466178,8476460.994081877,851.0,851.0,576101.8042849804,1164.0,35700.0,4,56.76187862852298
2026-03-09,delta_gamma_vega,high,True,True,True,True,executed,213.49000549316406,0.035929999351501464,3,False,False,False,2026-03-13|205.0|call,2026-03-13,205.0,4,8.71999153927274,0.9396888175981308,0.02104107372025574,2.6731014957181745,-37.91489060297987,-1000.0,0.0,2026-03-17|215.0|call (+450) | 2026-05-24|215.0|put (-76),delta_gamma_vega,-11307.325086261511,1944.060957478292,273243.5670349856,-2284750.7123544724,,,70519.66978489011,70500.0,16700.0,70500.0,-17.568350939543052,-1.0541011230731954,-916.5988174541853,561265.2743911374,0.0,0.0,0.0,-57831.93774486483,3565283.09173584,3507451.153990975,11983912.148072852,1708.6585543996352,11985620.806627251,1213.0,1213.0,286494.9530787254,1687.0,16700.0,4,56.934874041459665
2026-03-10,delta_gamma_vega,medium,True,True,True,True,executed,214.3300018310547,0.0359500002861023,3,False,False,False,2026-03-13|205.0|call,2026-03-13,205.0,3,9.432064210270141,0.9771740800936375,0.011205292846284154,1.0520475808981078,-23.104771000981284,-1000.0,0.0,2026-03-18|215.0|call (+235) | 2026-05-26|215.0|put (-49),delta_gamma_vega,-2175.035530553006,1205.958524484157,133610.35258288076,-1120734.0051208977,,,84090.11984206665,84100.0,13600.0,84100.0,-33.116848563182884,-2.57960217423863,424.5474234643334,648545.7566895991,0.0,0.0,0.0,-27751.39059190305,2914888.0249023438,2887136.6343104406,14872757.440937692,2121.7287073684133,14874879.16964506,810.0,810.0,136991.34663791792,1526.0,13600.0,4,53.7732202893267
2026-03-11,delta_gamma_vega,medium,True,True,True,True,executed,212.64999389648438,0.035999999046325684,3,False,False,False,2026-03-13|205.0|call,2026-03-13,205.0,2,7.716816030602985,0.981027327849691,0.012214407155967253,0.7287669663402938,-23.245249561535555,-1000.0,0.0,2026-03-21|210.0|call (+309) | 2026-05-27|215.0|put (-86),delta_gamma_vega,-2559.8835019432636,-33.576836171524945,1986.3288823289913,692523.3086157801,,,74118.02527903249,74100.0,-10000.0,74100.0,-9.12104368526525,-0.6729026662837612,-1070.7505979401758,550902.9101152143,0.0,0.0,0.0,72703.75045155588,-2126499.9389648438,-2053796.1885132878,12821082.981131772,1831.5832344984376,12822914.56436627,679.0,679.0,4579.789220443779,1284.0,10000.0,4,54.08527214950109
2026-03-12,delta_gamma_vega,high,True,True,True,True,executed,209.52999877929688,0.036050000190734864,3,False,False,False,2026-03-13|205.0|call,2026-03-13,205.0,1,4.625532199532529,0.9410060883753666,0.0397664447647147,1.2892551723456105,-70.36091095374319,-1000.0,0.0,2026-03-20|210.0|call (+917) | 2026-05-28|210.0|put (-263),delta_gamma_vega,-107.50351296292229,-2718.6727729972226,-50339.31440396153,4881979.5733598,,,36747.81230313272,36800.0,-37300.0,36800.0,-4.141252476692898,-1.8216658536925365,1625.3896519634873,272994.8916749476,0.0,0.0,0.0,33215.0223249305,-7815468.954467773,-7782253.932142843,5040660.632223427,721.0945109249376,5041381.726734352,1575.0,1575.0,53165.49068992167,1395.0,37300.0,4,66.48895173427141
2026-03-13,delta_gamma_vega,high,True,True,True,True,executed,207.6699981689453,0.03602999925613403,4,True,True,True,2026-04-12|210.0|call,2026-04-12,210.0,30,5.685904389715205,0.47381460154656924,0.024508955164717086,23.700699021594794,-42.673940175262715,-1000.0,-1000.0,2026-03-22|210.0|call (+380) | 2026-05-27|205.0|call (+516),delta_gamma_vega,-47381.460154656925,-2450.8955164717086,-2370069.9021594794,4267394.017526272,,,1339.7993733438852,1300.0,1300.0,1300.0,-13.214100526955008,0.32801977542237637,1785.6318599104416,36668.17530565127,-568590.4389715205,356315.40988964983,-7642255.9326171875,742437.6698565559,269970.9976196289,-6842122.294222874,-1800740.5674885213,-257.46302105992777,-1800998.0305095813,896.0,896.0,2419902.257830608,1000.0,1300.0,2,47.292134692274
2026-03-16,delta_gamma_vega,medium,True,True,True,True,executed,211.74000549316406,0.036050000190734864,4,False,False,False,2026-04-12|210.0|call,2026-04-12,210.0,27,6.605667178171373,0.5802543823897355,0.02883025365480112,22.508167888159747,-40.00519173563672,-1000.0,0.0,2026-03-24|210.0|call (+400) | 2026-06-01|210.0|call (+465),delta_gamma_vega,1174.3990087696875,235.95149001456878,-88513.24065965437,-265010.8805180406,,,6691.440355504794,6700.0,5400.0,6700.0,-1.882610451673827,0.20960944321984698,-1099.630426001735,73302.41809288762,0.0,0.0,0.0,-165685.89516249127,1143396.029663086,977710.1345005947,-823287.8960089866,-117.77590796886379,-823405.6719169555,1761.0,1761.0,89923.59115843863,1896.0,5400.0,4,47.96709144198975
2026-03-17,delta_gamma_vega,medium,True,True,True,True,executed,215.1999969482422,0.036050000190734864,4,False,False,False,2026-04-12|210.0|call,2026-04-12,210.0,26,8.461464172175653,0.6844359339171234,0.0275115345501519,20.41891864610497,-37.25074089032125,-1000.0,0.0,2026-03-25|215.0|call (+360) | 2026-06-02|215.0|call (+405),delta_gamma_vega,-95.86693287455273,-273.1119853937947,2875.324219851522,385311.8500594089,,,26984.670391948966,27000.0,20300.0,27000.0,-46.35295989038423,-4.668483193810744,-2681.308394534746,266899.2254299922,0.0,0.0,0.0,-323505.0819325531,4368559.938049316,4045054.8561167633,3221649.1841998077,460.87481628922177,3222110.059016097,1630.0,1630.0,3244.3031381198693,1865.0,20300.0,4,51.08522540339319
2026-03-18,delta_gamma_vega,high,True,True,True,True,executed,209.8699951171875,0.03609999895095825,4,False,False,False,2026-04-12|210.0|call,2026-04-12,210.0,25,5.678207497022214,0.5243396314747312,0.028947712393406932,21.871305415001864,-43.753778071963985,-1000.0,0.0,2026-03-26|210.0|call (+424) | 2026-06-03|210.0|call (+435),delta_gamma_vega,2617.5297064412425,-647.9492979852226,-309762.1986056098,1043591.982307499,,,7047.587884060504,7000.0,-20000.0,7000.0,-45.900552869552484,1.1144031721299825,-553.9379781915341,76519.67901355843,0.0,0.0,0.0,216252.62741204054,-4197399.90234375,-3981147.2749317093,-759037.2159156124,-108.73509007258683,-759145.951005685,1624.0,1624.0,313027.6776100363,1765.0,20000.0,4,47.888393987015824
2026-03-19,delta_gamma_vega,medium,True,True,True,True,executed,208.75999450683594,0.036119999885559084,4,False,False,False,2026-04-12|210.0|call,2026-04-12,210.0,24,4.780772969347964,0.4893471700536537,0.030983826154126072,21.34821958067121,-42.54975145237464,-1000.0,0.0,2026-03-27|210.0|call (+445) | 2026-06-04|210.0|call (+417),delta_gamma_vega,-164.5300330681348,77.46500783190231,-1637.1225143773481,-15173.761830112897,,,6918.656718243215,6900.0,-100.0,6900.0,-12.347922788936557,0.17792611701565875,468.33920054277405,75727.80423403089,0.0,0.0,0.0,-380.58034407485684,-20875.999450683594,-21256.57979475845,-780402.5308004435,-111.85769572699222,-780514.3884961705,1721.0,1721.0,1879.1175552773852,1859.0,100.0,4,47.9325208604511
2026-03-20,delta_gamma_vega,high,True,True,True,True,executed,205.3699951171875,0.036180000305175784,4,False,False,False,2026-04-12|210.0|call,2026-04-12,210.0,23,3.7514142526756586,0.39633177563568533,0.027809154836825146,19.868332677933505,-45.18914999615844,-1000.0,0.0,2026-03-28|205.0|call (+442) | 2026-06-05|205.0|call (+389),delta_gamma_vega,-117.5756447583226,-137.106318219405,-373.27781173493713,284794.19412025576,,,-5596.528269849903,-5600.0,-12500.0,-5600.0,-37.18416063303084,-0.30085108793514337,-2703.5621725926176,42012.29153971397,0.0,0.0,0.0,161056.95790649098,-2567124.9389648438,-2406067.9810583526,-3186582.3695545234,-457.50218691647,-3187039.8717414397,1693.0,1693.0,627.9597747126647,1862.0,12500.0,4,46.64258295235045
2026-03-23,delta_gamma_vega,high,True,True,True,True,executed,210.13999938964844,0.036119999885559084,4,False,False,False,2026-04-12|210.0|call,2026-04-12,210.0,20,5.385966093313485,0.5294461791658056,0.03105423007549151,19.57051186041192,-50.33575689403586,-1000.0,0.0,2026-03-31|210.0|call (+520) | 2026-06-08|210.0|call (+343),delta_gamma_vega,1302.5123583684945,-593.4293923098707,-261853.30979867,814838.5556532783,,,6805.198384905489,6800.0,12400.0,6800.0,-48.74322429381573,-1.3499293120102038,-2928.068254569778,78668.4870828382,0.0,0.0,0.0,-237647.09556475488,2605735.9924316406,2368088.896866886,-818950.9748745537,-117.38297269344199,-819068.3578472472,1694.0,1694.0,263749.25154934835,1831.0,12400.0,4,47.95869079854565
2026-03-24,delta_gamma_vega,high,True,True,True,True,executed,207.24000549316406,0.03619999885559082,4,False,False,False,2026-04-12|210.0|call,2026-04-12,210.0,19,4.012556642379749,0.4388319390351082,0.030961377308061807,18.640980696425675,-51.365943807335015,-1000.0,0.0,2026-04-03|210.0|call (+636) | 2026-06-07|205.0|call (+278),delta_gamma_vega,-227.4125736798669,0.012905568387850508,-4627.791718669701,81039.9646133451,,,2210.4787683167524,2200.0,-4600.0,2200.0,-46.92384012196089,-1.5377350002035541,-2070.2831820837455,41633.29677693208,0.0,0.0,0.0,63321.19924180777,-953304.0252685547,-889982.8260267469,-1709051.183873994,-245.50655119200286,-1709296.690425186,1777.0,1777.0,4855.217197917957,1863.0,4600.0,4,48.09465323771572
2026-03-25,delta_gamma_vega,high,True,True,True,True,executed,211.7100067138672,0.03619999885559082,4,False,False,False,2026-04-12|210.0|call,2026-04-12,210.0,18,5.829313399737188,0.5809971336632914,0.032897511437017066,18.36813236037671,-51.28467264415323,-1000.0,0.0,2026-04-02|210.0|call (+575) | 2026-06-10|210.0|call (+300),delta_gamma_vega,319.1680383888415,70.6227373568745,-41855.09865208692,-70196.44021529343,,,6208.043126026019,6200.0,4000.0,6200.0,-7.0765317400910135,-1.1731946794892565,1079.4550746409222,71435.06856303907,0.0,0.0,0.0,-86498.24530047498,846840.0268554688,760341.7815549937,-948954.9088701922,-136.3181214885248,-949091.2269916808,1789.0,1789.0,42244.88942783263,1914.0,4000.0,4,48.1250548123698
2026-03-26,delta_gamma_vega,high,True,True,True,True,executed,207.5399932861328,0.03619999885559082,4,False,False,False,2026-04-12|210.0|call,2026-04-12,210.0,17,3.935146820545242,0.44380371592291606,0.032206658077787706,17.6910013494107,-55.19303329849745,-1000.0,0.0,2026-04-04|210.0|call (+650) | 2026-06-10|205.0|call (+256),delta_gamma_vega,-306.6599611131751,55.9040810874414,-1437.1863001065794,-12220.273737358279,,,2801.6480938754794,2800.0,-3400.0,2800.0,-46.70032958090633,-1.970276676030835,-2505.837841035449,47284.073485014844,0.0,0.0,0.0,62401.66140403213,-705635.9771728516,-643234.3157688194,-1592325.5427605002,-228.73882073673866,-1592554.281581237,1781.0,1781.0,1799.750342307196,1875.0,3400.0,4,48.04076652297633
2026-03-27,delta_gamma_vega,high,True,True,True,True,executed,199.33999633789062,0.03607000112533569,4,False,False,False,2026-04-12|210.0|call,2026-04-12,210.0,16,1.6994976686325387,0.23055149605274244,0.023245689640747517,12.689959395522449,-46.95973682116535,-1000.0,0.0,2026-04-07|200.0|call (+572) | 2026-06-12|200.0|put (+131),delta_gamma_vega,805.1103734839835,-410.5672390109429,74856.36768196849,832450.0002808038,,,804.2905872709225,800.0,-2000.0,800.0,-9.211150839126276,-3.5927392271264864,-3398.648997761833,159316.56000873476,0.0,0.0,0.0,89065.0478140646,-398679.99267578125,-309614.94486171665,-1902169.2264429536,-272.26684975546135,-1902441.493292709,1609.0,1609.0,76072.04529446342,1906.0,2000.0,4,41.377742279839225
2026-03-30,delta_gamma_vega,high,True,True,True,True,executed,200.9499969482422,0.035980000495910644,4,False,False,False,2026-04-12|210.0|call,2026-04-12,210.0,13,1.6002196871923076,0.239643050330952,0.026617632188194632,11.779961880238089,-52.56261671991711,-1000.0,0.0,2026-04-07|200.0|call (+560) | 2026-06-10|200.0|put (+148),delta_gamma_vega,3008.404660285366,25.665978200160623,-39125.042175180104,77394.09946441848,,,-793.897250844966,-800.0,-1600.0,-800.0,-12.616229054134237,-0.010061656158654841,320.3862398188794,133593.99894729618,0.0,0.0,0.0,9929.150062615518,-321519.9951171875,-311590.845054572,-2214032.3383472813,-316.11462155435476,-2214348.452968836,291.0,291.0,42159.11281366563,1703.0,1600.0,3,41.48078091277239
2026-03-31,delta_gamma_vega,high,True,True,True,True,executed,208.27000427246094,0.035999999046325684,4,False,False,False,2026-04-12|210.0|call,2026-04-12,210.0,12,3.09956293538238,0.44709452993528653,0.04171924156019223,14.932741580183079,-60.24160647567963,-1000.0,0.0,2026-04-07|210.0|call (+716) | 2026-06-16|210.0|call (+180),delta_gamma_vega,-704.6553646284392,-2449.307492053841,-693205.8136320957,3310864.939696131,,,5246.271600459915,5200.0,6000.0,5200.0,-46.47517978345604,0.02672818958330936,-30.525229214224964,58494.735305967275,0.0,0.0,0.0,-241439.10337993703,1249620.0256347656,1008180.9222548286,-1206167.530714007,-172.30964268021137,-1206339.8403566873,1604.0,1604.0,696359.776488778,1708.0,6000.0,4,48.45071415466684
2026-04-01,delta_gamma_vega,medium,True,True,True,True,executed,210.57000732421875,0.036050000190734864,4,False,False,False,2026-04-12|210.0|call,2026-04-12,210.0,11,3.9555754412707813,0.5441903078754763,0.04456642800470868,14.493764548130304,-62.51209556384314,-1000.0,0.0,2026-04-08|210.0|call (+751) | 2026-06-16|210.0|call (+153),delta_gamma_vega,101.31251478885497,171.38371050995522,-1311.4623745881254,-162476.0178444034,,,4780.320582393371,4800.0,-400.0,4800.0,1.4607721432148537,-0.03520826745304362,-1560.934644483612,52646.281046773016,0.0,0.0,0.0,-1609.5836917240522,-84228.0029296875,-85837.58662141155,-1292177.426978099,-184.85316067072918,-1292362.2801387697,1494.0,1494.0,1584.1585998869355,1896.0,400.0,3,48.57286659499157
2026-04-02,delta_gamma_vega,medium,True,True,True,True,executed,209.77000427246094,0.03607000112533569,4,False,False,False,2026-04-12|210.0|call,2026-04-12,210.0,10,3.264149602023906,0.5067102115305446,0.04858328756181459,13.849866306652832,-63.48485553106027,-1000.0,0.0,2026-04-09|210.0|call (+799) | 2026-06-18|210.0|call (+120),delta_gamma_vega,-31.918795485162264,130.52575249832432,-2450.34478901932,-103925.3340427691,,,4015.057819125408,4000.0,-800.0,4000.0,-49.02429635386579,-3.984719759366442,-760.86924042803,48753.39875954081,0.0,0.0,0.0,-1582.0569906292367,-167816.00341796875,-169398.060408598,-1461760.3405473677,-209.22895685918508,-1461969.5695042268,1823.0,1823.0,2612.789337002807,1904.0,800.0,4,48.7947621441561
2026-04-06,delta_gamma_vega,medium,True,True,True,True,executed,212.7899932861328,0.03622999906539917,4,False,False,False,2026-04-12|210.0|call,2026-04-12,210.0,6,4.303933533432144,0.6788252025929891,0.05479530276803402,9.771373693907083,-76.28374414308719,-1000.0,0.0,2026-04-14|215.0|call (+1101) | 2026-06-22|215.0|put (-93),delta_gamma_vega,2145.043470883633,377.2429427906621,-31658.986730382778,-444945.20329510566,,,19203.383615570496,19200.0,15200.0,19200.0,-12.278651466415795,1.1093342765373109,1262.0615997533314,135759.31035477843,0.0,0.0,0.0,-284685.4172628453,3234407.8979492188,2949722.4806863735,1487752.9111821468,213.8939943717225,1487966.8051765184,2113.0,2113.0,34181.27314405707,1919.0,15200.0,4,61.584893149384534
2026-04-07,delta_gamma_vega,high,True,True,True,True,executed,213.77000427246094,0.03615000009536743,4,False,False,False,2026-04-12|210.0|call,2026-04-12,210.0,5,4.923691594660056,0.7343919983890368,0.05126589317199483,8.20464120556947,-82.05915888393693,-1000.0,0.0,2026-04-15|215.0|call (+1089) | 2026-06-23|215.0|put (-140),delta_gamma_vega,-295.0930516058188,497.51992051932507,108814.72324965982,-560982.319311298,,,17259.463193165753,17300.0,-1900.0,17300.0,36.81937620937515,-1.4308741690208535,-913.4541395081906,156580.7493318161,0.0,0.0,0.0,-26948.646979120385,-406163.0081176758,-433111.65509679617,1054855.1500797223,151.321483238019,1055006.4715629604,2423.0,2423.0,109607.33622178496,2194.0,1900.0,4,62.072374235689374
2026-04-08,delta_gamma_vega,medium,True,True,True,True,executed,221.25,0.035999999046325684,4,False,False,False,2026-04-12|210.0|call,2026-04-12,210.0,4,11.346346631302538,0.991716518473161,0.004633738965077323,0.5234648088318995,-12.519912057153336,-1000.0,0.0,2026-04-16|220.0|call (+86) | 2026-06-24|220.0|put (-14),delta_gamma_vega,15137.779913430526,3299.3809145142845,217963.60255014192,-3532518.8635583585,,,93504.69144876875,93500.0,76200.0,93500.0,-9.730246537811468,1.3758896524483646,1431.825277499367,714857.8382020519,0.0,0.0,0.0,-661143.351844564,16859250.0,16198106.648155436,17253113.119718395,2464.7303803809978,17255577.850098778,1329.0,1329.0,236400.76337808673,2229.0,76200.0,4,51.05679956425021
2026-04-09,delta_gamma_vega,medium,True,True,True,True,executed,233.64999389648438,0.03588000059127808,4,False,False,False,2026-04-12|210.0|call,2026-04-12,210.0,3,23.711914630520397,0.9999999988199748,1.724812768084037e-09,1.5322687592867207e-07,-7.532580243783135,-1000.0,0.0,2026-04-17|235.0|call (+0) | 2026-06-25|235.0|call (+0),delta_gamma_vega,2299.910543442944,23.28857888897328,-35102.40043519717,660223.3845159516,,,99999.99885274614,100000.0,6500.0,100000.0,0.00011800251377280802,-0.0001724812768084037,-0.015322687592867206,753258.0243783136,0.0,0.0,0.0,-115032.57673399574,1518724.9603271484,1403692.3835931527,18659270.23369193,2656.724710387635,18661926.958402317,100.0,100.0,37425.59955752909,1100.0,6500.0,2,50.00023481456239
2026-04-10,delta_gamma_vega,medium,True,True,True,False,solver_returned_no_trade,238.3800048828125,0.035929999351501464,4,False,False,False,2026-04-12|210.0|call,2026-04-12,210.0,2,28.421344922076344,1.0,2.7790187969503584e-18,1.697868339252467e-16,-7.543814516231369,-1000.0,0.0,2026-04-20|240.0|call (+0) | 2026-06-24|240.0|call (+0),delta_gamma_vega,0.0,-2.7790187969503584e-13,-1.697868339252467e-11,754381.4516231369,,,100000.0,100000.0,0.0,100000.0,0.0,-2.7790187969503584e-13,-1.697868339252467e-11,754381.4516231369,0.0,0.0,0.0,0.0,0.0,0.0,18661926.958402317,2660.8056488617576,18664587.76405118,0.0,0.0,1.7256585272219705e-11,1000.0,0.0,0,50.0
