trade_date,strategy,instrument_type,contract_id,trade_quantity_contracts,trade_quantity_shares_equiv,price_per_share,trade_cashflow
2025-12-15,delta,base_entry_option,2026-01-27|275.0|call,-1000.0,-100000.0,6.267894862124081,-626789.486212408
2025-12-15,delta,stock,STOCK,,51300.0,274.1099853515625,14061842.248535156
2025-12-16,delta,stock,STOCK,,1300.0,274.6099853515625,356992.98095703125
2025-12-17,delta,stock,STOCK,,-6900.0,271.8399963378906,-1875695.9747314453
2025-12-18,delta,stock,STOCK,,500.0,272.19000244140625,136095.00122070312
2025-12-19,delta,stock,STOCK,,3400.0,273.6700134277344,930478.0456542969
2025-12-22,delta,stock,STOCK,,-9200.0,270.9700012207031,-2492924.0112304688
2025-12-23,delta,stock,STOCK,,4300.0,272.3599853515625,1171147.9370117188
2025-12-24,delta,stock,STOCK,,4700.0,273.80999755859375,1286906.9885253906
2025-12-26,delta,stock,STOCK,,-1700.0,273.3999938964844,-464779.98962402344
2025-12-29,delta,stock,STOCK,,1000.0,273.760009765625,273760.009765625
2025-12-30,delta,stock,STOCK,,-2600.0,273.0799865722656,-710007.9650878906
2025-12-31,delta,stock,STOCK,,-4300.0,271.8599853515625,-1168997.9370117188
2026-01-02,delta,stock,STOCK,,-4000.0,271.010009765625,-1084040.0390625
2026-01-05,delta,stock,STOCK,,-13900.0,267.260009765625,-3714914.1357421875
2026-01-06,delta,stock,STOCK,,-13300.0,262.3599853515625,-3489387.8051757812
2026-01-07,delta,stock,STOCK,,-3100.0,260.3299865722656,-807022.9583740234
2026-01-08,delta,stock,STOCK,,-2200.0,259.0400085449219,-569888.0187988281
2026-01-09,delta,stock,STOCK,,-1200.0,259.3699951171875,-311243.994140625
2026-01-12,delta,stock,STOCK,,100.0,260.25,26025.0
2026-01-13,delta,stock,STOCK,,1300.0,261.04998779296875,339364.9841308594
2026-01-14,delta,stock,STOCK,,-1200.0,259.9599914550781,-311951.98974609375
2026-01-15,delta,stock,STOCK,,-2600.0,258.2099914550781,-671345.9777832031
2026-01-16,delta,stock,STOCK,,-1200.0,255.52999877929688,-306635.99853515625
2026-01-20,delta,stock,STOCK,,-500.0,246.6999969482422,-123349.9984741211
2026-01-27,delta,option_liquidation,2026-01-27|275.0|call,1000.0,100000.0,0.0,0.0
2026-01-27,delta,base_entry_option,2026-02-26|260.0|call,-1000.0,-100000.0,4.328717603809082,-432871.7603809082
2026-01-27,delta,stock,STOCK,,47400.0,258.2699890136719,12241997.479248047
2026-01-28,delta,stock,STOCK,,-6200.0,256.44000244140625,-1589928.0151367188
2026-01-29,delta,stock,STOCK,,6100.0,258.2799987792969,1575507.992553711
2026-01-30,delta,stock,STOCK,,3900.0,259.4800109863281,1011972.0428466797
2026-02-02,delta,stock,STOCK,,32000.0,270.010009765625,8640320.3125
2026-02-03,delta,stock,STOCK,,-2900.0,269.4800109863281,-781492.0318603516
2026-02-04,delta,stock,STOCK,,11400.0,276.489990234375,3151985.888671875
2026-02-05,delta,stock,STOCK,,-3600.0,275.9100036621094,-993276.0131835938
2026-02-06,delta,stock,STOCK,,4500.0,278.1199951171875,1251539.9780273438
2026-02-09,delta,stock,STOCK,,700.0,274.6199951171875,192233.99658203125
2026-02-10,delta,stock,STOCK,,-1100.0,273.67999267578125,-301047.9919433594
2026-02-11,delta,stock,STOCK,,2900.0,275.5,798950.0
2026-02-12,delta,stock,STOCK,,-36700.0,261.7300109863281,-9605491.403198242
2026-02-13,delta,stock,STOCK,,-23000.0,255.77999877929688,-5882939.971923828
2026-02-17,delta,stock,STOCK,,34000.0,263.8800048828125,8971920.166015625
2026-02-18,delta,stock,STOCK,,3600.0,264.3500061035156,951660.0219726562
2026-02-19,delta,stock,STOCK,,-18400.0,260.5799865722656,-4794671.7529296875
2026-02-20,delta,stock,STOCK,,22800.0,264.5799865722656,6032423.693847656
2026-02-23,delta,stock,STOCK,,12300.0,266.17999267578125,3274013.9099121094
2026-02-24,delta,stock,STOCK,,10200.0,272.1400146484375,2775828.1494140625
2026-02-25,delta,stock,STOCK,,100.0,274.2300109863281,27423.001098632812
2026-02-26,delta,option_liquidation,2026-02-26|260.0|call,1000.0,100000.0,12.95001220703125,1295001.220703125
2026-02-26,delta,stock_liquidation,STOCK,,-100000.0,272.95001220703125,-27295001.220703125
2026-02-26,delta,base_entry_option,2026-03-27|275.0|call,-1000.0,-100000.0,5.07873293180873,-507873.29318087304
2026-02-26,delta,stock,STOCK,,47200.0,272.95001220703125,12883240.576171875
2026-02-27,delta,stock,STOCK,,-21500.0,264.17999267578125,-5679869.842529297
2026-03-02,delta,stock,STOCK,,1500.0,264.7200012207031,397080.0018310547
2026-03-03,delta,stock,STOCK,,-500.0,263.75,-131875.0
2026-03-04,delta,stock,STOCK,,-5600.0,262.5199890136719,-1470111.9384765625
2026-03-05,delta,stock,STOCK,,-1900.0,260.2900085449219,-494551.01623535156
2026-03-06,delta,stock,STOCK,,400.0,257.4599914550781,102983.99658203125
2026-03-09,delta,stock,STOCK,,-2000.0,259.8800048828125,-519760.009765625
2026-03-10,delta,stock,STOCK,,300.0,260.8299865722656,78248.99597167969
2026-03-11,delta,stock,STOCK,,-1600.0,260.80999755859375,-417295.99609375
2026-03-12,delta,stock,STOCK,,-5600.0,255.75999450683594,-1432255.9692382812
2026-03-13,delta,stock,STOCK,,-6200.0,250.1199951171875,-1550743.9697265625
2026-03-16,delta,stock,STOCK,,-2100.0,252.82000732421875,-530922.0153808594
2026-03-17,delta,stock,STOCK,,-400.0,254.22999572753906,-101691.99829101562
2026-03-18,delta,stock,STOCK,,-1000.0,249.94000244140625,-249940.00244140625
2026-03-19,delta,stock,STOCK,,-700.0,248.9600067138672,-174272.00469970703
2026-03-23,delta,stock,STOCK,,-200.0,251.49000549316406,-50298.00109863281
2026-03-24,delta,stock,STOCK,,-100.0,251.63999938964844,-25163.999938964844
2026-03-27,delta,option_liquidation,2026-03-27|275.0|call,1000.0,100000.0,0.0,0.0
2026-03-27,delta,base_entry_option,2026-04-26|250.0|call,-1000.0,-100000.0,8.573546560393652,-857354.6560393652
2026-03-27,delta,stock,STOCK,,50700.0,248.8000030517578,12614160.154724121
2026-03-30,delta,stock,STOCK,,-4400.0,246.6300048828125,-1085172.021484375
2026-03-31,delta,stock,STOCK,,15100.0,253.7899932861328,3832228.8986206055
2026-04-01,delta,stock,STOCK,,4500.0,255.6300048828125,1150335.0219726562
2026-04-02,delta,stock,STOCK,,1200.0,255.9199981689453,307103.9978027344
2026-04-06,delta,stock,STOCK,,7700.0,258.8599853515625,1993221.8872070312
2026-04-07,delta,stock,STOCK,,-13300.0,253.5,-3371550.0
2026-04-08,delta,stock,STOCK,,17300.0,258.8999938964844,4478969.89440918
2026-04-09,delta,stock,STOCK,,5900.0,260.489990234375,1536890.9423828125
2026-04-10,delta,stock,STOCK,,1000.0,260.4800109863281,260480.01098632812
2025-12-15,delta_gamma,base_entry_option,2026-01-27|275.0|call,-1000.0,-100000.0,6.267894862124081,-626789.486212408
2025-12-15,delta_gamma,option,2026-01-15|270.0|call,915.0,91500.0,7.98379739554224,730517.461692115
2025-12-15,delta_gamma,stock,STOCK,,-8300.0,274.1099853515625,-2275112.8784179688
2025-12-16,delta_gamma,option,2026-01-15|270.0|call,-915.0,-91500.0,8.216201242918544,-751782.4137270468
2025-12-16,delta_gamma,option,2026-01-12|270.0|call,884.0,88400.0,7.925073087589681,700576.4609429277
2025-12-16,delta_gamma,stock,STOCK,,1400.0,274.6099853515625,384453.9794921875
2025-12-17,delta_gamma,option,2026-01-17|270.0|call,879.0,87900.0,6.9130342340622235,607655.7091740695
2025-12-17,delta_gamma,option,2026-01-12|270.0|call,-884.0,-88400.0,6.380900968798926,-564071.645641825
2025-12-17,delta_gamma,stock,STOCK,,1400.0,271.8399963378906,380575.9948730469
2025-12-18,delta_gamma,option,2026-01-17|270.0|call,-879.0,-87900.0,6.78726375075874,-596600.4836916933
2025-12-18,delta_gamma,option,2026-01-13|270.0|call,823.0,82300.0,6.375901230187651,524736.6712444436
2025-12-18,delta_gamma,stock,STOCK,,2400.0,272.19000244140625,653256.005859375
2025-12-19,delta_gamma,option,2026-01-29|275.0|call,1026.0,102600.0,5.288649863489809,542615.4759940543
2025-12-19,delta_gamma,option,2026-01-13|270.0|call,-823.0,-82300.0,6.679041117498855,-549685.0839701558
2025-12-19,delta_gamma,stock,STOCK,,1600.0,273.6700134277344,437872.021484375
2025-12-22,delta_gamma,option,2026-01-29|275.0|call,-1026.0,-102600.0,3.5506826753870087,-364300.0424947071
2025-12-22,delta_gamma,option,2026-01-12|270.0|call,746.0,74600.0,4.395322942355506,327891.09149972076
2025-12-22,delta_gamma,stock,STOCK,,-600.0,270.9700012207031,-162582.00073242188
2025-12-23,delta_gamma,option,2026-01-23|270.0|call,973.0,97300.0,6.114670946585846,594957.4831028029
2025-12-23,delta_gamma,option,2026-01-12|270.0|call,-746.0,-74600.0,5.116606219795727,-381698.8239967613
2025-12-23,delta_gamma,stock,STOCK,,-13200.0,272.3599853515625,-3595151.806640625
2025-12-24,delta_gamma,option,2026-01-23|270.0|call,-973.0,-97300.0,6.817474031207837,-663340.2232365225
2025-12-24,delta_gamma,option,2026-01-22|270.0|call,1023.0,102300.0,6.7368900476677425,689183.8518764101
2025-12-24,delta_gamma,stock,STOCK,,-4200.0,273.80999755859375,-1150001.9897460938
2025-12-26,delta_gamma,option,2026-01-22|270.0|call,-1023.0,-102300.0,6.3301840342761295,-647577.8267064481
2025-12-26,delta_gamma,option,2026-02-04|275.0|call,1120.0,112000.0,4.605149994002403,515776.79932826915
2025-12-26,delta_gamma,stock,STOCK,,12600.0,273.3999938964844,3444839.923095703
2025-12-29,delta_gamma,option,2026-02-05|275.0|call,1148.0,114800.0,4.842001811407414,555861.8079495712
2025-12-29,delta_gamma,option,2026-02-04|275.0|call,-1120.0,-112000.0,4.762935841216802,-533448.8142162818
2025-12-29,delta_gamma,stock,STOCK,,-1500.0,273.760009765625,-410640.0146484375
2025-12-30,delta_gamma,option,2026-02-05|275.0|call,-1148.0,-114800.0,4.4820831448347604,-514543.1450270305
2025-12-30,delta_gamma,option,2026-01-29|270.0|call,1100.0,110000.0,6.582949187743395,724124.4106517734
2025-12-30,delta_gamma,stock,STOCK,,-15800.0,273.0799865722656,-4314663.787841797
2025-12-31,delta_gamma,option,2026-01-29|270.0|call,-1100.0,-110000.0,5.920368214704212,-651240.5036174633
2025-12-31,delta_gamma,option,2026-02-05|270.0|call,1164.0,116400.0,6.531159134923598,760226.9233051068
2025-12-31,delta_gamma,stock,STOCK,,-2900.0,271.8599853515625,-788393.9575195312
2026-01-02,delta_gamma,option,2026-02-03|275.0|call,1117.0,111700.0,3.2442109978292137,362378.3684575232
2026-01-02,delta_gamma,option,2026-02-05|270.0|call,-1164.0,-116400.0,5.719709428571917,-665774.1774857712
2026-01-02,delta_gamma,stock,STOCK,,20300.0,271.010009765625,5501503.1982421875
2026-01-05,delta_gamma,option,2026-01-29|265.0|call,844.0,84400.0,5.594600814015934,472184.3087029448
2026-01-05,delta_gamma,option,2026-02-03|275.0|call,-1117.0,-111700.0,1.8779536462270556,-209767.4222835621
2026-01-05,delta_gamma,stock,STOCK,,-21200.0,267.260009765625,-5665912.20703125
2026-01-06,delta_gamma,option,2026-01-29|265.0|call,-844.0,-84400.0,2.915419517995659,-246061.4073188336
2026-01-06,delta_gamma,option,2026-02-05|260.0|call,567.0,56700.0,6.0738326281205275,344386.3100144339
2026-01-06,delta_gamma,stock,STOCK,,3700.0,262.3599853515625,970731.9458007812
2026-01-07,delta_gamma,option,2026-02-05|260.0|call,-567.0,-56700.0,4.9838721284078815,-282585.5496807269
2026-01-07,delta_gamma,option,2026-02-10|260.0|call,460.0,46000.0,5.4191543298828435,249281.0991746108
2026-01-07,delta_gamma,stock,STOCK,,6800.0,260.3299865722656,1770243.9086914062
2026-01-08,delta_gamma,option,2026-01-30|260.0|call,289.0,28900.0,3.6739008873241232,106175.73564366715
2026-01-08,delta_gamma,option,2026-02-10|260.0|call,-460.0,-46000.0,4.685356814065074,-215526.4134469934
2026-01-08,delta_gamma,stock,STOCK,,8800.0,259.0400085449219,2279552.0751953125
2026-01-09,delta_gamma,option,2026-01-30|260.0|call,-289.0,-28900.0,3.4964112169516284,-101046.28416990206
2026-01-09,delta_gamma,option,2026-02-15|260.0|call,316.0,31600.0,4.8667494785113945,153789.28352096007
2026-01-09,delta_gamma,stock,STOCK,,-3400.0,259.3699951171875,-881857.9833984375
2026-01-12,delta_gamma,option,2026-02-15|260.0|call,23.0,2300.0,5.295552395243959,12179.770509061105
2026-01-12,delta_gamma,stock,STOCK,,-2000.0,260.25,-520500.0
2026-01-13,delta_gamma,option,2026-02-15|260.0|call,-339.0,-33900.0,5.929383990578202,-201006.11728060106
2026-01-13,delta_gamma,option,2026-02-20|260.0|call,465.0,46500.0,6.359006126438743,295693.78487940156
2026-01-13,delta_gamma,stock,STOCK,,-6700.0,261.04998779296875,-1749034.9182128906
2026-01-14,delta_gamma,option,2026-02-13|260.0|call,348.0,34800.0,5.284446930919955,183898.75319601444
2026-01-14,delta_gamma,option,2026-02-20|260.0|call,-465.0,-46500.0,5.924259792789684,-275478.0803647203
2026-01-14,delta_gamma,stock,STOCK,,6700.0,259.9599914550781,1741731.9427490234
2026-01-15,delta_gamma,option,2026-02-19|260.0|call,179.0,17900.0,4.582889432996041,82033.72085062912
2026-01-15,delta_gamma,option,2026-02-13|260.0|call,-348.0,-34800.0,4.059633689764823,-141275.25240381583
2026-01-15,delta_gamma,stock,STOCK,,7200.0,258.2099914550781,1859111.9384765625
2026-01-16,delta_gamma,option,2026-02-19|260.0|call,-179.0,-17900.0,3.356104201025289,-60074.265198352674
2026-01-16,delta_gamma,option,2026-02-13|255.0|call,56.0,5600.0,5.051429471457084,28288.005040159667
2026-01-16,delta_gamma,stock,STOCK,,4300.0,255.52999877929688,1098778.9947509766
2026-01-20,delta_gamma,option,2026-02-24|250.0|call,2.0,200.0,4.989060512094937,997.8121024189875
2026-01-20,delta_gamma,option,2026-02-13|255.0|call,-56.0,-5600.0,2.1971951595577934,-12304.292893523643
2026-01-20,delta_gamma,stock,STOCK,,2500.0,246.6999969482422,616749.9923706055
2026-01-21,delta_gamma,option,2026-02-24|250.0|call,-2.0,-200.0,4.357496753452523,-871.4993506905046
2026-01-21,delta_gamma,stock,STOCK,,100.0,247.64999389648438,24764.999389648438
2026-01-27,delta_gamma,option_liquidation,2026-01-27|275.0|call,1000.0,100000.0,0.0,0.0
2026-01-27,delta_gamma,base_entry_option,2026-02-26|260.0|call,-1000.0,-100000.0,4.328717603809082,-432871.7603809082
2026-01-27,delta_gamma,option,2026-02-25|260.0|call,983.0,98300.0,4.235903492056281,416389.3132691324
2026-01-27,delta_gamma,stock,STOCK,,1000.0,258.2699890136719,258269.98901367188
2026-01-28,delta_gamma,option,2026-03-02|260.0|call,1063.0,106300.0,3.788803295369732,402749.7902978025
2026-01-28,delta_gamma,option,2026-02-25|260.0|call,-983.0,-98300.0,3.347300923222406,-329039.6807527625
2026-01-28,delta_gamma,stock,STOCK,,-4600.0,256.44000244140625,-1179624.0112304688
2026-01-29,delta_gamma,option,2026-03-02|260.0|call,-1063.0,-106300.0,4.678178838617697,-497290.41054506117
2026-01-29,delta_gamma,option,2026-03-09|260.0|call,1183.0,118300.0,5.298556887396543,626819.279779011
2026-01-29,delta_gamma,stock,STOCK,,-6700.0,258.2799987792969,-1730475.991821289
2026-01-30,delta_gamma,option,2026-03-09|260.0|call,-1183.0,-118300.0,5.994435620083124,-709141.7338558335
2026-01-30,delta_gamma,option,2026-03-08|260.0|call,1176.0,117600.0,5.904422834579918,694360.1253465984
2026-01-30,delta_gamma,stock,STOCK,,400.0,259.4800109863281,103792.00439453125
2026-02-02,delta_gamma,option,2026-03-08|270.0|call,746.0,74600.0,5.769553930199834,430408.7231929076
2026-02-02,delta_gamma,option,2026-03-08|260.0|call,-1176.0,-117600.0,12.34161337087076,-1451373.7324144014
2026-02-02,delta_gamma,stock,STOCK,,53300.0,270.010009765625,14391533.520507812
2026-02-03,delta_gamma,option,2026-02-27|270.0|call,704.0,70400.0,4.964681724220128,349513.593385097
2026-02-03,delta_gamma,option,2026-03-08|270.0|call,-746.0,-74600.0,5.939947614098912,-443120.09201177885
2026-02-03,delta_gamma,stock,STOCK,,1000.0,269.4800109863281,269480.0109863281
2026-02-04,delta_gamma,option,2026-02-27|270.0|call,-704.0,-70400.0,9.368773143280578,-659561.6292869527
2026-02-04,delta_gamma,option,2026-03-06|280.0|call,447.0,44700.0,4.649309987681434,207824.1564493601
2026-02-04,delta_gamma,stock,STOCK,,27800.0,276.489990234375,7686421.728515625
2026-02-05,delta_gamma,option,2026-03-07|280.0|call,597.0,59700.0,5.378579018522856,321101.1674058145
2026-02-05,delta_gamma,option,2026-03-06|280.0|call,-447.0,-44700.0,5.252071457330118,-234767.59414265625
2026-02-05,delta_gamma,stock,STOCK,,-10100.0,275.9100036621094,-2786691.0369873047
2026-02-06,delta_gamma,option,2026-03-08|275.0|call,438.0,43800.0,8.539940004255726,374049.3721864008
2026-02-06,delta_gamma,option,2026-03-07|280.0|call,-597.0,-59700.0,5.812590308306881,-347011.6414059208
2026-02-06,delta_gamma,stock,STOCK,,4100.0,278.1199951171875,1140291.9799804688
2026-02-09,delta_gamma,option,2026-03-12|280.0|call,456.0,45600.0,3.601964117867297,164249.56377474873
2026-02-09,delta_gamma,option,2026-03-08|275.0|call,-438.0,-43800.0,5.289286247346496,-231670.73763377653
2026-02-09,delta_gamma,stock,STOCK,,9800.0,274.6199951171875,2691275.9521484375
2026-02-10,delta_gamma,option,2026-03-12|280.0|call,-456.0,-45600.0,3.2936273436220773,-150189.40686916673
2026-02-10,delta_gamma,option,2026-03-14|270.0|call,544.0,54400.0,8.201129938951567,446141.46867896523
2026-02-10,delta_gamma,stock,STOCK,,-18100.0,273.67999267578125,-4953607.867431641
2026-02-11,delta_gamma,option,2026-03-09|275.0|call,333.0,33300.0,5.731327835306928,190853.2169157207
2026-02-11,delta_gamma,option,2026-03-14|270.0|call,-544.0,-54400.0,9.262741267785287,-503893.12496751966
2026-02-11,delta_gamma,stock,STOCK,,19100.0,275.5,5262050.0
2026-02-12,delta_gamma,option,2026-03-09|275.0|call,-333.0,-33300.0,1.6030388696667188,-53381.19435990174
2026-02-12,delta_gamma,option,2026-03-22|260.0|call,1654.0,165400.0,8.36653099887721,1383824.2272142905
2026-02-12,delta_gamma,stock,STOCK,,-113000.0,261.7300109863281,-29575491.241455078
2026-02-13,delta_gamma,option,2026-03-22|260.0|call,-1654.0,-165400.0,5.216027432415785,-862730.9373215709
2026-02-13,delta_gamma,option,2026-03-21|255.0|call,1574.0,157400.0,7.404678745641576,1165496.434563984
2026-02-13,delta_gamma,stock,STOCK,,-15200.0,255.77999877929688,-3887855.9814453125
2026-02-17,delta_gamma,option,2026-03-19|260.0|call,1711.0,171100.0,8.630560108863591,1476688.8346265603
2026-02-17,delta_gamma,option,2026-03-21|255.0|call,-1574.0,-157400.0,12.18331690480548,-1917654.0808163825
2026-02-17,delta_gamma,stock,STOCK,,13200.0,263.8800048828125,3483216.064453125
2026-02-18,delta_gamma,option,2026-03-19|260.0|call,-1711.0,-171100.0,8.632729796211606,-1477060.0681318059
2026-02-18,delta_gamma,option,2026-03-22|265.0|call,1672.0,167200.0,6.166343497718998,1031012.6328186165
2026-02-18,delta_gamma,stock,STOCK,,25200.0,264.3500061035156,6661620.153808594
2026-02-19,delta_gamma,option,2026-03-22|265.0|call,-1672.0,-167200.0,4.5181180583244185,-755429.3393518428
2026-02-19,delta_gamma,option,2026-03-11|260.0|call,1702.0,170200.0,5.421037682107226,922660.6134946499
2026-02-19,delta_gamma,stock,STOCK,,-24900.0,260.5799865722656,-6488441.665649414
2026-02-20,delta_gamma,option,2026-03-25|260.0|call,1927.0,192700.0,9.051820273326655,1744285.7666700464
2026-02-20,delta_gamma,option,2026-03-11|260.0|call,-1702.0,-170200.0,7.4827077935799196,-1273556.8664673022
2026-02-20,delta_gamma,stock,STOCK,,-9700.0,264.5799865722656,-2566425.8697509766
2026-02-23,delta_gamma,option,2026-03-27|270.0|call,1502.0,150200.0,5.242796738294544,787468.0700918405
2026-02-23,delta_gamma,option,2026-03-25|260.0|call,-1927.0,-192700.0,10.349180241419162,-1994287.0325214725
2026-02-23,delta_gamma,stock,STOCK,,71200.0,266.17999267578125,18952015.478515625
2026-02-24,delta_gamma,option,2026-03-27|270.0|call,-1502.0,-150200.0,7.693894240711813,-1155622.9149549145
2026-02-24,delta_gamma,option,2026-03-22|275.0|call,23.0,2300.0,4.637877035315682,10667.117181226069
2026-02-24,delta_gamma,stock,STOCK,,75100.0,272.1400146484375,20437715.100097656
2026-02-25,delta_gamma,option,2026-03-22|275.0|call,-23.0,-2300.0,5.033379245208209,-11576.77226397888
2026-02-25,delta_gamma,stock,STOCK,,1100.0,274.2300109863281,301653.01208496094
2026-02-26,delta_gamma,option_liquidation,2026-02-26|260.0|call,1000.0,100000.0,12.95001220703125,1295001.220703125
2026-02-26,delta_gamma,stock_liquidation,STOCK,,-100000.0,272.95001220703125,-27295001.220703125
2026-02-26,delta_gamma,base_entry_option,2026-03-27|275.0|call,-1000.0,-100000.0,5.07873293180873,-507873.29318087304
2026-02-26,delta_gamma,option,2026-03-30|270.0|call,1090.0,109000.0,8.004806422166268,872523.9000161233
2026-02-26,delta_gamma,stock,STOCK,,-19000.0,272.95001220703125,-5186050.231933594
2026-02-27,delta_gamma,option,2026-03-30|270.0|call,-1090.0,-109000.0,3.974070363489062,-433173.6696203078
2026-02-27,delta_gamma,option,2026-04-06|265.0|call,936.0,93600.0,6.788180794127044,635373.7223302913
2026-02-27,delta_gamma,stock,STOCK,,-3300.0,264.17999267578125,-871793.9758300781
2026-03-02,delta_gamma,option,2026-04-06|265.0|call,-936.0,-93600.0,7.270010899178743,-680473.0201631304
2026-03-02,delta_gamma,option,2026-04-03|265.0|call,935.0,93500.0,6.922444979004553,647248.6055369257
2026-03-02,delta_gamma,stock,STOCK,,600.0,264.7200012207031,158832.00073242188
2026-03-03,delta_gamma,option,2026-04-03|265.0|call,-935.0,-93500.0,6.970062201721348,-651700.815860946
2026-03-03,delta_gamma,option,2026-03-27|265.0|call,816.0,81600.0,6.009396265742069,490366.73528455285
2026-03-03,delta_gamma,stock,STOCK,,8100.0,263.75,2136375.0
2026-03-04,delta_gamma,option,2026-04-01|265.0|call,796.0,79600.0,5.284659374281958,420658.88619284384
2026-03-04,delta_gamma,option,2026-03-27|265.0|call,-816.0,-81600.0,4.651803437016113,-379587.16046051483
2026-03-04,delta_gamma,stock,STOCK,,-2200.0,262.5199890136719,-577543.9758300781
2026-03-05,delta_gamma,option,2026-04-13|260.0|call,908.0,90800.0,8.651840297187306,785587.0989846074
2026-03-05,delta_gamma,option,2026-04-01|265.0|call,-796.0,-79600.0,4.929676522823328,-392402.2512167369
2026-03-05,delta_gamma,stock,STOCK,,-13800.0,260.2900085449219,-3592002.117919922
2026-03-06,delta_gamma,option,2026-04-11|260.0|call,898.0,89800.0,8.734812461564488,784386.159048491
2026-03-06,delta_gamma,option,2026-04-13|260.0|call,-908.0,-90800.0,9.022850977272569,-819274.8687363493
2026-03-06,delta_gamma,stock,STOCK,,5200.0,257.4599914550781,1338791.9555664062
2026-03-09,delta_gamma,option,2026-04-11|260.0|call,-898.0,-89800.0,8.251126224805887,-740951.1349875686
2026-03-09,delta_gamma,option,2026-04-01|260.0|call,723.0,72300.0,6.8052394802049605,492018.8144188186
2026-03-09,delta_gamma,stock,STOCK,,4200.0,259.8800048828125,1091496.0205078125
2026-03-10,delta_gamma,option,2026-04-01|260.0|call,-723.0,-72300.0,7.013689547599029,-507089.75429140974
2026-03-10,delta_gamma,option,2026-04-13|260.0|call,926.0,92600.0,8.720990288633146,807563.7007274294
2026-03-10,delta_gamma,stock,STOCK,,-12500.0,260.8299865722656,-3260374.8321533203
2026-03-11,delta_gamma,option,2026-04-18|260.0|call,953.0,95300.0,8.983394578227376,856117.5033050689
2026-03-11,delta_gamma,option,2026-04-13|260.0|call,-926.0,-92600.0,8.361878222877266,-774309.9234384348
2026-03-11,delta_gamma,stock,STOCK,,-3200.0,260.80999755859375,-834591.9921875
2026-03-12,delta_gamma,option,2026-04-18|260.0|call,-953.0,-95300.0,7.376857017880241,-703014.4738039869
2026-03-12,delta_gamma,option,2026-04-01|255.0|call,528.0,52800.0,7.09238329657731,374477.838059282
2026-03-12,delta_gamma,stock,STOCK,,18000.0,255.75999450683594,4603679.901123047
2026-03-13,delta_gamma,option,2026-04-01|255.0|call,-528.0,-52800.0,4.268162704903261,-225358.9908188922
2026-03-13,delta_gamma,option,2026-04-19|250.0|call,381.0,38100.0,9.098430196971137,346650.1905046003
2026-03-13,delta_gamma,stock,STOCK,,2100.0,250.1199951171875,525251.9897460938
2026-03-16,delta_gamma,option,2026-04-11|250.0|call,218.0,21800.0,8.122987389475298,177081.12509056152
2026-03-16,delta_gamma,option,2026-04-19|250.0|call,-381.0,-38100.0,9.124245654826694,-347633.75944889704
2026-03-16,delta_gamma,stock,STOCK,,5200.0,252.82000732421875,1314664.0380859375
2026-03-17,delta_gamma,option,2026-04-11|250.0|call,-218.0,-21800.0,8.5797776526843,-187039.15282851772
2026-03-17,delta_gamma,option,2026-04-15|250.0|call,218.0,21800.0,9.073301935702204,197797.98219830805
2026-03-17,delta_gamma,stock,STOCK,,-1100.0,254.22999572753906,-279652.99530029297
2026-03-18,delta_gamma,option,2026-04-11|250.0|call,103.0,10300.0,6.618899576042736,68174.66563324018
2026-03-18,delta_gamma,option,2026-04-15|250.0|call,-218.0,-21800.0,7.183844079138922,-156607.80092522848
2026-03-18,delta_gamma,stock,STOCK,,7300.0,249.94000244140625,1824562.0178222656
2026-03-19,delta_gamma,option,2026-04-18|250.0|call,49.0,4900.0,6.662110260286184,32644.3402754023
2026-03-19,delta_gamma,option,2026-04-11|250.0|call,-103.0,-10300.0,5.721813458067061,-58934.67861809073
2026-03-19,delta_gamma,stock,STOCK,,2300.0,248.9600067138672,572608.0154418945
2026-03-20,delta_gamma,option,2026-04-18|250.0|call,-49.0,-4900.0,6.824537127090551,-33440.2319227437
2026-03-20,delta_gamma,option,2026-04-23|245.0|call,58.0,5800.0,10.044999412219738,58260.99659087448
2026-03-20,delta_gamma,stock,STOCK,,-1000.0,247.99000549316406,-247990.00549316406
2026-03-23,delta_gamma,option,2026-04-23|245.0|call,-58.0,-5800.0,11.687893141165802,-67789.78021876165
2026-03-23,delta_gamma,option,2026-04-28|250.0|call,18.0,1800.0,9.405484979047145,16929.872962284862
2026-03-23,delta_gamma,stock,STOCK,,2200.0,251.49000549316406,553278.0120849609
2026-03-24,delta_gamma,option,2026-04-19|250.0|call,5.0,500.0,8.338246252986409,4169.123126493204
2026-03-24,delta_gamma,option,2026-04-28|250.0|call,-18.0,-1800.0,9.610310820195622,-17298.55947635212
2026-03-24,delta_gamma,stock,STOCK,,600.0,251.63999938964844,150983.99963378906
2026-03-25,delta_gamma,option,2026-04-19|250.0|call,-5.0,-500.0,8.338094579219302,-4169.047289609651
2026-03-25,delta_gamma,stock,STOCK,,300.0,252.6199951171875,75785.99853515625
2026-03-27,delta_gamma,option_liquidation,2026-03-27|275.0|call,1000.0,100000.0,0.0,0.0
2026-03-27,delta_gamma,base_entry_option,2026-04-26|250.0|call,-1000.0,-100000.0,8.573546560393652,-857354.6560393652
2026-03-27,delta_gamma,option,2026-04-27|250.0|call,1017.0,101700.0,8.733028242941813,888148.9723071824
2026-03-27,delta_gamma,stock,STOCK,,-900.0,248.8000030517578,-223920.00274658203
2026-03-30,delta_gamma,option,2026-04-20|245.0|call,884.0,88400.0,8.257525646539221,729965.2671540672
2026-03-30,delta_gamma,option,2026-04-27|250.0|call,-1017.0,-101700.0,7.095390737920042,-721601.2380464682
2026-03-30,delta_gamma,stock,STOCK,,-2300.0,246.6300048828125,-567249.0112304688
2026-03-31,delta_gamma,option,2026-04-19|255.0|call,815.0,81500.0,5.429988632763795,442544.0735702493
2026-03-31,delta_gamma,option,2026-04-20|245.0|call,-884.0,-88400.0,11.616612885751408,-1026908.5791004244
2026-03-31,delta_gamma,stock,STOCK,,24700.0,253.7899932861328,6268612.8341674805
2026-04-01,delta_gamma,option,2026-05-11|255.0|call,1170.0,117000.0,9.0582586034121,1059816.2565992156
2026-04-01,delta_gamma,option,2026-04-19|255.0|call,-815.0,-81500.0,6.044812150001434,-492652.19022511685
2026-04-01,delta_gamma,stock,STOCK,,-19300.0,255.6300048828125,-4933659.094238281
2026-04-02,delta_gamma,option,2026-05-11|255.0|call,-1170.0,-117000.0,8.879722852521212,-1038927.5737449818
2026-04-02,delta_gamma,option,2026-04-30|260.0|call,992.0,99200.0,5.227900022077947,518607.6821901323
2026-04-02,delta_gamma,stock,STOCK,,22000.0,255.9199981689453,5630239.959716797
2026-04-06,delta_gamma,option,2026-05-02|260.0|call,905.0,90500.0,6.386465778745773,577975.1529764924
2026-04-06,delta_gamma,option,2026-04-30|260.0|call,-992.0,-99200.0,6.09908223454012,-605028.9576663799
2026-04-06,delta_gamma,stock,STOCK,,5500.0,258.8599853515625,1423729.9194335938
2026-04-07,delta_gamma,option,2026-05-02|260.0|call,-905.0,-90500.0,4.3672497702632,-395236.1042088196
2026-04-07,delta_gamma,option,2026-05-02|250.0|call,1143.0,114300.0,8.985506929215347,1027043.4420093142
2026-04-07,delta_gamma,stock,STOCK,,-37500.0,253.5,-9506250.0
2026-04-08,delta_gamma,option,2026-04-28|260.0|call,759.0,75900.0,4.75403847897438,360831.5205541554
2026-04-08,delta_gamma,option,2026-05-02|250.0|call,-1143.0,-114300.0,11.445223722922748,-1308189.0715300702
2026-04-08,delta_gamma,stock,STOCK,,49500.0,258.8999938964844,12815549.697875977
2026-04-09,delta_gamma,option,2026-05-15|260.0|call,862.0,86200.0,7.019098461239196,605046.2873588187
2026-04-09,delta_gamma,option,2026-04-28|260.0|call,-759.0,-75900.0,5.060380039867226,-384082.84502592246
2026-04-09,delta_gamma,stock,STOCK,,-3900.0,260.489990234375,-1015910.9619140625
2026-04-10,delta_gamma,option,2026-05-15|260.0|call,-862.0,-86200.0,6.82881411012616,-588643.7762928751
2026-04-10,delta_gamma,option,2026-05-12|260.0|call,801.0,80100.0,6.518378886832636,522122.1488352941
2026-04-10,delta_gamma,stock,STOCK,,4400.0,260.4800109863281,1146112.0483398438
2025-12-15,delta_vega,base_entry_option,2026-01-27|275.0|call,-1000.0,-100000.0,6.267894862124081,-626789.486212408
2025-12-15,delta_vega,option,2026-01-14|270.0|call,1293.0,129300.0,7.8883278696787045,1019960.7935494565
2025-12-15,delta_vega,stock,STOCK,,-33100.0,274.1099853515625,-9073040.515136719
2025-12-16,delta_vega,option,2026-01-14|270.0|call,-1293.0,-129300.0,8.1203965060852,-1049967.2682368164
2025-12-16,delta_vega,option,2026-01-13|270.0|call,1348.0,134800.0,8.02337232248982,1081550.5890716277
2025-12-16,delta_vega,stock,STOCK,,-4800.0,274.6099853515625,-1318127.9296875
2025-12-17,delta_vega,option,2026-01-20|270.0|call,1115.0,111500.0,7.215007671583322,804473.3553815404
2025-12-17,delta_vega,option,2026-01-13|270.0|call,-1348.0,-134800.0,6.490562371950887,-874927.8077389796
2025-12-17,delta_vega,stock,STOCK,,18800.0,271.8399963378906,5110591.931152344
2025-12-18,delta_vega,option,2026-01-20|270.0|call,-1115.0,-111500.0,7.0810151782863215,-789533.1923789248
2025-12-18,delta_vega,option,2026-01-22|270.0|call,1094.0,109400.0,7.27074988068253,795420.0369466688
2025-12-18,delta_vega,stock,STOCK,,400.0,272.19000244140625,108876.0009765625
2025-12-19,delta_vega,option,2026-01-22|270.0|call,-1094.0,-109400.0,7.477608866444257,-818050.4099890017
2025-12-19,delta_vega,option,2026-01-18|270.0|call,1232.0,123200.0,7.133938712759573,878901.2494119793
2025-12-19,delta_vega,stock,STOCK,,-12100.0,273.6700134277344,-3311407.162475586
2025-12-22,delta_vega,option,2026-01-15|270.0|call,1207.0,120700.0,4.685018710090361,565481.7583079066
2025-12-22,delta_vega,option,2026-01-18|270.0|call,-1232.0,-123200.0,4.959892025287559,-611058.6975154273
2025-12-22,delta_vega,stock,STOCK,,2600.0,270.9700012207031,704522.0031738281
2025-12-23,delta_vega,option,2026-01-15|270.0|call,-1207.0,-120700.0,5.406703400345634,-652589.1004217181
2025-12-23,delta_vega,option,2026-01-26|270.0|call,1049.0,104900.0,6.36096078605479,667264.7864571474
2025-12-23,delta_vega,stock,STOCK,,8500.0,272.3599853515625,2315059.8754882812
2025-12-24,delta_vega,option,2026-01-26|270.0|call,-1049.0,-104900.0,7.053678469336774,-739930.8714334276
2025-12-24,delta_vega,option,2026-01-27|270.0|call,1096.0,109600.0,7.130686302214656,781523.2187227263
2025-12-24,delta_vega,stock,STOCK,,-3900.0,273.80999755859375,-1067858.9904785156
2025-12-26,delta_vega,option,2026-01-19|270.0|call,1266.0,126600.0,6.070929166255382,768579.6324479314
2025-12-26,delta_vega,option,2026-01-27|270.0|call,-1096.0,-109600.0,6.739890391571322,-738691.9869162169
2025-12-26,delta_vega,stock,STOCK,,-13200.0,273.3999938964844,-3608879.9194335938
2025-12-29,delta_vega,option,2026-01-19|270.0|call,-1266.0,-126600.0,6.185637792659378,-783101.7445506772
2025-12-29,delta_vega,option,2026-02-06|275.0|call,862.0,86200.0,4.920235718312938,424124.31891857524
2025-12-29,delta_vega,stock,STOCK,,42500.0,273.760009765625,11634800.415039062
2025-12-30,delta_vega,option,2026-02-06|275.0|call,-6.0,-600.0,4.561050927427516,-2736.6305564565096
2025-12-30,delta_vega,stock,STOCK,,-400.0,273.0799865722656,-109231.99462890625
2025-12-31,delta_vega,option,2026-01-31|270.0|call,940.0,94000.0,6.100472073461475,573444.3749053787
2025-12-31,delta_vega,option,2026-02-06|275.0|call,-856.0,-85600.0,4.146567648951219,-354946.19075022434
2025-12-31,delta_vega,stock,STOCK,,-19300.0,271.8599853515625,-5246897.717285156
2026-01-02,delta_vega,option,2026-02-08|270.0|call,795.0,79500.0,5.965764683392933,474278.2923297382
2026-01-02,delta_vega,option,2026-01-31|270.0|call,-940.0,-94000.0,5.288779284549946,-497145.25274769496
2026-01-02,delta_vega,stock,STOCK,,6700.0,271.010009765625,1815767.0654296875
2026-01-05,delta_vega,option,2026-02-08|270.0|call,-163.0,-16300.0,3.95897315776638,-64531.26247159199
2026-01-05,delta_vega,stock,STOCK,,3100.0,267.260009765625,828506.0302734375
2026-01-06,delta_vega,option,2026-02-08|270.0|call,-632.0,-63200.0,2.0725587876416256,-130985.71537895074
2026-01-06,delta_vega,option,2026-02-01|260.0|call,431.0,43100.0,5.723262387265777,246672.608891155
2026-01-06,delta_vega,stock,STOCK,,-11900.0,262.3599853515625,-3122083.8256835938
2026-01-07,delta_vega,option,2026-02-01|260.0|call,-431.0,-43100.0,4.6122924843149065,-198789.80607397246
2026-01-07,delta_vega,option,2026-01-31|260.0|call,325.0,32500.0,4.515528679161491,146754.68207274846
2026-01-07,delta_vega,stock,STOCK,,6000.0,260.3299865722656,1561979.9194335938
2026-01-08,delta_vega,option,2026-01-31|260.0|call,-325.0,-32500.0,3.7735731828557846,-122641.128442813
2026-01-08,delta_vega,option,2026-02-03|260.0|call,233.0,23300.0,4.062081176299046,94646.49140776777
2026-01-08,delta_vega,stock,STOCK,,4000.0,259.0400085449219,1036160.0341796875
2026-01-09,delta_vega,option,2026-01-31|260.0|call,201.0,20100.0,3.592777013603211,72214.81797342454
2026-01-09,delta_vega,option,2026-02-03|260.0|call,-233.0,-23300.0,3.8712743136221235,-90200.69150739547
2026-01-09,delta_vega,stock,STOCK,,200.0,259.3699951171875,51873.9990234375
2026-01-12,delta_vega,option,2026-01-31|260.0|call,-201.0,-20100.0,3.900008249952009,-78390.16582403539
2026-01-12,delta_vega,option,2026-02-14|260.0|call,153.0,15300.0,5.211964672315673,79743.0594864298
2026-01-12,delta_vega,stock,STOCK,,1800.0,260.25,468450.0
2026-01-13,delta_vega,option,2026-02-20|260.0|call,172.0,17200.0,6.359006126438743,109374.90537474638
2026-01-13,delta_vega,option,2026-02-14|260.0|call,-153.0,-15300.0,5.840290031022704,-89356.43747464738
2026-01-13,delta_vega,stock,STOCK,,-100.0,261.04998779296875,-26104.998779296875
2026-01-14,delta_vega,option,2026-02-07|260.0|call,170.0,17000.0,4.6833018772490504,79616.13191323385
2026-01-14,delta_vega,option,2026-02-20|260.0|call,-172.0,-17200.0,5.924259792789684,-101897.26843598257
2026-01-14,delta_vega,stock,STOCK,,-400.0,259.9599914550781,-103983.99658203125
2026-01-15,delta_vega,option,2026-02-11|255.0|call,75.0,7500.0,6.563530799305312,49226.48099478984
2026-01-15,delta_vega,option,2026-02-07|260.0|call,-170.0,-17000.0,3.4895550380028197,-59322.43564604793
2026-01-15,delta_vega,stock,STOCK,,1500.0,258.2099914550781,387314.9871826172
2026-01-16,delta_vega,option,2026-02-11|255.0|call,-75.0,-7500.0,4.863872337903331,-36479.04253427498
2026-01-16,delta_vega,option,2026-02-04|255.0|call,27.0,2700.0,4.152513075315511,11211.78530335188
2026-01-16,delta_vega,stock,STOCK,,2100.0,255.52999877929688,536612.9974365234
2026-01-20,delta_vega,option,2026-02-04|255.0|call,-27.0,-2700.0,1.2766615005648774,-3446.986051525169
2026-01-20,delta_vega,stock,STOCK,,1000.0,246.6999969482422,246699.9969482422
2026-01-27,delta_vega,option_liquidation,2026-01-27|275.0|call,1000.0,100000.0,0.0,0.0
2026-01-27,delta_vega,base_entry_option,2026-02-26|260.0|call,-1000.0,-100000.0,4.328717603809082,-432871.7603809082
2026-01-27,delta_vega,option,2026-03-03|260.0|call,925.0,92500.0,4.77487750896465,441676.16957923013
2026-01-27,delta_vega,stock,STOCK,,2900.0,258.2699890136719,748982.9681396484
2026-01-28,delta_vega,option,2026-03-03|260.0|call,-925.0,-92500.0,3.873958452062894,-358341.1568158177
2026-01-28,delta_vega,option,2026-02-21|260.0|call,1109.0,110900.0,2.9720940036940817,329605.2250096737
2026-01-28,delta_vega,stock,STOCK,,-5800.0,256.44000244140625,-1487352.0141601562
2026-01-29,delta_vega,option,2026-02-18|260.0|call,1187.0,118700.0,3.4624432017642874,410992.0080494209
2026-01-29,delta_vega,option,2026-02-21|260.0|call,-1109.0,-110900.0,3.7899621627070275,-420306.80384420935
2026-01-29,delta_vega,stock,STOCK,,-4200.0,258.2799987792969,-1084775.9948730469
2026-01-30,delta_vega,option,2026-02-18|260.0|call,-1187.0,-118700.0,4.049605630269639,-480688.18831300613
2026-01-30,delta_vega,option,2026-02-25|260.0|call,1019.0,101900.0,4.835238939598952,492710.8479451332
2026-01-30,delta_vega,stock,STOCK,,6200.0,259.4800109863281,1608776.0681152344
2026-02-02,delta_vega,option,2026-02-23|270.0|call,674.0,67400.0,4.44912647975741,299871.12473564944
2026-02-02,delta_vega,option,2026-02-25|260.0|call,-1019.0,-101900.0,11.493581672138248,-1171195.9723908876
2026-02-02,delta_vega,stock,STOCK,,48600.0,270.010009765625,13122486.474609375
2026-02-03,delta_vega,option,2026-03-04|270.0|call,620.0,62000.0,5.522745261014251,342410.2061828835
2026-02-03,delta_vega,option,2026-02-23|270.0|call,-674.0,-67400.0,4.4807583201741465,-302003.1107797375
2026-02-03,delta_vega,stock,STOCK,,700.0,269.4800109863281,188636.0076904297
2026-02-04,delta_vega,option,2026-03-01|280.0|call,365.0,36500.0,4.082925772294871,149026.7906887628
2026-02-04,delta_vega,option,2026-03-04|270.0|call,-620.0,-62000.0,9.91787463452988,-614908.2273408526
2026-02-04,delta_vega,stock,STOCK,,27800.0,276.489990234375,7686421.728515625
2026-02-05,delta_vega,option,2026-03-01|280.0|call,-365.0,-36500.0,4.590603699192371,-167557.03502052155
2026-02-05,delta_vega,option,2026-03-07|270.0|call,454.0,45400.0,10.62232705956771,482253.648504374
2026-02-05,delta_vega,stock,STOCK,,-18100.0,275.9100036621094,-4993971.06628418
2026-02-06,delta_vega,option,2026-03-09|280.0|call,281.0,28100.0,6.055285378801187,170153.51914431335
2026-02-06,delta_vega,option,2026-03-07|270.0|call,-454.0,-45400.0,11.655061902407652,-529139.8103693074
2026-02-06,delta_vega,stock,STOCK,,20900.0,278.1199951171875,5812707.897949219
2026-02-09,delta_vega,option,2026-03-22|275.0|call,209.0,20900.0,6.681373684415121,139640.710004276
2026-02-09,delta_vega,option,2026-03-09|280.0|call,-281.0,-28100.0,3.3077725279441523,-92948.40803523068
2026-02-09,delta_vega,stock,STOCK,,3300.0,274.6199951171875,906245.9838867188
2026-02-10,delta_vega,option,2026-03-22|275.0|call,-209.0,-20900.0,6.269081787019104,-131023.80934869927
2026-02-10,delta_vega,option,2026-03-09|270.0|call,299.0,29900.0,7.678225652805793,229578.9470188932
2026-02-10,delta_vega,stock,STOCK,,-9200.0,273.67999267578125,-2517855.9326171875
2026-02-11,delta_vega,option,2026-03-09|270.0|call,-299.0,-29900.0,8.751476849008952,-261669.1577853677
2026-02-11,delta_vega,option,2026-03-12|270.0|call,205.0,20500.0,9.062027060980029,185771.55475009058
2026-02-11,delta_vega,stock,STOCK,,8000.0,275.5,2204000.0
2026-02-12,delta_vega,option,2026-03-12|270.0|call,-205.0,-20500.0,3.081051997871654,-63161.56595636891
2026-02-12,delta_vega,option,2026-03-13|260.0|call,691.0,69100.0,7.363461250194035,508815.17238840787
2026-02-12,delta_vega,stock,STOCK,,-62300.0,261.7300109863281,-16305779.684448242
2026-02-13,delta_vega,option,2026-03-23|255.0|call,550.0,55000.0,7.611600222812541,418638.01225468976
2026-02-13,delta_vega,option,2026-03-13|260.0|call,-691.0,-69100.0,4.25753536051684,-294195.69341171364
2026-02-13,delta_vega,stock,STOCK,,-13700.0,255.77999877929688,-3504185.983276367
2026-02-17,delta_vega,option,2026-03-23|255.0|call,-550.0,-55000.0,12.378923156785675,-680840.7736232121
2026-02-17,delta_vega,option,2026-03-24|265.0|call,446.0,44600.0,6.468669768409029,288502.6716710427
2026-02-17,delta_vega,stock,STOCK,,41800.0,263.8800048828125,11030184.204101562
2026-02-18,delta_vega,option,2026-03-24|265.0|call,-446.0,-44600.0,6.381436103492689,-284612.0502157739
2026-02-18,delta_vega,option,2026-03-23|260.0|call,435.0,43500.0,9.061590252017794,394179.175962774
2026-02-18,delta_vega,stock,STOCK,,-1700.0,264.3500061035156,-449395.01037597656
2026-02-19,delta_vega,option,2026-03-18|260.0|call,509.0,50900.0,6.307482106989312,321050.839245756
2026-02-19,delta_vega,option,2026-03-23|260.0|call,-435.0,-43500.0,6.879830587250353,-299272.63054539036
2026-02-19,delta_vega,stock,STOCK,,-18300.0,260.5799865722656,-4768613.754272461
2026-02-20,delta_vega,option,2026-03-22|260.0|call,364.0,36400.0,8.741346641995108,318185.0177686219
2026-02-20,delta_vega,option,2026-03-18|260.0|call,-509.0,-50900.0,8.308051456142948,-422879.81911767606
2026-02-20,delta_vega,stock,STOCK,,26800.0,264.5799865722656,7090743.640136719
2026-02-23,delta_vega,option,2026-03-23|270.0|call,149.0,14900.0,4.773311266963489,71122.33787775598
2026-02-23,delta_vega,option,2026-03-22|260.0|call,-364.0,-36400.0,10.003682797571145,-364134.05383158964
2026-02-23,delta_vega,stock,STOCK,,29600.0,266.17999267578125,7878927.783203125
2026-02-24,delta_vega,option,2026-03-23|270.0|call,-149.0,-14900.0,7.229811477728134,-107724.1910181492
2026-02-24,delta_vega,option,2026-03-20|270.0|call,2.0,200.0,6.862220384749094,1372.4440769498187
2026-02-24,delta_vega,stock,STOCK,,16500.0,272.1400146484375,4490310.241699219
2026-02-25,delta_vega,option,2026-03-20|270.0|call,-2.0,-200.0,7.628046136594179,-1525.6092273188358
2026-02-25,delta_vega,stock,STOCK,,200.0,274.2300109863281,54846.002197265625
2026-02-26,delta_vega,option_liquidation,2026-02-26|260.0|call,1000.0,100000.0,12.95001220703125,1295001.220703125
2026-02-26,delta_vega,stock_liquidation,STOCK,,-100000.0,272.95001220703125,-27295001.220703125
2026-02-26,delta_vega,base_entry_option,2026-03-27|275.0|call,-1000.0,-100000.0,5.07873293180873,-507873.29318087304
2026-02-26,delta_vega,option,2026-03-22|275.0|call,1101.0,110100.0,4.50107258245238,495568.09132800705
2026-02-26,delta_vega,stock,STOCK,,-3900.0,272.95001220703125,-1064505.0476074219
2026-02-27,delta_vega,option,2026-03-22|275.0|call,-1101.0,-110100.0,1.7476671970479742,-192418.15839498196
2026-02-27,delta_vega,option,2026-03-24|265.0|call,856.0,85600.0,5.342325855334025,457303.0932165925
2026-02-27,delta_vega,stock,STOCK,,-13400.0,264.17999267578125,-3540011.9018554688
2026-03-02,delta_vega,option,2026-03-24|265.0|call,-856.0,-85600.0,5.644944298706321,-483207.2319692611
2026-03-02,delta_vega,option,2026-03-30|260.0|call,842.0,84200.0,9.259623067742865,779660.2623039492
2026-03-02,delta_vega,stock,STOCK,,-9800.0,264.7200012207031,-2594256.0119628906
2026-03-03,delta_vega,option,2026-04-03|260.0|call,755.0,75500.0,9.627110103070407,726846.8127818158
2026-03-03,delta_vega,option,2026-03-30|260.0|call,-842.0,-84200.0,9.100772892284539,-766285.0775303582
2026-03-03,delta_vega,stock,STOCK,,7800.0,263.75,2057250.0
2026-03-04,delta_vega,option,2026-04-03|260.0|call,-755.0,-75500.0,8.042815252819253,-607232.5515878536
2026-03-04,delta_vega,option,2026-04-08|265.0|call,589.0,58900.0,6.094874150322525,358988.0874539967
2026-03-04,delta_vega,stock,STOCK,,12500.0,262.5199890136719,3281499.8626708984
2026-03-05,delta_vega,option,2026-03-30|260.0|call,645.0,64500.0,6.858250085641913,442357.1305239034
2026-03-05,delta_vega,option,2026-04-08|265.0|call,-589.0,-58900.0,5.819236110757117,-342753.0069235942
2026-03-05,delta_vega,stock,STOCK,,-8400.0,260.2900085449219,-2186436.0717773438
2026-03-06,delta_vega,option,2026-03-30|260.0|call,-645.0,-64500.0,6.830866635526874,-440590.8979914834
2026-03-06,delta_vega,option,2026-04-02|260.0|call,612.0,61200.0,7.340373689647151,449230.8698064057
2026-03-06,delta_vega,stock,STOCK,,5500.0,257.4599914550781,1416029.9530029297
2026-03-09,delta_vega,option,2026-04-05|260.0|call,530.0,53000.0,7.411883293402752,392829.8145503459
2026-03-09,delta_vega,option,2026-04-02|260.0|call,-612.0,-61200.0,6.961064895327382,-426017.1715940358
2026-03-09,delta_vega,stock,STOCK,,-500.0,259.8800048828125,-129940.00244140625
2026-03-10,delta_vega,option,2026-04-03|260.0|call,555.0,55500.0,7.322788605161037,406414.7675864375
2026-03-10,delta_vega,option,2026-04-05|260.0|call,-530.0,-53000.0,7.620569550611293,-403890.1861823985
2026-03-10,delta_vega,stock,STOCK,,-2200.0,260.8299865722656,-573825.9704589844
2026-03-11,delta_vega,option,2026-04-03|260.0|call,-555.0,-55500.0,6.9778709462411825,-387271.83751638565
2026-03-11,delta_vega,option,2026-04-17|260.0|call,409.0,40900.0,8.86209363767469,362459.6297808948
2026-03-11,delta_vega,stock,STOCK,,6300.0,260.80999755859375,1643102.9846191406
2026-03-12,delta_vega,option,2026-04-13|255.0|call,319.0,31900.0,8.975609743600984,286321.9508208714
2026-03-12,delta_vega,option,2026-04-17|260.0|call,-409.0,-40900.0,7.243899106582859,-296275.47345923894
2026-03-12,delta_vega,stock,STOCK,,-500.0,255.75999450683594,-127879.99725341797
2026-03-13,delta_vega,option,2026-04-13|255.0|call,-319.0,-31900.0,6.088409841239553,-194220.27393554174
2026-03-13,delta_vega,option,2026-04-21|250.0|call,143.0,14300.0,9.35535416017531,133781.56449050692
2026-03-13,delta_vega,stock,STOCK,,3500.0,250.1199951171875,875419.9829101562
2026-03-16,delta_vega,option,2026-04-13|250.0|call,90.0,9000.0,8.384417694063842,75459.75924657458
2026-03-16,delta_vega,option,2026-04-21|250.0|call,-143.0,-14300.0,9.358189399103566,-133822.108407181
2026-03-16,delta_vega,stock,STOCK,,100.0,252.82000732421875,25282.000732421875
2026-03-17,delta_vega,option,2026-04-18|250.0|call,72.0,7200.0,9.425432651910597,67863.1150937563
2026-03-17,delta_vega,option,2026-04-13|250.0|call,-90.0,-9000.0,8.830255933055895,-79472.30339750306
2026-03-17,delta_vega,stock,STOCK,,500.0,254.22999572753906,127114.99786376953
2026-03-18,delta_vega,option,2026-04-18|250.0|call,-72.0,-7200.0,7.584251655514251,-54606.611919702606
2026-03-18,delta_vega,option,2026-04-26|250.0|call,31.0,3100.0,8.57551652026622,26584.10121282528
2026-03-18,delta_vega,stock,STOCK,,1800.0,249.94000244140625,449892.00439453125
2026-03-19,delta_vega,option,2026-04-26|250.0|call,-31.0,-3100.0,7.624873391488819,-23637.107513615338
2026-03-19,delta_vega,option,2026-04-15|250.0|call,14.0,1400.0,6.2724923776589065,8781.48932872247
2026-03-19,delta_vega,stock,STOCK,,300.0,248.9600067138672,74688.00201416016
2026-03-20,delta_vega,option,2026-04-22|250.0|call,12.0,1200.0,7.374035061945932,8848.842074335118
2026-03-20,delta_vega,option,2026-04-15|250.0|call,-14.0,-1400.0,6.390150287761173,-8946.210402865643
2026-03-20,delta_vega,stock,STOCK,,200.0,247.99000549316406,49598.00109863281
2026-03-23,delta_vega,option,2026-04-22|250.0|call,-12.0,-1200.0,8.610220513472171,-10332.264616166605
2026-03-23,delta_vega,option,2026-04-29|250.0|call,2.0,200.0,9.53217679705898,1906.435359411796
2026-03-23,delta_vega,stock,STOCK,,200.0,251.49000549316406,50298.00109863281
2026-03-24,delta_vega,option,2026-04-16|250.0|call,1.0,100.0,7.871809201283526,787.1809201283526
2026-03-24,delta_vega,option,2026-04-29|250.0|call,-2.0,-200.0,9.74218483860679,-1948.4369677213579
2026-03-25,delta_vega,option,2026-04-16|250.0|call,-1.0,-100.0,7.890819608961891,-789.0819608961891
2026-03-27,delta_vega,option_liquidation,2026-03-27|275.0|call,1000.0,100000.0,0.0,0.0
2026-03-27,delta_vega,base_entry_option,2026-04-26|250.0|call,-1000.0,-100000.0,8.573546560393652,-857354.6560393652
2026-03-27,delta_vega,option,2026-04-24|250.0|call,1035.0,103500.0,8.247237211930553,853589.0514348123
2026-03-27,delta_vega,stock,STOCK,,-1600.0,248.8000030517578,-398080.0048828125
2026-03-30,delta_vega,option,2026-04-24|250.0|call,-1035.0,-103500.0,6.600039314545583,-683104.0690554678
2026-03-30,delta_vega,option,2026-04-30|250.0|call,932.0,93200.0,7.567940086034184,705332.016018386
2026-03-30,delta_vega,stock,STOCK,,4200.0,246.6300048828125,1035846.0205078125
2026-03-31,delta_vega,option,2026-04-30|250.0|call,-932.0,-93200.0,9.718068546901037,-905723.9885711767
2026-03-31,delta_vega,option,2026-04-18|255.0|call,1153.0,115300.0,5.262253591297309,606737.8390765798
2026-03-31,delta_vega,stock,STOCK,,2500.0,253.7899932861328,634474.983215332
2026-04-01,delta_vega,option,2026-04-18|255.0|call,-1153.0,-115300.0,5.875904019385615,-677491.7334351614
2026-04-01,delta_vega,option,2026-04-21|255.0|call,1033.0,103300.0,6.370368473633448,658059.0633263352
2026-04-01,delta_vega,stock,STOCK,,5000.0,255.6300048828125,1278150.0244140625
2026-04-02,delta_vega,option,2026-04-21|255.0|call,-1033.0,-103300.0,6.215080802921335,-642017.8469417739
2026-04-02,delta_vega,option,2026-04-20|255.0|call,1054.0,105400.0,6.0545037285893955,638144.6929933223
2026-04-02,delta_vega,stock,STOCK,,-800.0,255.9199981689453,-204735.99853515625
2026-04-06,delta_vega,option,2026-04-20|255.0|call,-1054.0,-105400.0,7.1990167272119265,-758776.363048137
2026-04-06,delta_vega,option,2026-04-29|260.0|call,745.0,74500.0,5.951409650337467,443380.0189501413
2026-04-06,delta_vega,stock,STOCK,,28600.0,258.8599853515625,7403395.5810546875
2026-04-07,delta_vega,option,2026-05-03|255.0|call,819.0,81900.0,6.511404089190677,533283.9949047164
2026-04-07,delta_vega,option,2026-04-29|260.0|call,-745.0,-74500.0,3.9330850414042686,-293014.83558461803
2026-04-07,delta_vega,stock,STOCK,,-16700.0,253.5,-4233450.0
2026-04-08,delta_vega,option,2026-05-03|255.0|call,-819.0,-81900.0,8.145138458757003,-667086.8397721986
2026-04-08,delta_vega,option,2026-04-29|260.0|call,672.0,67200.0,4.891920696951871,328737.07083516574
2026-04-08,delta_vega,stock,STOCK,,24700.0,258.8999938964844,6394829.849243164
2026-04-09,delta_vega,option,2026-05-07|260.0|call,463.0,46300.0,6.1635741936567,285373.4851663052
2026-04-09,delta_vega,option,2026-04-29|260.0|call,-672.0,-67200.0,5.192928526402142,-348964.7969742239
2026-04-09,delta_vega,stock,STOCK,,13700.0,260.489990234375,3568712.8662109375
2026-04-10,delta_vega,option,2026-05-05|260.0|call,455.0,45500.0,5.740732125526563,261203.3117114586
2026-04-10,delta_vega,option,2026-05-07|260.0|call,-463.0,-46300.0,5.971604853629373,-276485.30472303997
2026-04-10,delta_vega,stock,STOCK,,1500.0,260.4800109863281,390720.0164794922
2025-12-15,delta_theta,base_entry_option,2026-01-27|275.0|call,-1000.0,-100000.0,6.267894862124081,-626789.486212408
2025-12-15,delta_theta,option,2026-01-12|270.0|call,862.0,86200.0,7.693684992919231,663195.6463896377
2025-12-15,delta_theta,stock,STOCK,,-5200.0,274.1099853515625,-1425371.923828125
2025-12-16,delta_theta,option,2026-01-28|275.0|call,1010.0,101000.0,6.517994154389243,658317.4095933135
2025-12-16,delta_theta,option,2026-01-12|270.0|call,-862.0,-86200.0,7.925073087589681,-683141.3001502305
2025-12-16,delta_theta,stock,STOCK,,4600.0,274.6099853515625,1263205.9326171875
2025-12-17,delta_theta,option,2026-01-17|270.0|call,875.0,87500.0,6.9130342340622235,604890.4954804445
2025-12-17,delta_theta,option,2026-01-28|275.0|call,-1010.0,-101000.0,5.513203506812957,-556833.5541881087
2025-12-17,delta_theta,stock,STOCK,,-4600.0,271.8399963378906,-1250463.9831542969
2025-12-18,delta_theta,option,2026-01-22|270.0|call,935.0,93500.0,7.27074988068253,679815.1138438166
2025-12-18,delta_theta,option,2026-01-17|270.0|call,-875.0,-87500.0,6.78726375075874,-593885.5781913898
2025-12-18,delta_theta,stock,STOCK,,-4100.0,272.19000244140625,-1115979.0100097656
2025-12-19,delta_theta,option,2026-01-22|270.0|call,-935.0,-93500.0,7.477608866444257,-699156.429012538
2025-12-19,delta_theta,option,2026-01-12|270.0|call,843.0,84300.0,6.584120297978984,555041.3411196284
2025-12-19,delta_theta,stock,STOCK,,3000.0,273.6700134277344,821010.0402832031
2025-12-22,delta_theta,option,2026-01-26|270.0|call,935.0,93500.0,5.636831618447843,527043.7563248733
2025-12-22,delta_theta,option,2026-01-12|270.0|call,-843.0,-84300.0,4.395322942355506,-370525.72404056916
2025-12-22,delta_theta,stock,STOCK,,-6300.0,270.9700012207031,-1707111.0076904297
2025-12-23,delta_theta,option,2026-01-23|270.0|call,936.0,93600.0,6.114670946585846,572333.2006004353
2025-12-23,delta_theta,option,2026-01-26|270.0|call,-935.0,-93500.0,6.36096078605479,-594749.8334961229
2025-12-23,delta_theta,stock,STOCK,,-400.0,272.3599853515625,-108943.994140625
2025-12-24,delta_theta,option,2026-01-23|270.0|call,-936.0,-93600.0,6.817474031207837,-638115.5693210536
2025-12-24,delta_theta,option,2026-01-28|270.0|call,1037.0,103700.0,7.206885952567546,747354.0732812545
2025-12-24,delta_theta,stock,STOCK,,-6500.0,273.80999755859375,-1779764.9841308594
2025-12-26,delta_theta,option,2026-01-29|275.0|call,1025.0,102500.0,4.147520211645173,425120.8216936302
2025-12-26,delta_theta,option,2026-01-28|270.0|call,-1037.0,-103700.0,6.81890848818162,-707120.810224434
2025-12-26,delta_theta,stock,STOCK,,18000.0,273.3999938964844,4921199.890136719
2025-12-29,delta_theta,option,2026-01-29|275.0|call,-1025.0,-102500.0,4.269012099609824,-437573.740210007
2025-12-29,delta_theta,option,2026-01-28|270.0|call,1043.0,104300.0,6.990426293548069,729101.4624170635
2025-12-29,delta_theta,stock,STOCK,,-18900.0,273.760009765625,-5174064.1845703125
2025-12-30,delta_theta,option,2026-01-28|270.0|call,-1043.0,-104300.0,6.496673865892774,-677603.0842126163
2025-12-30,delta_theta,option,2026-01-26|270.0|call,993.0,99300.0,6.320622229467858,627637.7873861584
2025-12-30,delta_theta,stock,STOCK,,2600.0,273.0799865722656,710007.9650878906
2025-12-31,delta_theta,option,2026-01-26|270.0|call,-993.0,-99300.0,5.640379346716344,-560089.669128933
2025-12-31,delta_theta,option,2026-01-30|275.0|call,1042.0,104200.0,3.5593524279892534,370884.5229964802
2025-12-31,delta_theta,stock,STOCK,,15300.0,271.8599853515625,4159457.7758789062
2026-01-02,delta_theta,option,2026-02-08|270.0|call,1098.0,109800.0,5.965764683392933,655040.9622365441
2026-01-02,delta_theta,option,2026-01-30|275.0|call,-1042.0,-104200.0,2.912856723361216,-303519.6705742387
2026-01-02,delta_theta,stock,STOCK,,-22000.0,271.010009765625,-5962220.21484375
2026-01-05,delta_theta,option,2026-02-05|265.0|call,877.0,87700.0,6.231604700291655,546511.7322155781
2026-01-05,delta_theta,option,2026-02-08|270.0|call,-1098.0,-109800.0,3.95897315776638,-434695.2527227485
2026-01-05,delta_theta,stock,STOCK,,-4900.0,267.260009765625,-1309574.0478515625
2026-01-06,delta_theta,option,2026-02-05|265.0|call,-877.0,-87700.0,3.5328133445239445,-309827.73031474993
2026-01-06,delta_theta,option,2026-02-08|260.0|call,535.0,53500.0,6.324625521263556,338367.46538760024
2026-01-06,delta_theta,stock,STOCK,,7200.0,262.3599853515625,1888991.89453125
2026-01-07,delta_theta,option,2026-02-10|260.0|call,425.0,42500.0,5.4191543298828435,230314.05902002085
2026-01-07,delta_theta,option,2026-02-08|260.0|call,-535.0,-53500.0,5.24849402201653,-280794.43017788435
2026-01-07,delta_theta,stock,STOCK,,6600.0,260.3299865722656,1718177.9113769531
2026-01-08,delta_theta,option,2026-01-30|260.0|call,279.0,27900.0,3.6739008873241232,102501.83475634304
2026-01-08,delta_theta,option,2026-02-10|260.0|call,-425.0,-42500.0,4.685356814065074,-199127.66459776563
2026-01-08,delta_theta,stock,STOCK,,7300.0,259.0400085449219,1890992.0623779297
2026-01-09,delta_theta,option,2026-01-30|260.0|call,-279.0,-27900.0,3.4964112169516284,-97549.87295295043
2026-01-09,delta_theta,option,2026-02-14|260.0|call,285.0,28500.0,4.789489128262176,136500.440155472
2026-01-09,delta_theta,stock,STOCK,,-2200.0,259.3699951171875,-570613.9892578125
2026-01-12,delta_theta,option,2026-02-01|260.0|call,245.0,24500.0,4.005183589233553,98126.99793622205
2026-01-12,delta_theta,option,2026-02-14|260.0|call,-285.0,-28500.0,5.211964672315673,-148540.9931609967
2026-01-12,delta_theta,stock,STOCK,,1600.0,260.25,416400.0
2026-01-13,delta_theta,option,2026-02-01|260.0|call,-245.0,-24500.0,4.548787188581002,-111445.28612023455
2026-01-13,delta_theta,option,2026-02-04|260.0|call,329.0,32900.0,4.873793050889844,160347.79137427587
2026-01-13,delta_theta,stock,STOCK,,-4200.0,261.04998779296875,-1096409.9487304688
2026-01-14,delta_theta,option,2026-02-09|260.0|call,303.0,30300.0,4.890174554453893,148172.28899995296
2026-01-14,delta_theta,option,2026-02-04|260.0|call,-329.0,-32900.0,4.358447557643103,-143392.9246464581
2026-01-14,delta_theta,stock,STOCK,,1500.0,259.9599914550781,389939.9871826172
2026-01-15,delta_theta,option,2026-02-09|260.0|call,-303.0,-30300.0,3.685742194382442,-111677.988489788
2026-01-15,delta_theta,option,2026-02-11|260.0|call,147.0,14700.0,3.875542456941062,56970.47411703361
2026-01-15,delta_theta,stock,STOCK,,6400.0,258.2099914550781,1652543.9453125
2026-01-16,delta_theta,option,2026-02-10|255.0|call,49.0,4900.0,4.76779627614647,23362.2017531177
2026-01-16,delta_theta,option,2026-02-11|260.0|call,-147.0,-14700.0,2.685330520420564,-39474.358650182294
2026-01-16,delta_theta,stock,STOCK,,3000.0,255.52999877929688,766589.9963378906
2026-01-20,delta_theta,option,2026-02-10|255.0|call,-49.0,-4900.0,1.8993385266905989,-9306.758780783934
2026-01-20,delta_theta,option,2026-02-10|245.0|call,1.0,100.0,5.854958985803449,585.4958985803449
2026-01-20,delta_theta,stock,STOCK,,2100.0,246.6999969482422,518069.9935913086
2026-01-21,delta_theta,option,2026-02-10|245.0|call,-1.0,-100.0,5.6016482316800875,-560.1648231680088
2026-01-21,delta_theta,stock,STOCK,,100.0,247.64999389648438,24764.999389648438
2026-01-27,delta_theta,option_liquidation,2026-01-27|275.0|call,1000.0,100000.0,0.0,0.0
2026-01-27,delta_theta,base_entry_option,2026-02-26|260.0|call,-1000.0,-100000.0,4.328717603809082,-432871.7603809082
2026-01-27,delta_theta,option,2026-02-22|255.0|call,957.0,95700.0,6.6416218722529266,635603.213174605
2026-01-27,delta_theta,stock,STOCK,,-14000.0,258.2699890136719,-3615779.8461914062
2026-01-28,delta_theta,option,2026-02-22|255.0|call,-957.0,-95700.0,5.417235171009651,-518429.40586562356
2026-01-28,delta_theta,option,2026-03-04|260.0|call,1076.0,107600.0,3.958164284569847,425898.47701971553
2026-01-28,delta_theta,stock,STOCK,,9400.0,256.44000244140625,2410536.0229492188
2026-01-29,delta_theta,option,2026-03-05|260.0|call,1099.0,109900.0,4.950273282419261,544035.0337378767
2026-01-29,delta_theta,option,2026-03-04|260.0|call,-1076.0,-107600.0,4.860685165016093,-523009.72375573165
2026-01-29,delta_theta,stock,STOCK,,-1100.0,258.2799987792969,-284107.99865722656
2026-01-30,delta_theta,option,2026-03-05|260.0|call,-1099.0,-109900.0,5.628048123570466,-618522.4887803942
2026-01-30,delta_theta,option,2026-02-22|260.0|call,932.0,93200.0,4.51144602446864,420466.76948047726
2026-01-30,delta_theta,stock,STOCK,,9500.0,259.4800109863281,2465060.104370117
2026-02-02,delta_theta,option,2026-03-01|270.0|call,776.0,77600.0,5.0922912476614215,395161.8008185263
2026-02-02,delta_theta,option,2026-02-22|260.0|call,-932.0,-93200.0,11.255654204926572,-1049026.9718991565
2026-02-02,delta_theta,stock,STOCK,,38300.0,270.010009765625,10341383.374023438
2026-02-03,delta_theta,option,2026-03-01|270.0|call,-776.0,-77600.0,5.193413642471711,-403008.89865580475
2026-02-03,delta_theta,option,2026-03-06|270.0|call,893.0,89300.0,5.734218870254068,512065.7451136883
2026-02-03,delta_theta,stock,STOCK,,-7900.0,269.4800109863281,-2128892.086791992
2026-02-04,delta_theta,option,2026-03-06|270.0|call,-893.0,-89300.0,10.128141422681125,-904443.0290454244
2026-02-04,delta_theta,option,2026-03-02|280.0|call,566.0,56600.0,4.199605494336012,237697.6709794183
2026-02-04,delta_theta,stock,STOCK,,33300.0,276.489990234375,9207116.674804688
2026-02-05,delta_theta,option,2026-03-08|275.0|call,709.0,70900.0,7.812100567741226,553877.9302528528
2026-02-05,delta_theta,option,2026-03-02|280.0|call,-566.0,-56600.0,4.72709888100043,-267553.7966646243
2026-02-05,delta_theta,stock,STOCK,,-18400.0,275.9100036621094,-5076744.0673828125
2026-02-06,delta_theta,option,2026-03-09|275.0|call,575.0,57500.0,8.659474155357287,497919.76393304404
2026-02-06,delta_theta,option,2026-03-08|275.0|call,-709.0,-70900.0,8.539940004255726,-605481.746301731
2026-02-06,delta_theta,stock,STOCK,,8800.0,278.1199951171875,2447455.95703125
2026-02-09,delta_theta,option,2026-03-09|275.0|call,-575.0,-57500.0,5.3976216849078185,-310363.24688219954
2026-02-09,delta_theta,option,2026-03-14|270.0|call,630.0,63000.0,8.778877406780936,553069.2766271989
2026-02-09,delta_theta,stock,STOCK,,-5900.0,274.6199951171875,-1620257.9711914062
2026-02-10,delta_theta,option,2026-03-12|270.0|call,656.0,65600.0,7.9961573466137,524547.9219378587
2026-02-10,delta_theta,option,2026-03-14|270.0|call,-630.0,-63000.0,8.201129938951567,-516671.1861539487
2026-02-10,delta_theta,stock,STOCK,,-1300.0,273.67999267578125,-355783.9904785156
2026-02-11,delta_theta,option,2026-03-16|280.0|call,567.0,56700.0,4.231652993024852,239934.7247045091
2026-02-11,delta_theta,option,2026-03-12|270.0|call,-656.0,-65600.0,9.062027060980029,-594468.9752002899
2026-02-11,delta_theta,stock,STOCK,,21100.0,275.5,5813050.0
2026-02-12,delta_theta,option,2026-03-16|280.0|call,-567.0,-56700.0,1.3403905436831565,-76000.14382683497
2026-02-12,delta_theta,option,2026-03-11|260.0|call,1339.0,133900.0,7.123131753776477,953787.3418306703
2026-02-12,delta_theta,stock,STOCK,,-90200.0,261.7300109863281,-23608046.990966797
2026-02-13,delta_theta,option,2026-03-26|255.0|call,1543.0,154300.0,7.913447695834861,1221044.979467319
2026-02-13,delta_theta,option,2026-03-11|260.0|call,-1339.0,-133900.0,4.028673929991072,-539439.4392258045
2026-02-13,delta_theta,stock,STOCK,,-31200.0,255.77999877929688,-7980335.9619140625
2026-02-17,delta_theta,option,2026-03-26|255.0|call,-1543.0,-154300.0,12.666039455777224,-1954369.8880264256
2026-02-17,delta_theta,option,2026-03-20|260.0|call,1633.0,163300.0,8.742386735168623,1427631.753853036
2026-02-17,delta_theta,stock,STOCK,,16700.0,263.8800048828125,4406796.081542969
2026-02-18,delta_theta,option,2026-03-20|260.0|call,-1633.0,-163300.0,8.742020637874816,-1427571.9701649575
2026-02-18,delta_theta,option,2026-03-24|265.0|call,1670.0,167000.0,6.381436103492689,1065699.8292832791
2026-02-18,delta_theta,stock,STOCK,,19900.0,264.3500061035156,5260565.121459961
2026-02-19,delta_theta,option,2026-03-24|265.0|call,-1670.0,-167000.0,4.731882295467059,-790224.3433429989
2026-02-19,delta_theta,option,2026-03-23|260.0|call,1998.0,199800.0,6.879830587250353,1374590.1513326205
2026-02-19,delta_theta,stock,STOCK,,-41200.0,260.5799865722656,-10735895.446777344
2026-02-20,delta_theta,option,2026-03-23|265.0|call,1683.0,168300.0,6.009795782760904,1011448.63023866
2026-02-20,delta_theta,option,2026-03-23|260.0|call,-1998.0,-199800.0,8.846118024203463,-1767454.381235852
2026-02-20,delta_theta,stock,STOCK,,44400.0,264.5799865722656,11747351.403808594
2026-02-23,delta_theta,option,2026-03-25|265.0|call,1442.0,144200.0,7.3470652559236385,1059446.8099041886
2026-02-23,delta_theta,option,2026-03-23|265.0|call,-1683.0,-168300.0,7.103816003237398,-1195572.233344854
2026-02-23,delta_theta,stock,STOCK,,19100.0,266.17999267578125,5084037.860107422
2026-02-24,delta_theta,option,2026-03-23|270.0|call,207.0,20700.0,7.229811477728134,149657.09758897236
2026-02-24,delta_theta,option,2026-03-25|265.0|call,-1442.0,-144200.0,10.625894381603871,-1532253.9698272783
2026-02-24,delta_theta,stock,STOCK,,78500.0,272.1400146484375,21362991.149902344
2026-02-25,delta_theta,option,2026-03-27|270.0|call,214.0,21400.0,8.392081907275326,179590.55281569198
2026-02-25,delta_theta,option,2026-03-23|270.0|call,-207.0,-20700.0,7.965116498825495,-164877.91152568776
2026-02-25,delta_theta,stock,STOCK,,-1600.0,274.2300109863281,-438768.017578125
2026-02-26,delta_theta,option_liquidation,2026-02-26|260.0|call,1000.0,100000.0,12.95001220703125,1295001.220703125
2026-02-26,delta_theta,option_liquidation,2026-03-27|270.0|call,-214.0,-21400.0,7.6799761323420626,-164351.48923212013
2026-02-26,delta_theta,stock_liquidation,STOCK,,-86200.0,272.95001220703125,-23528291.052246094
2026-02-26,delta_theta,base_entry_option,2026-03-27|275.0|call,-1000.0,-100000.0,5.07873293180873,-507873.29318087304
2026-02-26,delta_theta,option,2026-03-23|270.0|call,944.0,94400.0,7.224418295886096,681985.0871316475
2026-02-26,delta_theta,stock,STOCK,,-10700.0,272.95001220703125,-2920565.1306152344
2026-02-27,delta_theta,option,2026-03-23|270.0|call,-944.0,-94400.0,3.205873761582936,-302634.4830934291
2026-02-27,delta_theta,option,2026-04-02|265.0|call,860.0,86000.0,6.369856311717484,547807.6428077037
2026-02-27,delta_theta,stock,STOCK,,-7500.0,264.17999267578125,-1981349.9450683594
2026-03-02,delta_theta,option,2026-04-01|260.0|call,914.0,91400.0,9.497976106799939,868115.0161615144
2026-03-02,delta_theta,option,2026-04-02|265.0|call,-860.0,-86000.0,6.803471760324356,-585098.5713878947
2026-03-02,delta_theta,stock,STOCK,,-13200.0,264.7200012207031,-3494304.0161132812
2026-03-03,delta_theta,option,2026-04-09|265.0|call,987.0,98700.0,7.719762620447895,761940.5706382073
2026-03-03,delta_theta,option,2026-04-01|260.0|call,-914.0,-91400.0,9.36776040432494,-856213.3009552995
2026-03-03,delta_theta,stock,STOCK,,8200.0,263.75,2162750.0
2026-03-04,delta_theta,option,2026-04-09|265.0|call,-987.0,-98700.0,6.204785228402159,-612412.302043293
2026-03-04,delta_theta,option,2026-04-09|260.0|call,871.0,87100.0,8.72360287561392,759825.8104659725
2026-03-04,delta_theta,stock,STOCK,,-6900.0,262.5199890136719,-1811387.924194336
2026-03-05,delta_theta,option,2026-04-09|260.0|call,-871.0,-87100.0,8.17335363452193,-711899.1015668601
2026-03-05,delta_theta,option,2026-03-25|260.0|call,645.0,64500.0,6.112290940256315,394242.76564653235
2026-03-05,delta_theta,stock,STOCK,,15100.0,260.2900085449219,3930379.1290283203
2026-03-06,delta_theta,option,2026-04-10|260.0|call,872.0,87200.0,8.58815620345834,748887.2209415672
2026-03-06,delta_theta,option,2026-03-25|260.0|call,-645.0,-64500.0,5.913622470295962,-381428.6493340896
2026-03-06,delta_theta,stock,STOCK,,-8000.0,257.4599914550781,-2059679.931640625
2026-03-09,delta_theta,option,2026-04-10|260.0|call,-872.0,-87200.0,8.116271515703517,-707738.8761693466
2026-03-09,delta_theta,option,2026-04-07|260.0|call,796.0,79600.0,7.70006724563811,612925.3527527936
2026-03-09,delta_theta,stock,STOCK,,-1200.0,259.8800048828125,-311856.005859375
2026-03-10,delta_theta,option,2026-04-05|260.0|call,786.0,78600.0,7.620569550611293,598976.7666780476
2026-03-10,delta_theta,option,2026-04-07|260.0|call,-796.0,-79600.0,7.908309584989922,-629501.4429651978
2026-03-10,delta_theta,stock,STOCK,,-800.0,260.8299865722656,-208663.9892578125
2026-03-11,delta_theta,option,2026-04-05|260.0|call,-786.0,-78600.0,7.2732987439024726,-571681.2812707344
2026-03-11,delta_theta,option,2026-04-01|260.0|call,690.0,69000.0,6.670721051629101,460279.752562408
2026-03-11,delta_theta,stock,STOCK,,3700.0,260.80999755859375,964996.9909667969
2026-03-12,delta_theta,option,2026-04-10|255.0|call,623.0,62300.0,8.539772356824301,532027.817830154
2026-03-12,delta_theta,option,2026-04-01|260.0|call,-690.0,-69000.0,4.843397088009837,-334194.39907267876
2026-03-12,delta_theta,stock,STOCK,,-1800.0,255.75999450683594,-460367.9901123047
2026-03-13,delta_theta,option,2026-04-10|255.0|call,-623.0,-62300.0,5.665751274780106,-352976.30441880063
2026-03-13,delta_theta,option,2026-04-08|250.0|call,315.0,31500.0,7.557703873559163,238067.67201711363
2026-03-13,delta_theta,stock,STOCK,,10900.0,250.1199951171875,2726307.9467773438
2026-03-16,delta_theta,option,2026-04-19|255.0|call,232.0,23200.0,6.5836039116791625,152739.61075095658
2026-03-16,delta_theta,option,2026-04-08|250.0|call,-315.0,-31500.0,7.714034242234334,-242992.07863038153
2026-03-16,delta_theta,stock,STOCK,,3400.0,252.82000732421875,859588.0249023438
2026-03-17,delta_theta,option,2026-04-17|255.0|call,202.0,20200.0,6.568795764869563,132689.6744503652
2026-03-17,delta_theta,option,2026-04-19|255.0|call,-232.0,-23200.0,6.804687492478024,-157868.74982549017
2026-03-17,delta_theta,stock,STOCK,,500.0,254.22999572753906,127114.99786376953
2026-03-18,delta_theta,option,2026-04-17|255.0|call,-202.0,-20200.0,5.282195806432583,-106700.35528993818
2026-03-18,delta_theta,option,2026-04-21|250.0|call,118.0,11800.0,7.967846551548462,94020.58930827185
2026-03-18,delta_theta,stock,STOCK,,3000.0,249.94000244140625,749820.0073242188
2026-03-19,delta_theta,option,2026-04-21|250.0|call,-118.0,-11800.0,7.034942903169124,-83012.32625739567
2026-03-19,delta_theta,option,2026-04-15|250.0|call,45.0,4500.0,6.2724923776589065,28226.21569946508
2026-03-19,delta_theta,stock,STOCK,,3400.0,248.9600067138672,846464.0228271484
2026-03-20,delta_theta,option,2026-04-21|250.0|call,53.0,5300.0,7.239537268468936,38369.54752288536
2026-03-20,delta_theta,option,2026-04-15|250.0|call,-45.0,-4500.0,6.390150287761173,-28755.67629492528
2026-03-20,delta_theta,stock,STOCK,,-300.0,247.99000549316406,-74397.00164794922
2026-03-23,delta_theta,option,2026-04-29|250.0|call,17.0,1700.0,9.53217679705898,16204.700555000267
2026-03-23,delta_theta,option,2026-04-21|250.0|call,-53.0,-5300.0,8.471074869603115,-44896.69680889651
2026-03-23,delta_theta,stock,STOCK,,1300.0,251.49000549316406,326937.0071411133
2026-03-24,delta_theta,option,2026-04-22|255.0|call,5.0,500.0,6.403041374557134,3201.520687278567
2026-03-24,delta_theta,option,2026-04-29|250.0|call,-17.0,-1700.0,9.74218483860679,-16561.714225631542
2026-03-24,delta_theta,stock,STOCK,,700.0,251.63999938964844,176147.9995727539
2026-03-25,delta_theta,option,2026-04-22|255.0|call,-5.0,-500.0,6.255590552577246,-3127.795276288623
2026-03-25,delta_theta,stock,STOCK,,200.0,252.6199951171875,50523.9990234375
2026-03-27,delta_theta,option_liquidation,2026-03-27|275.0|call,1000.0,100000.0,0.0,0.0
2026-03-27,delta_theta,base_entry_option,2026-04-26|250.0|call,-1000.0,-100000.0,8.573546560393652,-857354.6560393652
2026-03-27,delta_theta,option,2026-04-30|250.0|call,1059.0,105900.0,9.198134911466965,974082.4871243517
2026-03-27,delta_theta,stock,STOCK,,-3300.0,248.8000030517578,-821040.0100708008
2026-03-30,delta_theta,option,2026-04-30|250.0|call,-1059.0,-105900.0,7.567940086034184,-801444.8551110202
2026-03-30,delta_theta,option,2026-05-03|245.0|call,1108.0,110800.0,10.387308685099995,1150913.8023090796
2026-03-30,delta_theta,stock,STOCK,,-12300.0,246.6300048828125,-3033549.0600585938
2026-03-31,delta_theta,option,2026-05-11|255.0|call,1203.0,120300.0,8.451044679920642,1016660.6749944532
2026-03-31,delta_theta,option,2026-05-03|245.0|call,-1108.0,-110800.0,13.278722699792127,-1471282.4751369676
2026-03-31,delta_theta,stock,STOCK,,15500.0,253.7899932861328,3933744.8959350586
2026-04-01,delta_theta,option,2026-05-11|255.0|call,-1203.0,-120300.0,9.0582586034121,-1089708.5099904756
2026-04-01,delta_theta,option,2026-05-04|260.0|call,1098.0,109800.0,5.938506158805211,652047.9762368122
2026-04-01,delta_theta,stock,STOCK,,17800.0,255.6300048828125,4550214.0869140625
2026-04-02,delta_theta,option,2026-05-11|255.0|call,1171.0,117100.0,8.879722852521212,1039815.546030234
2026-04-02,delta_theta,option,2026-05-04|260.0|call,-1098.0,-109800.0,5.736579888458749,-629876.4717527706
2026-04-02,delta_theta,stock,STOCK,,-15000.0,255.9199981689453,-3838799.9725341797
2026-04-06,delta_theta,option,2026-05-11|255.0|call,-1171.0,-117100.0,10.232822189203688,-1198263.4783557518
2026-04-06,delta_theta,option,2026-05-04|255.0|call,1011.0,101100.0,9.339075121037041,944180.4947368449
2026-04-06,delta_theta,stock,STOCK,,10000.0,258.8599853515625,2588599.853515625
2026-04-07,delta_theta,option,2026-05-17|255.0|call,1370.0,137000.0,8.368518260844283,1146487.0017356668
2026-04-07,delta_theta,option,2026-05-04|255.0|call,-1011.0,-101100.0,6.656809989497276,-673003.4899381746
2026-04-07,delta_theta,stock,STOCK,,-20400.0,253.5,-5171400.0
2026-04-08,delta_theta,option,2026-05-04|260.0|call,936.0,93600.0,5.5418884016208665,518720.7543917131
2026-04-08,delta_theta,option,2026-05-17|255.0|call,-1370.0,-137000.0,9.709016650438684,-1330135.2811100997
2026-04-08,delta_theta,stock,STOCK,,40000.0,258.8999938964844,10355999.755859375
2026-04-09,delta_theta,option,2026-05-01|260.0|call,761.0,76100.0,5.449530654583441,414709.28281379986
2026-04-09,delta_theta,option,2026-05-04|260.0|call,-936.0,-93600.0,5.815935116101059,-544371.5268670592
2026-04-09,delta_theta,stock,STOCK,,11300.0,260.489990234375,2943536.8896484375
2026-04-10,delta_theta,option,2026-05-01|260.0|call,-761.0,-76100.0,5.253270392996768,-399773.87690705404
2026-04-10,delta_theta,option,2026-05-16|260.0|call,939.0,93900.0,6.929739969387782,650702.5831255127
2026-04-10,delta_theta,stock,STOCK,,-9000.0,260.4800109863281,-2344320.098876953
2025-12-15,delta_gamma_vega,base_entry_option,2026-01-27|275.0|call,-1000.0,-100000.0,6.267894862124081,-626789.486212408
2025-12-15,delta_gamma_vega,option,2026-03-08|275.0|call,660.0,66000.0,9.225578173265632,608888.1594355317
2025-12-15,delta_gamma_vega,option,2025-12-22|270.0|call,270.0,27000.0,5.160456044074806,139332.31319001975
2025-12-15,delta_gamma_vega,stock,STOCK,,-4400.0,274.1099853515625,-1206083.935546875
2025-12-16,delta_gamma_vega,option,2026-03-08|275.0|call,-660.0,-66000.0,9.415631780906665,-621431.6975398399
2025-12-16,delta_gamma_vega,option,2026-03-09|275.0|call,640.0,64000.0,9.481569729739306,606820.4627033155
2025-12-16,delta_gamma_vega,option,2025-12-24|270.0|call,311.0,31100.0,5.692290636401424,177030.23879208427
2025-12-16,delta_gamma_vega,option,2025-12-22|270.0|call,-270.0,-27000.0,5.393707692941689,-145630.1077094256
2025-12-16,delta_gamma_vega,stock,STOCK,,-1700.0,274.6099853515625,-466836.97509765625
2025-12-17,delta_gamma_vega,option,2026-03-04|270.0|call,676.0,67600.0,10.741494978439931,726125.0605425393
2025-12-17,delta_gamma_vega,option,2026-03-09|275.0|call,-640.0,-64000.0,8.605074104017902,-550724.7426571457
2025-12-17,delta_gamma_vega,option,2025-12-24|270.0|call,-91.0,-9100.0,3.7296049302043457,-33939.40486485955
2025-12-17,delta_gamma_vega,stock,STOCK,,-1100.0,271.8399963378906,-299023.9959716797
2025-12-18,delta_gamma_vega,option,2025-12-25|270.0|call,235.0,23500.0,3.847925943355392,90426.25966885171
2025-12-18,delta_gamma_vega,option,2026-03-05|270.0|call,668.0,66800.0,10.571444213638955,706172.4734710822
2025-12-18,delta_gamma_vega,option,2026-03-04|270.0|call,-676.0,-67600.0,10.50298279708906,-710001.6370832205
2025-12-18,delta_gamma_vega,option,2025-12-24|270.0|call,-220.0,-22000.0,3.6595659249437062,-80510.45034876154
2025-12-18,delta_gamma_vega,stock,STOCK,,-1200.0,272.19000244140625,-326628.0029296875
2025-12-19,delta_gamma_vega,option,2025-12-25|270.0|call,-235.0,-23500.0,4.492575298692316,-105575.51951926942
2025-12-19,delta_gamma_vega,option,2026-03-05|270.0|call,-668.0,-66800.0,10.458296015934394,-698614.1738644175
2025-12-19,delta_gamma_vega,option,2025-12-26|270.0|call,302.0,30200.0,4.6386009907377,140085.74992027855
2025-12-19,delta_gamma_vega,option,2026-03-09|275.0|call,629.0,62900.0,7.970843916818183,501366.0823678637
2025-12-19,delta_gamma_vega,stock,STOCK,,2200.0,273.6700134277344,602074.0295410156
2025-12-22,delta_gamma_vega,option,2026-03-09|270.0|call,600.0,60000.0,8.475566282060242,508533.97692361457
2025-12-22,delta_gamma_vega,option,2025-12-26|270.0|call,-302.0,-30200.0,2.1550545440380233,-65082.64722994831
2025-12-22,delta_gamma_vega,option,2026-03-09|275.0|call,-629.0,-62900.0,6.059305084601164,-381130.2898214132
2025-12-22,delta_gamma_vega,option,2025-12-29|270.0|call,254.0,25400.0,2.6921960970611565,68381.78086535337
2025-12-22,delta_gamma_vega,stock,STOCK,,-2700.0,270.9700012207031,-731619.0032958984
2025-12-23,delta_gamma_vega,option,2026-03-09|270.0|call,-600.0,-60000.0,9.211279564306949,-552676.773858417
2025-12-23,delta_gamma_vega,option,2026-03-09|275.0|call,593.0,59300.0,6.618120652786601,392454.55471024546
2025-12-23,delta_gamma_vega,option,2025-12-29|270.0|call,-254.0,-25400.0,3.4212675598687383,-86900.19602066596
2025-12-23,delta_gamma_vega,option,2025-12-30|270.0|call,295.0,29500.0,3.5740888368447656,105435.62068692059
2025-12-23,delta_gamma_vega,stock,STOCK,,4100.0,272.3599853515625,1116675.9399414062
2025-12-24,delta_gamma_vega,option,2026-03-09|275.0|call,-2.0,-200.0,7.0213602174789855,-1404.272043495797
2025-12-24,delta_gamma_vega,option,2025-12-31|270.0|call,374.0,37400.0,4.584678156265028,171466.96304431205
2025-12-24,delta_gamma_vega,option,2025-12-30|270.0|call,-295.0,-29500.0,4.459185186649904,-131545.96300617218
2025-12-24,delta_gamma_vega,stock,STOCK,,-6300.0,273.80999755859375,-1725002.9846191406
2025-12-26,delta_gamma_vega,option,2026-01-02|270.0|call,371.0,37100.0,4.280656348940283,158812.35054568452
2025-12-26,delta_gamma_vega,option,2026-03-09|275.0|call,-19.0,-1900.0,6.756418402545478,-12837.194964836408
2025-12-26,delta_gamma_vega,option,2025-12-31|270.0|call,-374.0,-37400.0,4.008567172303458,-149920.41224414934
2025-12-26,delta_gamma_vega,stock,STOCK,,1100.0,273.3999938964844,300739.9932861328
2025-12-29,delta_gamma_vega,option,2026-01-02|270.0|call,-371.0,-37100.0,4.207041154775084,-156081.2268421556
2025-12-29,delta_gamma_vega,option,2026-03-21|275.0|call,494.0,49400.0,7.771659491934884,383919.97890158324
2025-12-29,delta_gamma_vega,option,2026-03-09|275.0|call,-572.0,-57200.0,7.050945659122249,-403314.0917017926
2025-12-29,delta_gamma_vega,option,2026-01-05|270.0|call,458.0,45800.0,4.626194845816855,211879.72393841195
2025-12-29,delta_gamma_vega,stock,STOCK,,-2700.0,273.760009765625,-739152.0263671875
2025-12-30,delta_gamma_vega,option,2026-01-06|270.0|call,396.0,39600.0,4.128960700087077,163506.84372344826
2025-12-30,delta_gamma_vega,option,2026-03-21|275.0|call,-494.0,-49400.0,7.434277989522542,-367253.3326824136
2025-12-30,delta_gamma_vega,option,2026-03-09|275.0|call,530.0,53000.0,6.708715391179737,355561.91573252605
2025-12-30,delta_gamma_vega,option,2026-01-05|270.0|call,-458.0,-45800.0,3.9814488163229953,-182350.35578759317
2025-12-30,delta_gamma_vega,stock,STOCK,,3100.0,273.0799865722656,846547.9583740234
2025-12-31,delta_gamma_vega,option,2026-01-06|270.0|call,-396.0,-39600.0,3.1991535512706264,-126686.4806303168
2025-12-31,delta_gamma_vega,option,2026-03-09|275.0|call,-530.0,-53000.0,6.353806341470715,-336751.7360979479
2025-12-31,delta_gamma_vega,option,2026-01-07|270.0|call,379.0,37900.0,3.368279809665495,127657.80478632226
2025-12-31,delta_gamma_vega,option,2026-03-18|270.0|call,485.0,48500.0,9.435141070202093,457604.3419048015
2025-12-31,delta_gamma_vega,stock,STOCK,,-1600.0,271.8599853515625,-434975.9765625
2026-01-02,delta_gamma_vega,option,2026-01-09|270.0|call,380.0,38000.0,2.778089644971658,105567.406508923
2026-01-02,delta_gamma_vega,option,2026-03-20|270.0|call,439.0,43900.0,8.713161316347396,382507.78178765066
2026-01-02,delta_gamma_vega,option,2026-01-07|270.0|call,-379.0,-37900.0,2.4254691120551115,-91925.27934688872
2026-01-02,delta_gamma_vega,option,2026-03-18|270.0|call,-485.0,-48500.0,8.591798653821371,-416702.2347103365
2026-01-02,delta_gamma_vega,stock,STOCK,,1500.0,271.010009765625,406515.0146484375
2026-01-05,delta_gamma_vega,option,2026-03-22|270.0|call,299.0,29900.0,6.862656488668222,205193.42901117983
2026-01-05,delta_gamma_vega,option,2026-01-09|270.0|call,-380.0,-38000.0,0.6539487610808408,-24850.05292107195
2026-01-05,delta_gamma_vega,option,2026-03-20|270.0|call,-439.0,-43900.0,6.741377968081807,-295946.4927987913
2026-01-05,delta_gamma_vega,option,2026-01-13|270.0|call,403.0,40300.0,1.2824484074336766,51682.670819577164
2026-01-05,delta_gamma_vega,stock,STOCK,,5400.0,267.260009765625,1443204.052734375
2026-01-06,delta_gamma_vega,option,2026-03-22|270.0|call,-299.0,-29900.0,4.631166546164806,-138471.8797303277
2026-01-06,delta_gamma_vega,option,2026-01-14|260.0|call,249.0,24900.0,3.743472939175888,93212.47618547961
2026-01-06,delta_gamma_vega,option,2026-03-23|260.0|put,173.0,17300.0,5.280829870101471,91358.35675275544
2026-01-06,delta_gamma_vega,option,2026-01-13|270.0|call,-403.0,-40300.0,0.206819879792576,-8334.841155640812
2026-01-06,delta_gamma_vega,stock,STOCK,,4900.0,262.3599853515625,1285563.9282226562
2026-01-07,delta_gamma_vega,option,2026-01-14|260.0|call,-249.0,-24900.0,2.4328916294759324,-60579.001573950714
2026-01-07,delta_gamma_vega,option,2026-01-18|260.0|call,221.0,22100.0,3.037715007185028,67133.50165878912
2026-01-07,delta_gamma_vega,option,2026-03-23|260.0|put,-74.0,-7400.0,6.3773708520721755,-47192.5443053341
2026-01-07,delta_gamma_vega,stock,STOCK,,-600.0,260.3299865722656,-156197.99194335938
2026-01-08,delta_gamma_vega,option,2026-03-26|260.0|put,68.0,6800.0,7.086938224644555,48191.179927582976
2026-01-08,delta_gamma_vega,option,2026-01-18|260.0|call,-221.0,-22100.0,2.2673576683780965,-50108.60447115593
2026-01-08,delta_gamma_vega,option,2026-01-19|260.0|call,178.0,17800.0,2.4060433779083468,42827.57212676857
2026-01-08,delta_gamma_vega,option,2026-03-23|260.0|put,-99.0,-9900.0,6.96803503695952,-68983.54686589925
2026-01-08,delta_gamma_vega,stock,STOCK,,300.0,259.0400085449219,77712.00256347656
2026-01-09,delta_gamma_vega,option,2026-03-26|260.0|put,-11.0,-1100.0,6.431547103206157,-7074.701813526773
2026-01-09,delta_gamma_vega,option,2026-01-19|260.0|call,-36.0,-3600.0,2.2588922106138796,-8132.011958209967
2026-01-09,delta_gamma_vega,stock,STOCK,,-300.0,259.3699951171875,-77810.99853515625
2026-01-12,delta_gamma_vega,option,2026-03-26|260.0|put,-57.0,-5700.0,6.206240082275087,-35375.568468968
2026-01-12,delta_gamma_vega,option,2026-03-25|260.0|put,62.0,6200.0,6.166387177586984,38231.6005010393
2026-01-12,delta_gamma_vega,option,2026-01-19|260.0|call,-10.0,-1000.0,2.3534589306678697,-2353.45893066787
2026-01-12,delta_gamma_vega,stock,STOCK,,-100.0,260.25,-26025.0
2026-01-13,delta_gamma_vega,option,2026-03-25|260.0|put,-62.0,-6200.0,6.170663127695022,-38258.111391709135
2026-01-13,delta_gamma_vega,option,2026-01-19|260.0|call,-132.0,-13200.0,2.7470598303405893,-36261.18976049578
2026-01-13,delta_gamma_vega,option,2026-01-20|260.0|call,177.0,17700.0,2.926200547633613,51793.74969311494
2026-01-13,delta_gamma_vega,option,2026-03-27|260.0|put,70.0,7000.0,6.256614117348207,43796.29882143745
2026-01-13,delta_gamma_vega,stock,STOCK,,-1800.0,261.04998779296875,-469889.97802734375
2026-01-14,delta_gamma_vega,option,2026-01-21|260.0|call,150.0,15000.0,2.4331333999809317,36497.00099971398
2026-01-14,delta_gamma_vega,option,2026-01-20|260.0|call,-177.0,-17700.0,2.2441309019052653,-39721.116963723194
2026-01-14,delta_gamma_vega,option,2026-03-27|260.0|put,-19.0,-1900.0,7.042495281250552,-13380.74103437605
2026-01-14,delta_gamma_vega,stock,STOCK,,900.0,259.9599914550781,233963.9923095703
2026-01-15,delta_gamma_vega,option,2026-01-22|260.0|call,75.0,7500.0,1.520138658393293,11401.039937949698
2026-01-15,delta_gamma_vega,option,2026-01-21|260.0|call,-150.0,-15000.0,1.351361781345119,-20270.426720176787
2026-01-15,delta_gamma_vega,option,2026-03-28|260.0|put,20.0,2000.0,7.459666721097719,14919.333442195437
2026-01-15,delta_gamma_vega,option,2026-03-27|260.0|put,-51.0,-5100.0,7.4180622279464075,-37832.117362526675
2026-01-15,delta_gamma_vega,stock,STOCK,,800.0,258.2099914550781,206567.9931640625
2026-01-16,delta_gamma_vega,option,2026-01-26|260.0|call,39.0,3900.0,1.0782958737786288,4205.353907736652
2026-01-16,delta_gamma_vega,option,2026-04-06|255.0|put,1.0,100.0,6.576679905556162,657.6679905556161
2026-01-16,delta_gamma_vega,option,2026-03-28|260.0|put,-20.0,-2000.0,8.845343812314127,-17690.687624628255
2026-01-16,delta_gamma_vega,option,2026-01-22|260.0|call,-75.0,-7500.0,0.5880415381372046,-4410.311536029035
2026-01-16,delta_gamma_vega,stock,STOCK,,-300.0,255.52999877929688,-76658.99963378906
2026-01-20,delta_gamma_vega,option,2026-01-27|245.0|put,1.0,100.0,1.8783600366672601,187.83600366672601
2026-01-20,delta_gamma_vega,option,2026-01-26|260.0|call,-39.0,-3900.0,0.05359867410381369,-209.03482900487342
2026-01-20,delta_gamma_vega,option,2026-04-06|255.0|put,-1.0,-100.0,13.056257325051405,-1305.6257325051406
2026-01-20,delta_gamma_vega,stock,STOCK,,500.0,246.6999969482422,123349.9984741211
2026-01-21,delta_gamma_vega,option,2026-01-27|245.0|put,-1.0,-100.0,1.005237725868625,-100.52377258686249
2026-01-27,delta_gamma_vega,option_liquidation,2026-01-27|275.0|call,1000.0,100000.0,0.0,0.0
2026-01-27,delta_gamma_vega,base_entry_option,2026-02-26|260.0|call,-1000.0,-100000.0,4.328717603809082,-432871.7603809082
2026-01-27,delta_gamma_vega,option,2026-04-14|260.0|call,511.0,51100.0,7.824917348884426,399853.2765279942
2026-01-27,delta_gamma_vega,option,2026-02-04|260.0|call,359.0,35900.0,1.7781567316956028,63835.82666787214
2026-01-27,delta_gamma_vega,stock,STOCK,,6600.0,258.2699890136719,1704581.9274902344
2026-01-28,delta_gamma_vega,option,2026-02-07|260.0|call,460.0,46000.0,1.4149265434726885,65086.620999743674
2026-01-28,delta_gamma_vega,option,2026-04-14|260.0|call,-511.0,-51100.0,6.876137311187151,-351370.6166016634
2026-01-28,delta_gamma_vega,option,2026-04-17|255.0|call,453.0,45300.0,9.512651690783429,430923.1215924893
2026-01-28,delta_gamma_vega,option,2026-02-04|260.0|call,-359.0,-35900.0,0.998333479914308,-35840.17192892366
2026-01-28,delta_gamma_vega,stock,STOCK,,-6300.0,256.44000244140625,-1615572.0153808594
2026-01-29,delta_gamma_vega,option,2026-04-16|260.0|call,481.0,48100.0,8.086958179302442,388982.6884244475
2026-01-29,delta_gamma_vega,option,2026-04-17|255.0|call,-453.0,-45300.0,10.808267525245782,-489614.5188936339
2026-01-29,delta_gamma_vega,option,2026-02-06|260.0|call,386.0,38600.0,1.8603871023245802,71810.9421497288
2026-01-29,delta_gamma_vega,option,2026-02-07|260.0|call,-460.0,-46000.0,2.02219775063044,-93021.09652900024
2026-01-29,delta_gamma_vega,stock,STOCK,,6400.0,258.2799987792969,1652991.9921875
2026-01-30,delta_gamma_vega,option,2026-02-07|260.0|call,392.0,39200.0,2.477195925930573,97106.08029647847
2026-01-30,delta_gamma_vega,option,2026-04-17|260.0|call,468.0,46800.0,8.973483110031538,419959.009549476
2026-01-30,delta_gamma_vega,option,2026-02-06|260.0|call,-386.0,-38600.0,2.2943426338091655,-88561.62566503379
2026-01-30,delta_gamma_vega,option,2026-04-16|260.0|call,-481.0,-48100.0,8.906166092953754,-428386.58907107555
2026-01-30,delta_gamma_vega,stock,STOCK,,300.0,259.4800109863281,77844.00329589844
2026-02-02,delta_gamma_vega,option,2026-04-17|260.0|call,-468.0,-46800.0,15.0578084215677,-704705.4341293683
2026-02-02,delta_gamma_vega,option,2026-04-20|270.0|call,265.0,26500.0,9.066596693021182,240264.81236506134
2026-02-02,delta_gamma_vega,option,2026-02-10|270.0|call,273.0,27300.0,2.67284113407689,72968.5629602991
2026-02-02,delta_gamma_vega,option,2026-02-07|260.0|call,-392.0,-39200.0,10.161579003331696,-398333.89693060244
2026-02-02,delta_gamma_vega,stock,STOCK,,47500.0,270.010009765625,12825475.463867188
2026-02-03,delta_gamma_vega,option,2026-02-10|270.0|call,-273.0,-27300.0,2.474953268404491,-67566.2242274426
2026-02-03,delta_gamma_vega,option,2026-02-11|270.0|call,314.0,31400.0,2.670742824537882,83861.3246904895
2026-02-03,delta_gamma_vega,option,2026-04-20|270.0|call,17.0,1700.0,9.54138657443039,16220.357176531665
2026-02-03,delta_gamma_vega,stock,STOCK,,-4700.0,269.4800109863281,-1266556.0516357422
2026-02-04,delta_gamma_vega,option,2026-04-22|275.0|call,157.0,15700.0,11.247109030475741,176579.61177846915
2026-02-04,delta_gamma_vega,option,2026-02-11|275.0|call,170.0,17000.0,3.7129054570356175,63119.392769605496
2026-02-04,delta_gamma_vega,option,2026-02-11|270.0|call,-314.0,-31400.0,7.294651658560355,-229052.06207879513
2026-02-04,delta_gamma_vega,option,2026-04-20|270.0|call,-282.0,-28200.0,14.019051661950101,-395337.25686699286
2026-02-04,delta_gamma_vega,stock,STOCK,,22800.0,276.489990234375,6303971.77734375
2026-02-05,delta_gamma_vega,option,2026-04-22|275.0|call,39.0,3900.0,12.407163364940573,48387.93712326823
2026-02-05,delta_gamma_vega,option,2026-02-11|275.0|call,-170.0,-17000.0,3.583609467874055,-60921.36095385894
2026-02-05,delta_gamma_vega,option,2026-02-12|275.0|call,225.0,22500.0,3.8395430567135236,86389.71877605429
2026-02-05,delta_gamma_vega,stock,STOCK,,-8000.0,275.9100036621094,-2207280.029296875
2026-02-06,delta_gamma_vega,option,2026-04-22|275.0|call,-196.0,-19600.0,12.920325417566772,-253238.37818430873
2026-02-06,delta_gamma_vega,option,2026-04-21|280.0|call,124.0,12400.0,10.253359958311279,127141.66348305986
2026-02-06,delta_gamma_vega,option,2026-02-12|275.0|call,-225.0,-22500.0,4.774463515841035,-107425.42910642328
2026-02-06,delta_gamma_vega,option,2026-02-14|280.0|call,179.0,17900.0,2.548211233315797,45612.98107635277
2026-02-06,delta_gamma_vega,stock,STOCK,,14000.0,278.1199951171875,3893679.931640625
2026-02-09,delta_gamma_vega,option,2026-02-19|270.0|call,267.0,26700.0,6.112761697240387,163210.73731631832
2026-02-09,delta_gamma_vega,option,2026-04-21|280.0|call,-124.0,-12400.0,6.866109090470658,-85139.75272183616
2026-02-09,delta_gamma_vega,option,2026-04-26|275.0|call,74.0,7400.0,9.475703019280388,70120.20234267488
2026-02-09,delta_gamma_vega,option,2026-02-14|280.0|call,-179.0,-17900.0,0.5199340997894097,-9306.820386230434
2026-02-09,delta_gamma_vega,stock,STOCK,,-9000.0,274.6199951171875,-2471579.9560546875
2026-02-10,delta_gamma_vega,option,2026-02-19|270.0|call,-267.0,-26700.0,5.341836426580585,-142627.03258970162
2026-02-10,delta_gamma_vega,option,2026-04-26|275.0|call,1.0,100.0,9.12800493501706,912.800493501706
2026-02-10,delta_gamma_vega,option,2026-02-20|270.0|call,293.0,29300.0,5.502767226865899,161231.07974717085
2026-02-10,delta_gamma_vega,stock,STOCK,,-1700.0,273.67999267578125,-465255.9875488281
2026-02-11,delta_gamma_vega,option,2026-04-29|275.0|call,60.0,6000.0,10.179697028118255,61078.18216870953
2026-02-11,delta_gamma_vega,option,2026-02-19|275.0|call,164.0,16400.0,3.194266494805049,52385.97051480281
2026-02-11,delta_gamma_vega,option,2026-04-26|275.0|call,-75.0,-7500.0,9.961561797716342,-74711.71348287257
2026-02-11,delta_gamma_vega,option,2026-02-20|270.0|call,-293.0,-29300.0,6.677764856075697,-195658.51028301794
2026-02-11,delta_gamma_vega,stock,STOCK,,14900.0,275.5,4104950.0
2026-02-12,delta_gamma_vega,option,2026-04-29|275.0|call,-60.0,-6000.0,5.6593897202591705,-33956.33832155502
2026-02-12,delta_gamma_vega,option,2026-02-19|275.0|call,-164.0,-16400.0,0.14528603183430988,-2382.690922082682
2026-02-12,delta_gamma_vega,option,2026-02-20|260.0|call,694.0,69400.0,4.220689816479904,292915.87326370535
2026-02-12,delta_gamma_vega,option,2026-04-29|260.0|call,205.0,20500.0,11.785471386468316,241602.16342260048
2026-02-12,delta_gamma_vega,stock,STOCK,,-77800.0,261.7300109863281,-20362594.854736328
2026-02-13,delta_gamma_vega,option,2026-02-22|255.0|call,734.0,73400.0,3.7730408640316284,276941.1994199215
2026-02-13,delta_gamma_vega,option,2026-05-04|255.0|put,133.0,13300.0,8.72926167198952,116099.1802374606
2026-02-13,delta_gamma_vega,option,2026-04-29|260.0|call,-205.0,-20500.0,8.506861184191763,-174390.65427593113
2026-02-13,delta_gamma_vega,option,2026-02-20|260.0|call,-694.0,-69400.0,1.3206257872204077,-91651.4296330963
2026-02-13,delta_gamma_vega,stock,STOCK,,-4400.0,255.77999877929688,-1125431.9946289062
2026-02-17,delta_gamma_vega,option,2026-02-22|255.0|call,-734.0,-73400.0,9.182404564248117,-673988.4950158118
2026-02-17,delta_gamma_vega,option,2026-05-04|255.0|put,-133.0,-13300.0,5.399160727191926,-71808.83767165263
2026-02-17,delta_gamma_vega,option,2026-02-24|260.0|call,883.0,88300.0,5.363492086018908,473596.3511954696
2026-02-17,delta_gamma_vega,option,2026-05-03|260.0|call,78.0,7800.0,12.746742605759124,99424.59232492116
2026-02-17,delta_gamma_vega,stock,STOCK,,1000.0,263.8800048828125,263880.0048828125
2026-02-18,delta_gamma_vega,option,2026-05-11|265.0|call,36.0,3600.0,10.530402927399763,37909.45053863915
2026-02-18,delta_gamma_vega,option,2026-02-25|260.0|call,945.0,94500.0,5.626752663000644,531728.1266535609
2026-02-18,delta_gamma_vega,option,2026-02-24|260.0|call,-883.0,-88300.0,5.440475155672573,-480393.9562458882
2026-02-18,delta_gamma_vega,option,2026-05-03|260.0|call,-78.0,-7800.0,12.654055936131272,-98701.63630182392
2026-02-18,delta_gamma_vega,stock,STOCK,,-700.0,264.3500061035156,-185045.00427246094
2026-02-19,delta_gamma_vega,option,2026-05-07|260.0|call,-48.0,-4800.0,10.919430598891978,-52413.266874681496
2026-02-19,delta_gamma_vega,option,2026-05-11|265.0|call,-36.0,-3600.0,8.890599919784037,-32006.159711222535
2026-02-19,delta_gamma_vega,option,2026-02-27|260.0|call,1084.0,108400.0,3.468968531353852,376036.18879875756
2026-02-19,delta_gamma_vega,option,2026-02-25|260.0|call,-945.0,-94500.0,3.031255996958066,-286453.69171253726
2026-02-19,delta_gamma_vega,stock,STOCK,,-2700.0,260.5799865722656,-703565.9637451172
2026-02-20,delta_gamma_vega,option,2026-05-07|260.0|call,48.0,4800.0,12.699811700357088,60959.09616171403
2026-02-20,delta_gamma_vega,option,2026-02-28|260.0|call,1112.0,111200.0,5.9083363682012475,657007.0041439787
2026-02-20,delta_gamma_vega,option,2026-05-14|265.0|call,-75.0,-7500.0,10.453800541515108,-78403.5040613633
2026-02-20,delta_gamma_vega,option,2026-02-27|260.0|call,-1084.0,-108400.0,5.738346679748588,-622036.7800847469
2026-02-20,delta_gamma_vega,stock,STOCK,,400.0,264.5799865722656,105831.99462890625
2026-02-23,delta_gamma_vega,option,2026-02-28|260.0|call,-1112.0,-111200.0,6.846516903797692,-761332.6797023034
2026-02-23,delta_gamma_vega,option,2026-03-06|265.0|call,977.0,97700.0,4.587411112763903,448190.0657170333
2026-02-23,delta_gamma_vega,option,2026-05-09|270.0|put,-279.0,-27900.0,11.407451383816408,-318267.8936084778
2026-02-23,delta_gamma_vega,option,2026-05-14|265.0|call,75.0,7500.0,12.084036948698724,90630.27711524043
2026-02-23,delta_gamma_vega,stock,STOCK,,21500.0,266.17999267578125,5722869.842529297
2026-02-24,delta_gamma_vega,option,2026-03-06|265.0|call,-977.0,-97700.0,8.317670098425594,-812636.3686161806
2026-02-24,delta_gamma_vega,option,2026-05-12|270.0|put,-4.0,-400.0,7.999696575697172,-3199.8786302788685
2026-02-24,delta_gamma_vega,option,2026-05-09|270.0|put,279.0,27900.0,7.833474378273053,218553.93515381817
2026-02-24,delta_gamma_vega,option,2026-03-05|270.0|call,15.0,1500.0,4.596059548670951,6894.089323006427
2026-02-24,delta_gamma_vega,stock,STOCK,,78700.0,272.1400146484375,21417419.15283203
2026-02-25,delta_gamma_vega,option,2026-05-12|270.0|put,4.0,400.0,6.337661692412638,2535.0646769650552
2026-02-25,delta_gamma_vega,option,2026-03-05|270.0|call,-15.0,-1500.0,5.5925931137979035,-8388.889670696855
2026-02-25,delta_gamma_vega,stock,STOCK,,1200.0,274.2300109863281,329076.01318359375
2026-02-26,delta_gamma_vega,option_liquidation,2026-02-26|260.0|call,1000.0,100000.0,12.95001220703125,1295001.220703125
2026-02-26,delta_gamma_vega,stock_liquidation,STOCK,,-100000.0,272.95001220703125,-27295001.220703125
2026-02-26,delta_gamma_vega,base_entry_option,2026-03-27|275.0|call,-1000.0,-100000.0,5.07873293180873,-507873.29318087304
2026-02-26,delta_gamma_vega,option,2026-03-06|275.0|call,368.0,36800.0,2.1466471602259816,78996.61549631612
2026-02-26,delta_gamma_vega,option,2026-05-12|270.0|call,519.0,51900.0,11.768417951470013,610780.8916812937
2026-02-26,delta_gamma_vega,stock,STOCK,,1300.0,272.95001220703125,354835.0158691406
2026-02-27,delta_gamma_vega,option,2026-03-06|265.0|call,285.0,28500.0,2.550574216788476,72691.36517847158
2026-02-27,delta_gamma_vega,option,2026-05-20|265.0|call,391.0,39100.0,10.555055320479823,412702.6630307611
2026-02-27,delta_gamma_vega,option,2026-05-12|270.0|call,-519.0,-51900.0,7.744532980198116,-401941.26167228224
2026-02-27,delta_gamma_vega,option,2026-03-06|275.0|call,-368.0,-36800.0,0.24977907272394617,-9191.869876241219
2026-02-27,delta_gamma_vega,stock,STOCK,,-9800.0,264.17999267578125,-2588963.9282226562
2026-03-02,delta_gamma_vega,option,2026-03-06|265.0|call,-285.0,-28500.0,2.243301130808689,-63934.082228047635
2026-03-02,delta_gamma_vega,option,2026-05-20|265.0|call,-17.0,-1700.0,11.400505116674822,-19380.858698347198
2026-03-02,delta_gamma_vega,option,2026-03-09|265.0|call,323.0,32300.0,3.038633737705368,98147.86972788339
2026-03-02,delta_gamma_vega,stock,STOCK,,-700.0,264.7200012207031,-185304.0008544922
2026-03-03,delta_gamma_vega,option,2026-03-16|260.0|call,534.0,53400.0,6.921934326663035,369631.29304380604
2026-03-03,delta_gamma_vega,option,2026-05-21|265.0|put,253.0,25300.0,11.431609073730385,289219.7095653787
2026-03-03,delta_gamma_vega,option,2026-05-20|265.0|call,-374.0,-37400.0,11.862806532552781,-443668.96431747405
2026-03-03,delta_gamma_vega,option,2026-03-09|265.0|call,-323.0,-32300.0,2.6239436848056954,-84753.38101922396
2026-03-03,delta_gamma_vega,stock,STOCK,,13400.0,263.75,3534250.0
2026-03-04,delta_gamma_vega,option,2026-03-17|260.0|call,469.0,46900.0,5.689787176319783,266851.0185693978
2026-03-04,delta_gamma_vega,option,2026-05-19|260.0|put,217.0,21700.0,8.221182062193975,178399.65074960925
2026-03-04,delta_gamma_vega,option,2026-03-16|260.0|call,-534.0,-53400.0,5.51811873852688,-294667.5406373354
2026-03-04,delta_gamma_vega,option,2026-05-21|265.0|put,-253.0,-25300.0,10.782099726427873,-272787.1230786252
2026-03-04,delta_gamma_vega,stock,STOCK,,-2900.0,262.5199890136719,-761307.9681396484
2026-03-05,delta_gamma_vega,option,2026-03-17|260.0|call,-469.0,-46900.0,4.712109110488058,-220997.9172818899
2026-03-05,delta_gamma_vega,option,2026-05-21|260.0|put,186.0,18600.0,10.465160217242854,194651.98004071708
2026-03-05,delta_gamma_vega,option,2026-05-19|260.0|put,-217.0,-21700.0,10.332839776613966,-224222.62315252307
2026-03-05,delta_gamma_vega,option,2026-03-18|260.0|call,442.0,44200.0,4.906644324973229,216873.6791638167
2026-03-05,delta_gamma_vega,stock,STOCK,,2900.0,260.2900085449219,754841.0247802734
2026-03-06,delta_gamma_vega,option,2026-05-21|260.0|put,-186.0,-18600.0,14.494394504368046,-269595.73778124567
2026-03-06,delta_gamma_vega,option,2026-05-21|260.0|call,255.0,25500.0,13.61200978644817,347106.24955442833
2026-03-06,delta_gamma_vega,option,2026-03-14|260.0|call,343.0,34300.0,3.3839925236461426,116070.9435610627
2026-03-06,delta_gamma_vega,option,2026-03-18|260.0|call,-442.0,-44200.0,4.42083083737792,-195400.72301210408
2026-03-06,delta_gamma_vega,stock,STOCK,,-12400.0,257.4599914550781,-3192503.8940429688
2026-03-09,delta_gamma_vega,option,2026-05-20|260.0|put,135.0,13500.0,11.124215571366378,150176.9102134461
2026-03-09,delta_gamma_vega,option,2026-05-21|260.0|call,-255.0,-25500.0,12.679604705428545,-323329.9199884279
2026-03-09,delta_gamma_vega,option,2026-03-14|260.0|call,-343.0,-34300.0,3.0475347179998096,-104530.44082739347
2026-03-09,delta_gamma_vega,option,2026-03-21|260.0|call,465.0,46500.0,4.8238585949815445,224309.4246666418
2026-03-09,delta_gamma_vega,stock,STOCK,,8000.0,259.8800048828125,2079040.0390625
2026-03-10,delta_gamma_vega,option,2026-03-20|260.0|call,443.0,44300.0,4.792563773348178,212310.57515932427
2026-03-10,delta_gamma_vega,option,2026-05-20|260.0|put,-135.0,-13500.0,10.368425120622774,-139973.73912840744
2026-03-10,delta_gamma_vega,option,2026-05-26|260.0|put,150.0,15000.0,10.795273396171154,161929.1009425673
2026-03-10,delta_gamma_vega,option,2026-03-21|260.0|call,-465.0,-46500.0,5.0133372894883905,-233120.18396121016
2026-03-10,delta_gamma_vega,stock,STOCK,,500.0,260.8299865722656,130414.99328613281
2026-03-11,delta_gamma_vega,option,2026-03-20|260.0|call,-34.0,-3400.0,4.43801495336163,-15089.250841429544
2026-03-11,delta_gamma_vega,option,2026-05-27|260.0|put,144.0,14400.0,10.466799821013339,150721.9174225921
2026-03-11,delta_gamma_vega,option,2026-05-26|260.0|put,-150.0,-15000.0,10.399214132774958,-155988.21199162435
2026-03-11,delta_gamma_vega,stock,STOCK,,-100.0,260.80999755859375,-26080.999755859375
2026-03-12,delta_gamma_vega,option,2026-03-20|260.0|call,-409.0,-40900.0,2.411243865689812,-98619.87410671331
2026-03-12,delta_gamma_vega,option,2026-03-21|255.0|call,315.0,31500.0,4.816269826772867,151712.49954334533
2026-03-12,delta_gamma_vega,option,2026-05-20|255.0|put,103.0,10300.0,11.096013808418974,114288.94222671543
2026-03-12,delta_gamma_vega,option,2026-05-27|260.0|put,-144.0,-14400.0,14.3055125064555,-205999.3800929592
2026-03-12,delta_gamma_vega,stock,STOCK,,-2000.0,255.75999450683594,-511519.9890136719
2026-03-13,delta_gamma_vega,option,2026-05-25|250.0|put,52.0,5200.0,11.415538104146464,59360.79814156161
2026-03-13,delta_gamma_vega,option,2026-03-21|255.0|call,-315.0,-31500.0,2.108241220867555,-66409.59845732799
2026-03-13,delta_gamma_vega,option,2026-05-20|255.0|put,-103.0,-10300.0,13.758221067635645,-141709.67699664715
2026-03-13,delta_gamma_vega,option,2026-03-21|250.0|call,157.0,15700.0,4.116342607268564,64626.57893411645
2026-03-13,delta_gamma_vega,stock,STOCK,,500.0,250.1199951171875,125059.99755859375
2026-03-16,delta_gamma_vega,option,2026-03-24|255.0|call,113.0,11300.0,2.5819089422023467,29175.571046886518
2026-03-16,delta_gamma_vega,option,2026-05-25|250.0|put,-52.0,-5200.0,8.431039436745948,-43841.40507107893
2026-03-16,delta_gamma_vega,option,2026-05-29|255.0|put,17.0,1700.0,11.132711446532838,18925.609459105824
2026-03-16,delta_gamma_vega,option,2026-03-21|250.0|call,-157.0,-15700.0,4.4395127511400005,-69700.35019289801
2026-03-16,delta_gamma_vega,stock,STOCK,,-200.0,252.82000732421875,-50564.00146484375
2026-03-17,delta_gamma_vega,option,2026-03-24|255.0|call,-19.0,-1900.0,2.811612747374866,-5342.064220012246
2026-03-17,delta_gamma_vega,option,2026-05-29|255.0|put,-17.0,-1700.0,9.856281598856569,-16755.678718056166
2026-03-17,delta_gamma_vega,option,2026-05-21|255.0|put,17.0,1700.0,9.347997991213575,15891.596585063076
2026-03-17,delta_gamma_vega,stock,STOCK,,-100.0,254.22999572753906,-25422.999572753906
2026-03-18,delta_gamma_vega,option,2026-03-24|255.0|call,-94.0,-9400.0,1.335251207293382,-12551.36134855779
2026-03-18,delta_gamma_vega,option,2026-03-26|250.0|call,57.0,5700.0,3.7169823540993434,21186.799418366256
2026-03-18,delta_gamma_vega,option,2026-05-29|250.0|put,3.0,300.0,10.48351854445609,3145.0555633368267
2026-03-18,delta_gamma_vega,option,2026-05-21|255.0|put,-17.0,-1700.0,12.648655676148621,-21502.714649452657
2026-03-18,delta_gamma_vega,stock,STOCK,,-200.0,249.94000244140625,-49988.00048828125
2026-03-19,delta_gamma_vega,option,2026-05-29|250.0|put,-3.0,-300.0,10.424827728957851,-3127.4483186873554
2026-03-19,delta_gamma_vega,option,2026-03-27|250.0|call,25.0,2500.0,3.090900907851548,7727.252269628871
2026-03-19,delta_gamma_vega,option,2026-03-26|250.0|call,-57.0,-5700.0,2.8534171808877176,-16264.47793105999
2026-03-19,delta_gamma_vega,stock,STOCK,,1000.0,248.9600067138672,248960.0067138672
2026-03-20,delta_gamma_vega,option,2026-03-28|250.0|call,27.0,2700.0,3.0512910165682854,8238.485744734371
2026-03-20,delta_gamma_vega,option,2026-06-05|250.0|call,-1.0,-100.0,12.170638225586742,-1217.0638225586742
2026-03-20,delta_gamma_vega,option,2026-03-27|250.0|call,-25.0,-2500.0,2.7924875457041765,-6981.2188642604415
2026-03-23,delta_gamma_vega,option,2026-06-05|250.0|call,1.0,100.0,13.48911898776862,1348.911898776862
2026-03-23,delta_gamma_vega,option,2026-06-08|250.0|call,-1.0,-100.0,13.767157602167202,-1376.7157602167204
2026-03-23,delta_gamma_vega,option,2026-03-31|250.0|call,8.0,800.0,4.72179508634801,3777.436069078408
2026-03-23,delta_gamma_vega,option,2026-03-28|250.0|call,-27.0,-2700.0,3.889520679415739,-10501.705834422495
2026-03-23,delta_gamma_vega,stock,STOCK,,500.0,251.49000549316406,125745.00274658203
2026-03-24,delta_gamma_vega,option,2026-04-02|250.0|put,4.0,400.0,3.3438504324269616,1337.5401729707846
2026-03-24,delta_gamma_vega,option,2026-06-09|250.0|put,-1.0,-100.0,10.948728865750184,-1094.8728865750184
2026-03-24,delta_gamma_vega,option,2026-06-08|250.0|call,1.0,100.0,14.130656671889511,1413.065667188951
2026-03-24,delta_gamma_vega,option,2026-03-31|250.0|call,-8.0,-800.0,4.659202183950924,-3727.3617471607395
2026-03-24,delta_gamma_vega,stock,STOCK,,400.0,251.63999938964844,100655.99975585938
2026-03-25,delta_gamma_vega,option,2026-04-02|250.0|put,-4.0,-400.0,2.497423509354846,-998.9694037419383
2026-03-25,delta_gamma_vega,option,2026-06-09|250.0|put,1.0,100.0,9.729238605703728,972.9238605703728
2026-03-25,delta_gamma_vega,stock,STOCK,,-100.0,252.6199951171875,-25261.99951171875
2026-03-27,delta_gamma_vega,option_liquidation,2026-03-27|275.0|call,1000.0,100000.0,0.0,0.0
2026-03-27,delta_gamma_vega,base_entry_option,2026-04-26|250.0|call,-1000.0,-100000.0,8.573546560393652,-857354.6560393652
2026-03-27,delta_gamma_vega,option,2026-04-04|250.0|call,350.0,35000.0,4.030827043725836,141078.94653040424
2026-03-27,delta_gamma_vega,option,2026-06-12|250.0|call,513.0,51300.0,14.548817752715223,746354.350714291
2026-03-27,delta_gamma_vega,stock,STOCK,,6800.0,248.8000030517578,1691840.0207519531
2026-03-30,delta_gamma_vega,option,2026-04-04|250.0|call,-350.0,-35000.0,2.120582819773503,-74220.3986920726
2026-03-30,delta_gamma_vega,option,2026-06-13|250.0|call,489.0,48900.0,13.042075925293034,637757.5127468293
2026-03-30,delta_gamma_vega,option,2026-04-06|245.0|call,361.0,36100.0,5.062487299011593,182755.79149431852
2026-03-30,delta_gamma_vega,option,2026-06-12|250.0|call,-513.0,-51300.0,12.936641542861125,-663649.7111487756
2026-03-30,delta_gamma_vega,stock,STOCK,,-6200.0,246.6300048828125,-1529106.0302734375
2026-03-31,delta_gamma_vega,option,2026-06-13|250.0|call,-489.0,-48900.0,14.443851657392656,-706304.3460465008
2026-03-31,delta_gamma_vega,option,2026-04-06|245.0|call,-361.0,-36100.0,9.458897922818977,-341466.2150137651
2026-03-31,delta_gamma_vega,option,2026-04-10|250.0|call,499.0,49900.0,6.477675040296873,323235.98451081396
2026-03-31,delta_gamma_vega,option,2026-06-21|255.0|call,380.0,38000.0,12.56303126582256,477395.18810125726
2026-03-31,delta_gamma_vega,stock,STOCK,,7800.0,253.7899932861328,1979561.947631836
2026-04-01,delta_gamma_vega,option,2026-04-08|255.0|call,365.0,36500.0,3.826544701433363,139668.88160231776
2026-04-01,delta_gamma_vega,option,2026-04-10|250.0|call,-499.0,-49900.0,7.4564260122410815,-372075.65801082994
2026-04-01,delta_gamma_vega,option,2026-06-21|255.0|call,28.0,2800.0,13.123324026922234,36745.307275382256
2026-04-01,delta_gamma_vega,stock,STOCK,,15100.0,255.6300048828125,3860013.0737304688
2026-04-02,delta_gamma_vega,option,2026-04-09|255.0|call,374.0,37400.0,3.894391505536987,145650.24230708333
2026-04-02,delta_gamma_vega,option,2026-04-08|255.0|call,-365.0,-36500.0,3.6351084911194107,-132681.45992585848
2026-04-02,delta_gamma_vega,option,2026-06-21|255.0|call,-17.0,-1700.0,12.880992171915267,-21897.686692255953
2026-04-02,delta_gamma_vega,stock,STOCK,,1000.0,255.9199981689453,255919.9981689453
2026-04-06,delta_gamma_vega,option,2026-04-09|255.0|call,-374.0,-37400.0,4.71336940408932,-176280.01571294057
2026-04-06,delta_gamma_vega,option,2026-04-14|260.0|call,411.0,41100.0,3.204410280055413,131701.26251027748
2026-04-06,delta_gamma_vega,option,2026-06-21|260.0|call,278.0,27800.0,11.803615000862877,328140.497023988
2026-04-06,delta_gamma_vega,option,2026-06-21|255.0|call,-391.0,-39100.0,14.417978080147066,-563742.9429337502
2026-04-06,delta_gamma_vega,stock,STOCK,,16500.0,258.8599853515625,4271189.758300781
2026-04-07,delta_gamma_vega,option,2026-06-22|255.0|call,263.0,26300.0,12.130695301420388,319037.28642735624
2026-04-07,delta_gamma_vega,option,2026-04-14|260.0|call,-411.0,-41100.0,1.3133255989237398,-53977.6821157657
2026-04-07,delta_gamma_vega,option,2026-06-21|260.0|call,-278.0,-27800.0,9.896551543449817,-275124.1329079049
2026-04-07,delta_gamma_vega,option,2026-04-17|250.0|call,640.0,64000.0,6.370386941882714,407704.7642804937
2026-04-07,delta_gamma_vega,stock,STOCK,,-34500.0,253.5,-8745750.0
2026-04-08,delta_gamma_vega,option,2026-06-23|260.0|call,222.0,22200.0,10.326757816657832,229254.02352980388
2026-04-08,delta_gamma_vega,option,2026-06-22|255.0|call,-263.0,-26300.0,12.906154518143722,-339431.8638271799
2026-04-08,delta_gamma_vega,option,2026-04-17|250.0|call,-640.0,-64000.0,9.687243798882378,-619983.6031284721
2026-04-08,delta_gamma_vega,option,2026-04-16|260.0|call,408.0,40800.0,2.750409242919403,112216.69711111164
2026-04-08,delta_gamma_vega,stock,STOCK,,41800.0,258.8999938964844,10822019.744873047
2026-04-09,delta_gamma_vega,option,2026-06-23|260.0|call,-222.0,-22200.0,10.363190922907279,-230062.8384885416
2026-04-09,delta_gamma_vega,option,2026-06-25|260.0|call,167.0,16700.0,10.511999345481541,175550.38906954174
2026-04-09,delta_gamma_vega,option,2026-04-17|260.0|call,348.0,34800.0,3.3075638082685543,115103.2205277457
2026-04-09,delta_gamma_vega,option,2026-04-16|260.0|call,-408.0,-40800.0,3.1032540248181704,-126612.76421258136
2026-04-09,delta_gamma_vega,stock,STOCK,,8300.0,260.489990234375,2162066.9189453125
2026-04-10,delta_gamma_vega,option,2026-06-25|260.0|call,-19.0,-1900.0,10.309823699018068,-19588.665028134328
2026-04-10,delta_gamma_vega,option,2026-04-17|260.0|call,-348.0,-34800.0,3.0611614320192757,-106528.41783427079
2026-04-10,delta_gamma_vega,option,2026-04-18|260.0|call,349.0,34900.0,3.262917556947201,113875.82273745732
2026-04-10,delta_gamma_vega,stock,STOCK,,2000.0,260.4800109863281,520960.02197265625
